FID;data_conse;data_inver;dia_semana;horario;fase_dia;sentido_vi;condicao_m;vl_br;nm_tipo_tr;vl_km_inic;vl_km_fina;vl_extensa;ds_superfi;ds_legenda;Dist_km;TIPO;S_med;S_sd;CV_med;CV_sd;P_AREA;P_PERIM;P_FRACDIM;P_PERARAT;P_COMPAC;PBOX_AREA;PBOX_PERIM;PBOX_LEN;PBOX_WIDTH;POL_ANGLE;PELLIP_FIT;PGYRATIUS;POLRADIUS;PCIRCLE;PSAHPEIDX;PDENSITY;PRECTFIT;Lat;Long;causa_acid;tipo_acide;Acidente
132;79.00;42814;2;0.2292;1;1;2;60;4;304.4;328.0;23.6;1;1;23.77;0;2.9372;1.3469;-0.0011;0.0057;713104.7720;47600.3187;0.3996;0.0668;0.0001;258673504.2000;64668.2129;17810.2531;17810.2531;0.9189;0.0154;6328.9865;11637.6791;0.9983;14.0920;61.2755;0.0160;-17.5145;-50.4802;Pista Escorregadia;Capotamento;1-Acidente
133;79.00;42814;2;0.5278;2;1;3;70;4;0.0;4.0;4.0;1;1;5.30;1;8.5078;4.8424;-0.0042;0.0108;158945.6262;10656.3751;0.3872;0.0670;0.0002;9340310.2860;12239.0755;3207.6719;3207.6719;-0.8241;0.0216;1214.6194;2295.3066;0.9904;6.6823;69.2481;0.0261;-15.7686;-48.2298;Pista Escorregadia;Saida de leito carrocavel;1-Acidente
134;80.00;42815;3;0.6042;2;1;2;60;4;61.8;94.2;32.4;1;1;31.79;0;6.6435;3.5155;-0.0006;0.0082;953746.2467;63643.8595;0.4017;0.0667;0.0001;420980145.4000;82611.9925;18293.7215;18293.7215;-0.9114;0.0073;7780.6829;14915.0741;0.9986;16.2922;63.9451;0.0087;-16.3143;-48.8412;Pista Escorregadia;Saida de leito carrocavel;1-Acidente
135;81.00;42816;4;0.6250;2;1;2;60;4;393.1;464.3;71.2;1;1;70.95;0;4.7239;2.6829;-0.0008;0.0067;2129317.1480;142014.4672;0.4071;0.0667;0.0000;569130802.4000;154214.7385;8267.4535;8267.4535;-1.4598;0.0065;17293.9325;34797.2814;0.9994;24.3306;61.1921;0.0077;-17.8526;-51.5251;Pista Escorregadia;Saida de leito carrocavel;1-Acidente
136;83.00;42818;6;0.4514;2;1;1;60;4;61.8;94.2;32.4;1;1;31.79;1;6.6435;3.5155;-0.0006;0.0082;953746.2467;63643.8595;0.4017;0.0667;0.0001;420980145.4000;82611.9925;18293.7215;18293.7215;-0.9114;0.0073;7780.6829;14915.0741;0.9986;16.2922;63.9451;0.0087;-16.3540;-48.9284;Objeto estatico sobre o leito carrocavel;Queda de ocupante de veiculo;1-Acidente
137;83.00;42818;6;0.6250;2;0;2;60;4;109.2;139.4;30.2;1;1;30.11;0;9.5609;5.7119;-0.0045;0.0130;903351.3893;60283.4356;0.4013;0.0667;0.0001;378986039.0000;77890.5922;19027.6956;19027.6956;0.7552;0.0105;7431.2989;14024.3189;0.9985;15.8566;64.4132;0.0127;-16.4621;-49.0622;Defeito na Via;Saida de leito carrocavel;1-Acidente
138;84.00;42819;7;0.7292;3;0;2;60;4;219.3;226.6;7.3;1;1;7.48;0;6.0911;3.2237;-0.0043;0.0105;224424.4615;15021.6309;0.3903;0.0669;0.0001;20132959.7300;19081.6274;6390.2284;6390.2284;-0.4464;0.0245;1919.0157;3603.6731;0.9945;7.9272;62.2766;0.0295;-17.0109;-49.7747;Defeito na Via;Saida de leito carrocavel;1-Acidente
139;84.00;42819;7;0.8333;4;0;7;153;4;503.8;513.1;9.3;1;1;9.25;1;5.9983;2.7403;-0.0009;0.0089;277590.3771;18566.0252;0.3921;0.0669;0.0001;6807381.7190;19703.7750;9104.1659;9104.1659;0.0517;0.0512;2400.4498;4578.9902;0.9958;8.8096;60.6226;0.0589;-16.7641;-49.2398;Objeto estatico sobre o leito carrocavel;Colisao traseira;1-Acidente
140;85.00;42820;1;0.6250;2;1;2;60;4;349.9;381.1;31.2;1;1;31.20;0;4.8788;1.9706;-0.0004;0.0055;935944.6761;62456.3115;0.4016;0.0667;0.0001;446696771.0000;84577.1279;21763.8698;21763.8698;0.8132;0.0090;8071.9274;15183.9966;0.9987;16.1395;61.6402;0.0105;-17.5982;-50.7337;Pista Escorregadia;Capotamento;1-Acidente
141;86.00;42821;2;0.6667;2;1;2;60;4;393.1;464.3;71.2;1;1;70.95;0;4.7239;2.6829;-0.0008;0.0067;2129317.1480;142014.4672;0.4071;0.0667;0.0000;569130802.4000;154214.7385;8267.4535;8267.4535;-1.4598;0.0065;17293.9325;34797.2814;0.9994;24.3306;61.1921;0.0077;-17.8751;-51.6292;Defeito na Via;Saida de leito carrocavel;1-Acidente
142;87.00;42822;3;0.4444;2;1;7;60;4;381.1;387.9;6.8;1;1;6.74;1;5.1455;2.1763;0.0004;0.0067;202175.9910;13538.4056;0.3893;0.0670;0.0001;21521970.2200;18702.8657;4092.3180;4092.3180;0.6747;0.0469;1586.9211;3343.5187;0.9942;7.5274;60.4680;0.0558;-17.8209;-50.9466;Restricao de Visibilidade;Colisao lateral;1-Acidente
143;48.00;42783;6;0.7500;3;1;2;60;4;252.7;304.4;51.7;1;1;52.08;0;3.7630;2.0663;-0.0009;0.0055;1562350.4010;104216.8948;0.4051;0.0667;0.0001;1171983546.0000;139406.6711;28320.5728;28320.5728;-0.9647;0.0063;13478.0451;25123.4416;0.9992;20.8444;62.1870;0.0073;-17.2931;-50.2657;Pista Escorregadia;Saida de leito carrocavel;1-Acidente
144;87.00;42822;3;0.6458;2;1;2;414;4;342.5;370.4;27.9;1;5;27.47;0;9.2269;5.0021;-0.0072;0.0136;824120.5462;55001.3689;0.4006;0.0667;0.0001;252884827.0000;64699.9402;19132.2328;19132.2328;0.9997;0.0111;6046.0305;12338.5538;0.9983;15.1467;66.7923;0.0115;-15.7047;-48.6910;Pista Escorregadia;Colisao transversal;1-Acidente
145;87.00;42822;3;0.8194;4;0;7;60;4;304.4;328.0;23.6;1;1;23.77;0;2.9372;1.3469;-0.0011;0.0057;713104.7720;47600.3187;0.3996;0.0668;0.0001;258673504.2000;64668.2129;17810.2531;17810.2531;0.9189;0.0154;6328.9865;11637.6791;0.9983;14.0920;61.2755;0.0160;-17.4617;-50.4348;Objeto estatico sobre o leito carrocavel;Colisao com objeto estatico;1-Acidente
146;88.00;42823;4;0.0069;4;0;2;153;4;598.2;621.7;23.5;1;1;23.56;0;7.3179;3.7872;-0.0002;0.0127;706595.5289;47166.4349;0.3995;0.0668;0.0001;144160711.3000;57737.3640;22446.1753;22446.1753;-1.2780;0.0278;5531.0345;11710.0440;0.9984;14.0277;60.3410;0.0332;-17.6661;-49.1660;Defeito na Via;Tombamento;1-Acidente
147;88.00;42823;4;0.6181;2;1;2;60;4;109.2;139.4;30.2;1;1;30.11;0;9.5609;5.7119;-0.0045;0.0130;903351.3893;60283.4356;0.4013;0.0667;0.0001;378986039.0000;77890.5922;19027.6956;19027.6956;0.7552;0.0105;7431.2989;14024.3189;0.9985;15.8566;64.4132;0.0127;-16.4623;-49.0624;Pista Escorregadia;Saida de leito carrocavel;1-Acidente
148;89.00;42824;5;0.5694;2;0;2;153;4;436.9;445.2;8.3;1;1;8.65;1;6.1786;2.8924;-0.0007;0.0092;259393.5311;17352.9203;0.3915;0.0669;0.0001;17893343.1000;19760.4979;7491.8859;7491.8859;0.1904;0.0165;2139.8802;4062.0816;0.9950;8.5179;63.8573;0.0198;-16.3152;-48.9216;Pista Escorregadia;Saida de leito carrocavel;1-Acidente
149;90.00;42825;6;0.6389;2;0;2;153;4;503.8;513.1;9.3;1;1;9.25;1;5.9983;2.7403;-0.0009;0.0089;277590.3771;18566.0252;0.3921;0.0669;0.0001;6807381.7190;19703.7750;9104.1659;9104.1659;0.0517;0.0512;2400.4498;4578.9902;0.9958;8.8096;60.6226;0.0589;-16.7714;-49.2385;Pista Escorregadia;Colisao traseira;1-Acidente
150;90.00;42825;6;0.6632;2;0;2;414;4;372.2;392.9;20.7;1;5;17.28;0;10.3207;6.7712;-0.0038;0.0135;518415.2355;34621.0499;0.3972;0.0668;0.0001;68002553.4100;37839.6916;14095.3935;14095.3935;-0.2900;0.0110;3688.6815;7434.9315;0.9970;12.0210;69.7270;0.0119;-15.8137;-48.7814;Pista Escorregadia;Saida de leito carrocavel;1-Acidente
151;92.00;42827;1;0.6042;2;1;2;20;4;22.0;31.0;9.0;1;5;9.07;0;5.1146;1.7008;-0.0002;0.0057;272057.7930;18197.1863;0.3919;0.0669;0.0001;37065232.7400;24369.6844;5863.5937;5863.5937;0.7794;0.0188;2352.4370;4423.8202;0.9956;8.7220;61.4984;0.0227;-15.5469;-47.1645;Pista Escorregadia;Saida de leito carrocavel;1-Acidente
152;95.00;42830;4;0.7292;2;0;2;364;4;113.2;152.5;39.3;1;5;37.95;0;5.4488;2.5747;-0.0004;0.0067;1138648.5520;75970.0088;0.4029;0.0667;0.0001;550243510.2000;98250.3015;17277.2066;17277.2066;1.0913;0.0175;9991.1797;18157.6169;0.9989;17.7987;62.7091;0.0165;-18.1674;-51.4148;Pista Escorregadia;Saida de leito carrocavel;1-Acidente
153;84.00;42819;7;0.7778;3;0;0;153;4;503.8;513.1;9.3;1;1;9.25;1;5.9983;2.7403;-0.0009;0.0089;277590.3771;18566.0252;0.3921;0.0669;0.0001;6807381.7190;19703.7750;9104.1659;9104.1659;0.0517;0.0512;2400.4498;4578.9902;0.9958;8.8096;60.6226;0.0589;-16.7633;-49.2399;Objeto estatico sobre o leito carrocavel;Colisao traseira;1-Acidente
154;96.00;42831;5;0.6493;2;0;2;60;4;393.1;464.3;71.2;1;1;70.95;0;4.7239;2.6829;-0.0008;0.0067;2129317.1480;142014.4672;0.4071;0.0667;0.0000;569130802.4000;154214.7385;8267.4535;8267.4535;-1.4598;0.0065;17293.9325;34797.2814;0.9994;24.3306;61.1921;0.0077;-17.8220;-51.0052;Pista Escorregadia;Saida de leito carrocavel;1-Acidente
155;86.00;42821;2;0.8750;4;0;2;20;4;31.0;72.8;41.8;1;5;41.83;0;10.4369;10.7547;-0.0082;0.0233;1254847.2050;83716.4716;0.4036;0.0667;0.0001;299636980.4000;92122.3163;38221.7144;38221.7144;-1.4509;0.0057;9981.5824;19648.0370;0.9990;18.6834;63.8663;0.0062;-15.2299;-47.1724;Pista Escorregadia;Saida de leito carrocavel;1-Acidente
156;74.00;42809;4;0.4444;2;0;1;60;4;304.4;328.0;23.6;1;1;23.77;0;2.9372;1.3469;-0.0011;0.0057;713104.7720;47600.3187;0.3996;0.0668;0.0001;258673504.2000;64668.2129;17810.2531;17810.2531;0.9189;0.0154;6328.9865;11637.6791;0.9983;14.0920;61.2755;0.0160;-17.5025;-50.4672;Objeto estatico sobre o leito carrocavel;Saida de leito carrocavel;1-Acidente
157;99.00;42834;1;0.4583;2;0;1;60;4;61.8;94.2;32.4;1;1;31.79;0;6.6435;3.5155;-0.0006;0.0082;953746.2467;63643.8595;0.4017;0.0667;0.0001;420980145.4000;82611.9925;18293.7215;18293.7215;-0.9114;0.0073;7780.6829;14915.0741;0.9986;16.2922;63.9451;0.0087;-16.3213;-48.8728;Defeito na Via;Queda de ocupante de veiculo;1-Acidente
158;102.00;42837;4;0.5104;2;0;1;40;4;0.0;24.1;24.1;1;1;24.59;1;4.6421;2.4252;0.0026;0.0110;737608.5782;49237.1865;0.3998;0.0668;0.0001;194859822.9000;61797.3030;22069.1327;22069.1327;-1.1809;0.0137;6570.9312;11956.6449;0.9984;14.3324;61.6903;0.0153;-16.1177;-47.9666;Restricao de Visibilidade;Colisao com objeto estatico;1-Acidente
159;102.00;42837;4;0.5764;2;1;2;60;4;189.3;210.8;21.5;1;1;20.71;0;4.3876;2.1146;0.0011;0.0064;621346.9284;41483.1338;0.3986;0.0668;0.0001;185966248.8000;54751.3012;12508.7101;12508.7101;0.7416;0.0111;4977.8164;9777.8793;0.9979;13.1566;63.5462;0.0130;-16.8836;-49.6194;Pista Escorregadia;Saida de leito carrocavel;1-Acidente
160;103.00;42838;5;0.2319;1;1;1;364;4;22.0;57.6;35.6;1;5;35.53;0;4.3722;1.7741;-0.0013;0.0053;1066449.9510;71157.2456;0.4025;0.0667;0.0001;528315904.6000;94440.7046;18213.4630;18213.4630;-0.5424;0.0061;9521.7702;17494.6110;0.9989;17.2262;60.9588;0.0073;-18.8594;-50.8233;Objeto estatico sobre o leito carrocavel;Saida de leito carrocavel;1-Acidente
161;103.00;42838;5;0.4861;2;0;7;153;4;490.4;496.8;6.4;1;1;4.79;1;5.2686;2.2202;-0.0008;0.0059;143601.8445;9633.5844;0.3862;0.0671;0.0002;6887480.8390;11810.4171;4305.5238;4305.5238;1.2293;0.0349;1184.6305;2316.8389;0.9915;6.3555;61.9818;0.0420;-16.6217;-49.2062;Pista Escorregadia;Tombamento;1-Acidente
162;104.00;42839;6;0.6875;2;0;2;364;4;152.5;174.8;22.3;1;5;22.56;0;5.9454;2.7318;-0.0011;0.0084;676742.3377;45176.1561;0.3992;0.0668;0.0001;232720421.2000;61241.3759;16608.8861;16608.8861;-0.8578;0.0142;5414.8621;11017.2533;0.9982;13.7290;61.4257;0.0155;-18.0804;-51.5109;Pista Escorregadia;Saida de leito carrocavel;1-Acidente
163;108.00;42843;3;0.5625;2;0;2;153;4;142.4;176.5;34.1;1;5;34.18;0;3.8833;2.0332;0.0003;0.0057;1024956.8780;68391.7078;0.4022;0.0667;0.0001;236714910.2000;80575.0150;33145.9037;33145.9037;-0.2216;0.0315;9065.3212;16974.9463;0.9989;16.8885;60.3806;0.0334;-14.1646;-49.1236;Pista Escorregadia;Colisao frontal;1-Acidente
164;108.00;42843;3;0.7743;4;0;3;60;4;100.1;109.2;9.1;1;1;9.26;0;6.0212;2.9460;0.0035;0.0101;277808.7984;18580.5866;0.3921;0.0669;0.0001;35499151.7900;23867.5341;5643.5460;5643.5460;0.7046;0.0157;2347.0098;4430.9799;0.9955;8.8131;62.6969;0.0190;-16.4089;-48.9887;Pista Escorregadia;Saida de leito carrocavel;1-Acidente
165;110.00;42845;5;0.6319;2;1;2;60;4;100.1;109.2;9.1;1;1;9.26;1;6.0212;2.9460;0.0035;0.0101;277808.7984;18580.5866;0.3921;0.0669;0.0001;35499151.7900;23867.5341;5643.5460;5643.5460;0.7046;0.0157;2347.0098;4430.9799;0.9955;8.8131;62.6969;0.0190;-16.4003;-48.9703;Defeito na Via;Colisao traseira;1-Acidente
166;111.00;42846;6;0.2014;4;0;2;60;4;109.2;139.4;30.2;1;1;30.11;0;9.5609;5.7119;-0.0045;0.0130;903351.3893;60283.4356;0.4013;0.0667;0.0001;378986039.0000;77890.5922;19027.6956;19027.6956;0.7552;0.0105;7431.2989;14024.3189;0.9985;15.8566;64.4132;0.0127;-16.5828;-49.1876;Pista Escorregadia;Saida de leito carrocavel;1-Acidente
167;111.00;42846;6;0.4514;2;0;2;153;4;68.9;107.5;38.6;1;5;36.02;0;4.5118;1.9765;0.0029;0.0070;1080219.8790;72074.5898;0.4026;0.0667;0.0001;376399068.3000;85420.6848;30279.5350;30279.5350;-1.1392;0.0066;8502.9177;16523.4507;0.9987;17.3367;65.3750;0.0070;-13.5511;-49.0970;Pista Escorregadia;Saida de leito carrocavel;1-Acidente
168;111.00;42846;6;0.5729;2;0;3;60;4;4.8;30.4;25.6;1;1;25.32;0;10.5936;6.7980;0.0018;0.0152;759407.7881;50687.4319;0.4000;0.0667;0.0001;76696915.5600;51985.6793;3393.8154;3393.8154;0.0215;0.0086;5950.2956;11630.8179;0.9982;14.5413;65.2927;0.0106;-16.1142;-48.3886;Pista Escorregadia;Saida de leito carrocavel;1-Acidente
169;112.00;42847;7;0.6979;2;0;2;414;4;317.0;332.0;15.0;1;5;15.08;0;3.7011;2.1061;-0.0005;0.0052;452401.4910;30220.0996;0.3961;0.0668;0.0001;50189612.8100;35670.9309;14334.0363;14334.0363;0.2306;0.0230;4347.6484;7389.2787;0.9974;11.2324;61.2240;0.0255;-15.4829;-48.6169;Pista Escorregadia;Saida de leito carrocavel;1-Acidente
170;113.00;42848;1;0.7083;2;0;5;40;4;24.1;95.7;71.6;1;5;70.82;0;5.9605;4.0446;0.0062;0.0132;2124722.4680;141708.2175;0.4071;0.0667;0.0000;1757213738.0000;174931.1231;56196.4229;56196.4229;-1.1043;0.0036;17117.7420;32383.0929;0.9994;24.3043;65.6121;0.0040;-16.3931;-47.8249;Restricao de Visibilidade;Colisao lateral;1-Acidente
171;114.00;42849;2;0.7535;3;0;1;153;4;436.9;445.2;8.3;1;1;8.65;1;6.1786;2.8924;-0.0007;0.0092;259393.5311;17352.9203;0.3915;0.0669;0.0001;17893343.1000;19760.4979;7491.8859;7491.8859;0.1904;0.0165;2139.8802;4062.0816;0.9950;8.5179;63.8573;0.0198;-16.3536;-48.9286;Sinalizacao da via insuficiente ou inadequada;Colisao lateral;1-Acidente
172;115.00;42850;3;0.6944;2;0;2;153;4;533.3;555.5;22.2;1;1;24.09;0;7.6587;3.8221;-0.0017;0.0116;722702.9898;48240.0586;0.3997;0.0667;0.0001;56209149.7200;51218.7005;23184.9716;23184.9716;-1.4855;0.0254;5855.9792;11693.5957;0.9983;14.1863;61.8033;0.0262;-17.0038;-49.2211;Pista Escorregadia;Saida de leito carrocavel;1-Acidente
173;115.00;42850;3;0.8542;4;0;2;20;4;143.3;180.7;37.4;1;5;34.10;0;2.9901;1.5943;-0.0010;0.0053;1023076.7730;68269.2227;0.4022;0.0667;0.0001;480778640.4000;90137.1552;27731.9355;27731.9355;1.0193;0.0074;8832.5715;16745.4032;0.9988;16.8737;61.0960;0.0084;-14.6917;-46.6481;Pista Escorregadia;Saida de leito carrocavel;1-Acidente
174;116.00;42851;4;0.4688;2;0;2;60;4;109.2;139.4;30.2;1;1;30.11;0;9.5609;5.7119;-0.0045;0.0130;903351.3893;60283.4356;0.4013;0.0667;0.0001;378986039.0000;77890.5922;19027.6956;19027.6956;0.7552;0.0105;7431.2989;14024.3189;0.9985;15.8566;64.4132;0.0127;-16.5332;-49.1479;Pista Escorregadia;Saida de leito carrocavel;1-Acidente
175;74.00;42809;4;0.6146;2;1;2;60;4;61.8;94.2;32.4;1;1;31.79;0;6.6435;3.5155;-0.0006;0.0082;953746.2467;63643.8595;0.4017;0.0667;0.0001;420980145.4000;82611.9925;18293.7215;18293.7215;-0.9114;0.0073;7780.6829;14915.0741;0.9986;16.2922;63.9451;0.0087;-16.3146;-48.8423;Pista Escorregadia;Saida de leito carrocavel;1-Acidente
176;116.00;42851;4;0.5833;2;0;2;153;4;598.2;621.7;23.5;1;1;23.56;0;7.3179;3.7872;-0.0002;0.0127;706595.5289;47166.4349;0.3995;0.0668;0.0001;144160711.3000;57737.3640;22446.1753;22446.1753;-1.2780;0.0278;5531.0345;11710.0440;0.9984;14.0277;60.3410;0.0332;-17.5820;-49.1957;Defeito na Via;Capotamento;1-Acidente
177;116.00;42851;4;0.7083;2;0;2;153;4;142.4;176.5;34.1;1;5;34.18;0;3.8833;2.0332;0.0003;0.0057;1024956.8780;68391.7078;0.4022;0.0667;0.0001;236714910.2000;80575.0150;33145.9037;33145.9037;-0.2216;0.0315;9065.3212;16974.9463;0.9989;16.8885;60.3806;0.0334;-14.2566;-49.1413;Pista Escorregadia;Saida de leito carrocavel;1-Acidente
178;117.00;42852;5;0.0208;4;1;2;50;4;245.4;265.1;19.7;1;5;20.48;0;5.7953;2.9598;0.0041;0.0086;614376.6801;41018.4485;0.3985;0.0668;0.0001;137557634.8000;49601.1382;16426.3772;16426.3772;1.0615;0.0099;5230.0380;9400.1230;0.9978;13.0828;65.3584;0.0106;-18.0342;-47.8340;Pista Escorregadia;Saida de leito carrocavel;1-Acidente
179;117.00;42852;5;0.2361;1;1;2;153;4;243.2;275.6;32.4;1;5;32.44;0;6.1876;2.7545;0.0007;0.0096;973222.3101;64941.4284;0.4018;0.0667;0.0001;474841988.9000;89410.8028;27332.7850;27332.7850;1.0030;0.0378;7409.9024;16203.3291;0.9988;16.4572;60.0631;0.0455;-14.9324;-49.3667;Sinalizacao da via insuficiente ou inadequada;Colisao frontal;1-Acidente
180;117.00;42852;5;0.5833;2;1;1;60;2;34.0;38.7;4.7;1;1;4.79;1;4.1010;1.5626;0.0005;0.0049;143773.5126;9644.8983;0.3862;0.0671;0.0002;7749997.0860;12226.0271;4318.3453;4318.3453;-1.1660;0.1279;1205.8723;2351.6611;0.9917;6.3591;61.1370;0.1520;-16.7197;-49.3555;Sinalizacao da via insuficiente ou inadequada;Colisao traseira;1-Acidente
181;117.00;42852;5;0.9271;4;0;7;158;4;273.6;277.0;3.4;1;1;3.36;1;8.8025;3.3430;-0.0002;0.0106;100832.9443;6782.1878;0.3829;0.0673;0.0002;5549855.0950;9436.7256;2485.2043;2485.2043;-0.8184;0.0981;782.0692;1671.6624;0.9885;5.3396;60.3190;0.1168;-17.9001;-51.7333;Defeito na Via;Colisao com objeto estatico;1-Acidente
182;117.00;42852;5;0.9896;4;1;2;50;4;163.5;207.6;44.1;1;5;44.10;0;3.7751;2.9501;0.0025;0.0065;1322883.3390;88252.2821;0.4040;0.0667;0.0001;314681291.0000;93141.7991;38369.5765;38369.5765;1.4679;0.0044;10574.3608;19692.1927;0.9989;19.1825;67.1781;0.0052;-17.4498;-47.8050;Restricao de Visibilidade;Colisao com objeto estatico;1-Acidente
183;119.00;42854;7;0.7083;2;0;2;153;4;675.5;696.7;21.2;1;1;21.14;0;4.2415;1.8037;-0.0003;0.0055;633835.9377;42315.7689;0.3987;0.0668;0.0001;151943208.7000;54629.9236;19538.2611;19538.2611;0.3705;0.0237;5421.5957;10532.4382;0.9982;13.2878;60.1794;0.0283;-18.2009;-49.2799;Pista Escorregadia;Tombamento;1-Acidente
184;121.00;42856;2;0.9479;4;0;1;60;4;109.2;139.4;30.2;1;1;30.11;0;9.5609;5.7119;-0.0045;0.0130;903351.3893;60283.4356;0.4013;0.0667;0.0001;378986039.0000;77890.5922;19027.6956;19027.6956;0.7552;0.0105;7431.2989;14024.3189;0.9985;15.8566;64.4132;0.0127;-16.5112;-49.1185;Objeto estatico sobre o leito carrocavel;Saida de leito carrocavel;1-Acidente
185;122.00;42857;3;0.7813;4;0;0;60;4;252.7;304.4;51.7;1;1;52.08;0;3.7630;2.0663;-0.0009;0.0055;1562350.4010;104216.8948;0.4051;0.0667;0.0001;1171983546.0000;139406.6711;28320.5728;28320.5728;-0.9647;0.0063;13478.0451;25123.4416;0.9992;20.8444;62.1870;0.0073;-17.1851;-50.0708;Objeto estatico sobre o leito carrocavel;Saida de leito carrocavel;1-Acidente
186;126.00;42861;7;0.5972;2;1;2;153;4;621.7;633.2;11.5;1;1;11.45;0;6.3867;3.0730;0.0036;0.0096;343425.4777;22955.0320;0.3939;0.0668;0.0001;54266998.1900;30216.2263;9226.4120;9226.4120;0.9689;0.0235;2923.5585;5500.1807;0.9964;9.7927;62.4389;0.0259;-17.7816;-49.1806;Pista Escorregadia;Saida de leito carrocavel;1-Acidente
187;126.00;42861;7;0.6875;2;0;2;60;4;349.9;381.1;31.2;1;1;31.20;0;4.8788;1.9706;-0.0004;0.0055;935944.6761;62456.3115;0.4016;0.0667;0.0001;446696771.0000;84577.1279;21763.8698;21763.8698;0.8132;0.0090;8071.9274;15183.9966;0.9987;16.1395;61.6402;0.0105;-17.7275;-50.8650;Pista Escorregadia;Saida de leito carrocavel;1-Acidente
188;127.00;42862;1;0.7847;4;1;2;70;4;4.0;16.0;12.0;1;1;10.50;1;5.3679;3.3491;0.0010;0.0042;314971.9913;21058.1684;0.3932;0.0669;0.0001;20147294.7500;22397.7896;2251.8339;2251.8339;-1.5033;0.0132;2586.1273;4780.8984;0.9956;9.3805;65.8813;0.0157;-15.7367;-48.2883;Pista Escorregadia;Colisao traseira;1-Acidente
189;132.00;42867;6;0.9514;4;0;1;60;4;109.2;139.4;30.2;1;1;30.11;1;9.5609;5.7119;-0.0045;0.0130;903351.3893;60283.4356;0.4013;0.0667;0.0001;378986039.0000;77890.5922;19027.6956;19027.6956;0.7552;0.0105;7431.2989;14024.3189;0.9985;15.8566;64.4132;0.0127;-16.6037;-49.2029;Objeto estatico sobre o leito carrocavel;Colisao com objeto estatico;1-Acidente
190;134.00;42869;1;0.8333;4;1;1;414;4;342.5;370.4;27.9;1;5;27.47;0;9.2269;5.0021;-0.0072;0.0136;824120.5462;55001.3689;0.4006;0.0667;0.0001;252884827.0000;64699.9402;19132.2328;19132.2328;0.9997;0.0111;6046.0305;12338.5538;0.9983;15.1467;66.7923;0.0115;-15.7040;-48.6918;Defeito na Via;Tombamento;1-Acidente
191;136.00;42871;3;0.6451;2;0;2;60;4;109.2;139.4;30.2;1;1;30.11;0;9.5609;5.7119;-0.0045;0.0130;903351.3893;60283.4356;0.4013;0.0667;0.0001;378986039.0000;77890.5922;19027.6956;19027.6956;0.7552;0.0105;7431.2989;14024.3189;0.9985;15.8566;64.4132;0.0127;-16.4523;-49.0512;Pista Escorregadia;Saida de leito carrocavel;1-Acidente
192;136.00;42871;3;0.6736;2;0;2;20;4;3.7;22.0;18.3;1;5;17.79;0;4.6989;2.1676;0.0007;0.0064;533527.0853;35628.4384;0.3974;0.0668;0.0001;42591912.8200;37696.9261;2625.3914;2625.3914;0.0257;0.0121;4128.6522;8449.8276;0.9976;12.1943;63.1406;0.0130;-15.5602;-47.2076;Pista Escorregadia;Capotamento;1-Acidente
193;136.00;42871;3;0.7292;3;0;2;60;4;304.4;328.0;23.6;1;1;23.77;1;2.9372;1.3469;-0.0011;0.0057;713104.7720;47600.3187;0.3996;0.0668;0.0001;258673504.2000;64668.2129;17810.2531;17810.2531;0.9189;0.0154;6328.9865;11637.6791;0.9983;14.0920;61.2755;0.0160;-17.4023;-50.3908;Pista Escorregadia;Saida de leito carrocavel;1-Acidente
194;137.00;42872;4;0.5903;2;1;2;153;4;436.9;445.2;8.3;1;1;8.65;1;6.1786;2.8924;-0.0007;0.0092;259393.5311;17352.9203;0.3915;0.0669;0.0001;17893343.1000;19760.4979;7491.8859;7491.8859;0.1904;0.0165;2139.8802;4062.0816;0.9950;8.5179;63.8573;0.0198;-16.3428;-48.9240;Pista Escorregadia;Capotamento;1-Acidente
195;137.00;42872;4;0.6458;2;0;2;40;4;0.0;24.1;24.1;1;1;24.59;1;4.6421;2.4252;0.0026;0.0110;737608.5782;49237.1865;0.3998;0.0668;0.0001;194859822.9000;61797.3030;22069.1327;22069.1327;-1.1809;0.0137;6570.9312;11956.6449;0.9984;14.3324;61.6903;0.0153;-16.0852;-47.9868;Pista Escorregadia;Colisao traseira;1-Acidente
196;137.00;42872;4;0.7431;2;1;2;60;4;109.2;139.4;30.2;1;1;30.11;0;9.5609;5.7119;-0.0045;0.0130;903351.3893;60283.4356;0.4013;0.0667;0.0001;378986039.0000;77890.5922;19027.6956;19027.6956;0.7552;0.0105;7431.2989;14024.3189;0.9985;15.8566;64.4132;0.0127;-16.5104;-49.1181;Pista Escorregadia;Saida de leito carrocavel;1-Acidente
197;138.00;42873;5;0.6840;2;0;2;153;4;515.8;531.3;15.5;1;1;14.43;0;7.1297;3.1469;0.0038;0.0106;433048.3257;28929.8791;0.3958;0.0668;0.0001;24253133.8800;30964.9142;13713.9570;13713.9570;-1.5574;0.0167;3783.5267;7093.2203;0.9973;10.9905;61.0510;0.0208;-16.9324;-49.2515;Pista Escorregadia;Saida de leito carrocavel;1-Acidente