FID;data_conse;data_inver;dia_semana;horario;fase_dia;sentido_vi;condicao_m;vl_br;nm_tipo_tr;vl_km_inic;vl_km_fina;vl_extensa;ds_superfi;ds_legenda;Dist_km;TIPO;S_med;S_sd;CV_med;CV_sd;P_AREA;P_PERIM;P_FRACDIM;P_PERARAT;P_COMPAC;PBOX_AREA;PBOX_PERIM;PBOX_LEN;PBOX_WIDTH;POL_ANGLE;PELLIP_FIT;PGYRATIUS;POLRADIUS;PCIRCLE;PSAHPEIDX;PDENSITY;PRECTFIT;Lat;Long;causa_acid;tipo_acide;Acidente
198;138.00;42873;5;0.7639;4;0;2;414;4;372.2;392.9;20.7;1;5;17.28;0;10.3207;6.7712;-0.0038;0.0135;518415.2355;34621.0499;0.3972;0.0668;0.0001;68002553.4100;37839.6916;14095.3935;14095.3935;-0.2900;0.0110;3688.6815;7434.9315;0.9970;12.0210;69.7270;0.0119;-15.8224;-48.7784;Pista Escorregadia;Colisao frontal;1-Acidente
199;139.00;42874;6;0.5243;2;1;7;60;4;304.4;328.0;23.6;1;1;23.77;1;2.9372;1.3469;-0.0011;0.0057;713104.7720;47600.3187;0.3996;0.0668;0.0001;258673504.2000;64668.2129;17810.2531;17810.2531;0.9189;0.0154;6328.9865;11637.6791;0.9983;14.0920;61.2755;0.0160;-17.4021;-50.3907;Pista Escorregadia;Saida de leito carrocavel;1-Acidente
200;139.00;42874;6;0.6528;2;0;1;153;4;176.5;202.7;26.2;1;5;24.78;0;4.7981;2.5881;0.0011;0.0065;743137.2555;49602.5975;0.3999;0.0667;0.0001;33914591.2000;51095.0325;24142.7645;24142.7645;1.5542;0.0187;6793.4923;12255.8539;0.9984;14.3850;60.6353;0.0226;-14.4715;-49.1560;Defeito na Via;Saida de leito carrocavel;1-Acidente
201;140.00;42875;7;0.0625;4;0;1;414;4;409.3;439.6;30.3;1;5;30.39;0;9.5054;5.6891;-0.0022;0.0131;911772.1511;60845.0150;0.4014;0.0667;0.0001;257978625.7000;71702.6464;25884.9781;25884.9781;1.1825;0.0114;6676.9844;14349.1864;0.9986;15.9302;63.5417;0.0117;-16.1620;-48.8912;Objeto estatico sobre o leito carrocavel;Saida de leito carrocavel;1-Acidente
202;140.00;42875;7;0.3194;2;1;2;364;4;174.8;192.7;17.9;1;5;19.10;0;9.2279;4.8478;-0.0014;0.0105;572980.8374;38258.9433;0.3979;0.0668;0.0001;112620257.6000;43120.9751;8884.6177;8884.6177;-0.5761;0.0181;4193.7866;8008.9463;0.9972;12.6358;71.5426;0.0200;-17.9450;-51.6599;Pista Escorregadia;Saida de leito carrocavel;1-Acidente
203;140.00;42875;7;0.3750;2;1;2;60;4;349.9;381.1;31.2;1;1;31.20;0;4.8788;1.9706;-0.0004;0.0055;935944.6761;62456.3115;0.4016;0.0667;0.0001;446696771.0000;84577.1279;21763.8698;21763.8698;0.8132;0.0090;8071.9274;15183.9966;0.9987;16.1395;61.6402;0.0105;-17.6907;-50.8383;Pista Escorregadia;Colisao transversal;1-Acidente
204;140.00;42875;7;0.4271;2;1;2;60;4;162.1;189.3;27.2;1;1;27.25;0;5.7783;3.1522;0.0010;0.0093;817537.6396;54562.5896;0.4006;0.0667;0.0001;323537826.5000;73165.6057;14969.1221;14969.1221;0.5885;0.0098;6859.1972;13360.0011;0.9985;15.0862;61.1929;0.0118;-16.7444;-49.4185;Pista Escorregadia;Capotamento;1-Acidente
205;140.00;42875;7;0.4063;2;0;2;153;4;660.1;667.1;7.0;1;1;6.99;0;7.1838;5.0511;0.0020;0.0086;209575.4120;14031.6942;0.3897;0.0670;0.0001;6753507.0890;15621.7314;6820.7199;6820.7199;-0.1279;0.0646;1776.9812;3446.0894;0.9944;7.6627;60.8154;0.0765;-18.0724;-49.2696;Pista Escorregadia;Saida de leito carrocavel;1-Acidente
206;140.00;42875;7;0.5000;2;1;2;60;4;162.1;189.3;27.2;1;1;27.25;0;5.7783;3.1522;0.0010;0.0093;817537.6396;54562.5896;0.4006;0.0667;0.0001;323537826.5000;73165.6057;14969.1221;14969.1221;0.5885;0.0098;6859.1972;13360.0011;0.9985;15.0862;61.1929;0.0118;-16.7444;-49.4185;Pista Escorregadia;Capotamento;1-Acidente
207;140.00;42875;7;0.6042;2;1;1;60;4;109.2;139.4;30.2;1;1;30.11;0;9.5609;5.7119;-0.0045;0.0130;903351.3893;60283.4356;0.4013;0.0667;0.0001;378986039.0000;77890.5922;19027.6956;19027.6956;0.7552;0.0105;7431.2989;14024.3189;0.9985;15.8566;64.4132;0.0127;-16.4689;-49.0701;Pista Escorregadia;Saida de leito carrocavel;1-Acidente
208;140.00;42875;7;0.6111;2;0;2;60;4;393.1;464.3;71.2;1;1;70.95;0;4.7239;2.6829;-0.0008;0.0067;2129317.1480;142014.4672;0.4071;0.0667;0.0000;569130802.4000;154214.7385;8267.4535;8267.4535;-1.4598;0.0065;17293.9325;34797.2814;0.9994;24.3306;61.1921;0.0077;-17.8743;-51.6250;Pista Escorregadia;Saida de leito carrocavel;1-Acidente
209;141.00;42876;1;0.2500;1;1;1;60;4;32.4;60.4;28.0;1;1;26.58;0;10.4743;4.4021;0.0056;0.0182;797501.6100;53226.7189;0.4004;0.0667;0.0001;215768657.2000;61641.2359;10751.0209;10751.0209;-1.0607;0.0113;5598.5887;11426.8888;0.9981;14.9006;69.7917;0.0111;-16.1547;-48.6112;Restricao de Visibilidade;Capotamento;1-Acidente
210;141.00;42876;1;0.2917;2;1;1;60;4;109.2;139.4;30.2;1;1;30.11;0;9.5609;5.7119;-0.0045;0.0130;903351.3893;60283.4356;0.4013;0.0667;0.0001;378986039.0000;77890.5922;19027.6956;19027.6956;0.7552;0.0105;7431.2989;14024.3189;0.9985;15.8566;64.4132;0.0127;-16.5324;-49.1473;Objeto estatico sobre o leito carrocavel;Saida de leito carrocavel;1-Acidente
211;143.00;42878;3;0.7917;4;1;1;364;4;22.0;57.6;35.6;1;5;35.53;0;4.3722;1.7741;-0.0013;0.0053;1066449.9510;71157.2456;0.4025;0.0667;0.0001;528315904.6000;94440.7046;18213.4630;18213.4630;-0.5424;0.0061;9521.7702;17494.6110;0.9989;17.2262;60.9588;0.0073;-18.8669;-50.8004;Defeito na Via;Saida de leito carrocavel;1-Acidente
212;146.00;42881;6;0.8229;4;0;1;60;4;349.9;381.1;31.2;1;1;31.20;0;4.8788;1.9706;-0.0004;0.0055;935944.6761;62456.3115;0.4016;0.0667;0.0001;446696771.0000;84577.1279;21763.8698;21763.8698;0.8132;0.0090;8071.9274;15183.9966;0.9987;16.1395;61.6402;0.0105;-17.5991;-50.7231;Restricao de Visibilidade;Tombamento;1-Acidente
213;146.00;42881;6;0.6875;2;0;1;153;4;68.9;107.5;38.6;1;5;36.02;0;4.5118;1.9765;0.0029;0.0070;1080219.8790;72074.5898;0.4026;0.0667;0.0001;376399068.3000;85420.6848;30279.5350;30279.5350;-1.1392;0.0066;8502.9177;16523.4507;0.9987;17.3367;65.3750;0.0070;-13.5769;-49.0425;Defeito na Via;Queda de ocupante de veiculo;1-Acidente
214;147.00;42882;7;0.1542;4;1;1;20;4;180.7;185.7;5.0;1;5;9.55;1;4.3183;2.2092;0.0006;0.0053;286481.9730;19158.8030;0.3924;0.0669;0.0001;45377650.9400;27014.8592;7238.4960;7238.4960;0.8564;0.4067;1881.6228;4775.7731;0.9960;8.9487;59.9865;0.5231;-14.4793;-46.4935;Sinalizacao da via insuficiente ou inadequada;Colisao traseira;1-Acidente
215;148.00;42883;1;0.4271;2;0;1;452;4;47.8;65.1;17.3;1;5;17.35;0;4.2376;2.0836;0.0001;0.0066;520656.3202;34770.6327;0.3972;0.0668;0.0001;101283119.1000;44643.2120;6335.8258;6335.8258;-0.3720;0.0406;4431.8404;8624.4254;0.9978;12.0469;60.3700;0.0393;-17.9592;-50.4961;Restricao de Visibilidade;Colisao transversal;1-Acidente
216;149.00;42884;2;0.4375;2;0;1;158;4;186.9;203.1;16.2;1;5;17.25;0;7.3596;4.4008;0.0045;0.0121;517579.0081;34565.9089;0.3972;0.0668;0.0001;36763869.1100;36060.0041;15686.3108;15686.3108;-1.4750;0.0179;4004.9081;7958.9976;0.9974;12.0116;65.0307;0.0165;-17.3087;-51.8835;Defeito na Via;Saida de leito carrocavel;1-Acidente
217;150.00;42885;3;0.4965;2;0;1;153;4;501.3;503.8;2.5;1;1;2.42;1;6.3251;3.2661;0.0089;0.0064;72645.4893;4903.0334;0.3796;0.0675;0.0003;2560683.3710;6630.2373;2089.7856;2089.7856;-0.5246;0.1385;632.0033;1203.3308;0.9840;4.5478;60.3703;0.1620;-16.7114;-49.2319;Pista Escorregadia;Queda de ocupante de veiculo;1-Acidente
218;152.00;42887;5;0.2813;2;1;1;50;4;245.4;265.1;19.7;1;5;20.48;0;5.7953;2.9598;0.0041;0.0086;614376.6801;41018.4485;0.3985;0.0668;0.0001;137557634.8000;49601.1382;16426.3772;16426.3772;1.0615;0.0099;5230.0380;9400.1230;0.9978;13.0828;65.3584;0.0106;-18.0319;-47.8311;Restricao de Visibilidade;Colisao com objeto estatico;1-Acidente
219;139.00;42874;6;0.9583;4;0;1;60;4;226.6;252.7;26.1;1;1;25.83;0;5.3463;2.9031;-0.0010;0.0076;774775.0852;51711.7072;0.4002;0.0667;0.0001;243180530.5000;66799.4325;10724.5145;10724.5145;0.4188;0.0157;6901.9728;12641.7780;0.9985;14.6873;61.2869;0.0179;-17.0553;-49.7925;Defeito na Via;Saida de leito carrocavel;1-Acidente
220;155.00;42890;1;0.4583;2;1;1;60;4;381.1;387.9;6.8;1;1;6.74;1;5.1455;2.1763;0.0004;0.0067;202175.9910;13538.4056;0.3893;0.0670;0.0001;21521970.2200;18702.8657;4092.3180;4092.3180;0.6747;0.0469;1586.9211;3343.5187;0.9942;7.5274;60.4680;0.0558;-17.7875;-50.9033;Pista Escorregadia;Tombamento;1-Acidente
221;156.00;42891;2;0.4549;2;0;5;153;4;660.1;667.1;7.0;1;1;6.99;0;7.1838;5.0511;0.0020;0.0086;209575.4120;14031.6942;0.3897;0.0670;0.0001;6753507.0890;15621.7314;6820.7199;6820.7199;-0.1279;0.0646;1776.9812;3446.0894;0.9944;7.6627;60.8154;0.0765;-18.0701;-49.2686;Defeito na Via;Saida de leito carrocavel;1-Acidente
222;158.00;42893;4;0.4861;2;0;5;70;4;340.1;356.5;16.4;1;5;16.36;0;5.2069;2.3393;-0.0002;0.0073;490802.4144;32780.2664;0.3967;0.0668;0.0001;90361898.1200;41313.4912;6289.3894;6289.3894;0.4433;0.0198;4018.4514;7854.3483;0.9975;11.6977;62.4880;0.0207;-15.9271;-51.1614;Defeito na Via;Saida de leito carrocavel;1-Acidente
223;158.00;42893;4;0.5139;2;0;5;70;4;340.1;356.5;16.4;1;5;16.36;0;5.2069;2.3393;-0.0002;0.0073;490802.4144;32780.2664;0.3967;0.0668;0.0001;90361898.1200;41313.4912;6289.3894;6289.3894;0.4433;0.0198;4018.4514;7854.3483;0.9975;11.6977;62.4880;0.0207;-15.9284;-51.1634;Pista Escorregadia;Saida de leito carrocavel;1-Acidente
224;158.00;42893;4;0.8299;4;1;6;60;4;162.1;189.3;27.2;1;1;27.25;1;5.7783;3.1522;0.0010;0.0093;817537.6396;54562.5896;0.4006;0.0667;0.0001;323537826.5000;73165.6057;14969.1221;14969.1221;0.5885;0.0098;6859.1972;13360.0011;0.9985;15.0862;61.1929;0.0118;-16.7221;-49.3741;Objeto estatico sobre o leito carrocavel;Colisao com objeto estatico;1-Acidente
225;159.00;42894;5;0.7604;3;0;1;452;4;40.9;47.8;6.9;1;5;6.86;0;4.3785;1.2983;0.0002;0.0045;205911.6460;13787.4533;0.3895;0.0670;0.0001;19096018.1500;18316.1478;3210.9868;3210.9868;-0.4876;0.0653;1806.8270;3395.5068;0.9943;7.5960;60.6424;0.0653;-17.9588;-50.4971;Restricao de Visibilidade;Atropelamento de Pedestre;1-Acidente
226;160.00;42895;6;0.0563;4;1;1;153;4;124.9;142.4;17.5;1;5;17.43;0;6.5752;3.0379;-0.0006;0.0100;522802.1218;34914.2814;0.3972;0.0668;0.0001;71505298.0300;41646.3127;16485.7581;16485.7581;-0.2507;0.0152;4513.6351;8595.5517;0.9977;12.0719;60.8224;0.0182;-13.9548;-49.0868;Defeito na Via;Saida de leito carrocavel;1-Acidente
227;165.00;42900;4;0.4583;2;1;1;153;4;490.4;496.8;6.4;1;1;4.79;1;5.2686;2.2202;-0.0008;0.0059;143601.8445;9633.5844;0.3862;0.0671;0.0002;6887480.8390;11810.4171;4305.5238;4305.5238;1.2293;0.0349;1184.6305;2316.8389;0.9915;6.3555;61.9818;0.0420;-16.6391;-49.2062;Objeto estatico sobre o leito carrocavel;Colisao com objeto estatico;1-Acidente
228;165.00;42900;4;0.6701;2;0;1;153;4;176.5;202.7;26.2;1;5;24.78;1;4.7981;2.5881;0.0011;0.0065;743137.2555;49602.5975;0.3999;0.0667;0.0001;33914591.2000;51095.0325;24142.7645;24142.7645;1.5542;0.0187;6793.4923;12255.8539;0.9984;14.3850;60.6353;0.0226;-14.4913;-49.1528;Restricao de Visibilidade;Colisao traseira;1-Acidente
229;165.00;42900;4;0.9444;4;1;1;50;4;163.5;207.6;44.1;1;5;44.10;0;3.7751;2.9501;0.0025;0.0065;1322883.3390;88252.2821;0.4040;0.0667;0.0001;314681291.0000;93141.7991;38369.5765;38369.5765;1.4679;0.0044;10574.3608;19692.1927;0.9989;19.1825;67.1781;0.0052;-17.2997;-47.7576;Defeito na Via;Capotamento;1-Acidente
230;166.00;42901;5;0.1250;4;1;1;50;4;163.5;207.6;44.1;1;5;44.10;0;3.7751;2.9501;0.0025;0.0065;1322883.3390;88252.2821;0.4040;0.0667;0.0001;314681291.0000;93141.7991;38369.5765;38369.5765;1.4679;0.0044;10574.3608;19692.1927;0.9989;19.1825;67.1781;0.0052;-17.2997;-47.7576;Defeito na Via;Saida de leito carrocavel;1-Acidente
231;166.00;42901;5;0.3958;2;1;1;153;4;243.2;275.6;32.4;1;5;32.44;0;6.1876;2.7545;0.0007;0.0096;973222.3101;64941.4284;0.4018;0.0667;0.0001;474841988.9000;89410.8028;27332.7850;27332.7850;1.0030;0.0378;7409.9024;16203.3291;0.9988;16.4572;60.0631;0.0455;-14.9712;-49.3906;Sinalizacao da via insuficiente ou inadequada;Capotamento;1-Acidente
232;170.00;42905;2;0.0208;4;0;1;70;4;0.0;4.0;4.0;1;1;5.30;1;8.5078;4.8424;-0.0042;0.0108;158945.6262;10656.3751;0.3872;0.0670;0.0002;9340310.2860;12239.0755;3207.6719;3207.6719;-0.8241;0.0216;1214.6194;2295.3066;0.9904;6.6823;69.2481;0.0261;-15.7807;-48.2342;Objeto estatico sobre o leito carrocavel;Capotamento;1-Acidente
233;173.00;42908;5;0.3021;2;0;1;60;2;38.7;50.9;12.2;1;1;12.15;1;4.7264;2.3770;0.0020;0.0082;364350.2289;24349.9989;0.3944;0.0668;0.0001;44686798.4400;30068.7017;4078.9887;4078.9887;1.2504;0.0211;3044.0131;5962.6342;0.9967;10.0851;61.1056;0.0255;-16.7860;-49.2538;Restricao de Visibilidade;Colisao traseira;1-Acidente
234;174.00;42909;6;0.0833;4;0;1;60;4;61.8;94.2;32.4;1;1;31.79;0;6.6435;3.5155;-0.0006;0.0082;953746.2467;63643.8595;0.4017;0.0667;0.0001;420980145.4000;82611.9925;18293.7215;18293.7215;-0.9114;0.0073;7780.6829;14915.0741;0.9986;16.2922;63.9451;0.0087;-16.2706;-48.7699;Objeto estatico sobre o leito carrocavel;Colisao com objeto estatico;1-Acidente
235;175.00;42910;7;0.6806;2;1;1;20;4;31.0;72.8;41.8;1;5;41.83;0;10.4369;10.7547;-0.0082;0.0233;1254847.2050;83716.4716;0.4036;0.0667;0.0001;299636980.4000;92122.3163;38221.7144;38221.7144;-1.4509;0.0057;9981.5824;19648.0370;0.9990;18.6834;63.8663;0.0062;-15.1665;-47.1429;Pista Escorregadia;Saida de leito carrocavel;1-Acidente
236;175.00;42910;7;0.7500;3;1;1;452;4;47.8;65.1;17.3;1;5;17.35;0;4.2376;2.0836;0.0001;0.0066;520656.3202;34770.6327;0.3972;0.0668;0.0001;101283119.1000;44643.2120;6335.8258;6335.8258;-0.3720;0.0406;4431.8404;8624.4254;0.9978;12.0469;60.3700;0.0393;-18.0163;-50.3461;Sinalizacao da via insuficiente ou inadequada;Colisao transversal;1-Acidente
237;91.00;42826;7;0.3319;2;0;1;50;4;270.1;280.5;10.4;1;5;10.32;1;5.6586;2.7604;0.0070;0.0110;309648.9968;20703.2676;0.3930;0.0669;0.0001;43260134.5400;26684.5221;7786.4099;7786.4099;-0.5895;0.0165;2554.9680;4878.5092;0.9959;9.3013;63.4721;0.0191;-18.1730;-47.9271;Pista Escorregadia;Queda de ocupante de veiculo;1-Acidente
238;139.00;42874;6;0.2535;1;1;4;60;4;61.8;94.2;32.4;1;1;31.79;0;6.6435;3.5155;-0.0006;0.0082;953746.2467;63643.8595;0.4017;0.0667;0.0001;420980145.4000;82611.9925;18293.7215;18293.7215;-0.9114;0.0073;7780.6829;14915.0741;0.9986;16.2922;63.9451;0.0087;-16.3127;-48.8301;Restricao de Visibilidade;Colisao traseira;1-Acidente
239;179.00;42914;4;0.4792;2;1;1;364;4;174.8;192.7;17.9;1;5;19.10;0;9.2279;4.8478;-0.0014;0.0105;572980.8374;38258.9433;0.3979;0.0668;0.0001;112620257.6000;43120.9751;8884.6177;8884.6177;-0.5761;0.0181;4193.7866;8008.9463;0.9972;12.6358;71.5426;0.0200;-17.9224;-51.6905;Defeito na Via;Tombamento;1-Acidente
240;180.00;42915;5;0.4132;2;1;1;60;4;109.2;139.4;30.2;1;1;30.11;1;9.5609;5.7119;-0.0045;0.0130;903351.3893;60283.4356;0.4013;0.0667;0.0001;378986039.0000;77890.5922;19027.6956;19027.6956;0.7552;0.0105;7431.2989;14024.3189;0.9985;15.8566;64.4132;0.0127;-16.4814;-49.0897;Restricao de Visibilidade;Colisao traseira;1-Acidente
241;180.00;42915;5;0.5278;2;0;1;153;4;565.3;582.4;17.1;1;1;16.95;0;8.4432;4.3856;0.0030;0.0101;508447.0727;33956.4717;0.3970;0.0668;0.0001;34057622.1100;35449.7804;15532.1761;15532.1761;-1.5201;0.0146;4632.1622;8086.0926;0.9975;11.9053;62.8792;0.0167;-17.3294;-49.2390;Restricao de Visibilidade;Saida de leito carrocavel;1-Acidente
242;180.00;42915;5;0.9167;4;0;1;60;4;162.1;189.3;27.2;1;1;27.25;0;5.7783;3.1522;0.0010;0.0093;817537.6396;54562.5896;0.4006;0.0667;0.0001;323537826.5000;73165.6057;14969.1221;14969.1221;0.5885;0.0098;6859.1972;13360.0011;0.9985;15.0862;61.1929;0.0118;-16.7322;-49.3971;Restricao de Visibilidade;Saida de leito carrocavel;1-Acidente
243;181.00;42916;6;0.2708;1;0;0;60;4;252.7;304.4;51.7;1;1;52.08;0;3.7630;2.0663;-0.0009;0.0055;1562350.4010;104216.8948;0.4051;0.0667;0.0001;1171983546.0000;139406.6711;28320.5728;28320.5728;-0.9647;0.0063;13478.0451;25123.4416;0.9992;20.8444;62.1870;0.0073;-17.2734;-50.2393;Objeto estatico sobre o leito carrocavel;Colisao com objeto estatico;1-Acidente
244;184.00;42919;2;0.3958;2;1;1;153;4;675.5;696.7;21.2;1;1;21.14;1;4.2415;1.8037;-0.0003;0.0055;633835.9377;42315.7689;0.3987;0.0668;0.0001;151943208.7000;54629.9236;19538.2611;19538.2611;0.3705;0.0237;5421.5957;10532.4382;0.9982;13.2878;60.1794;0.0283;-18.3505;-49.2191;Restricao de Visibilidade;Tombamento;1-Acidente
245;185.00;42920;3;0.0396;4;1;1;40;4;24.1;95.7;71.6;1;5;70.82;0;5.9605;4.0446;0.0062;0.0132;2124722.4680;141708.2175;0.4071;0.0667;0.0000;1757213738.0000;174931.1231;56196.4229;56196.4229;-1.1043;0.0036;17117.7420;32383.0929;0.9994;24.3043;65.6121;0.0040;-16.6648;-47.7188;Sinalizacao da via insuficiente ou inadequada;Saida de leito carrocavel;1-Acidente
246;190.00;42925;1;0.7708;3;1;1;153;4;275.6;285.3;9.7;1;5;9.55;0;6.8277;2.4252;0.0006;0.0087;286524.0221;19161.6015;0.3924;0.0669;0.0001;43349915.9900;26371.7459;6934.8363;6934.8363;-0.7515;0.0262;2561.3517;4730.2078;0.9959;8.9493;60.5732;0.0316;-15.1392;-49.5241;Objeto estatico sobre o leito carrocavel;Colisao com objeto estatico;1-Acidente
247;192.00;42927;3;0.0417;4;0;1;40;4;0.0;24.1;24.1;1;1;24.59;1;4.6421;2.4252;0.0026;0.0110;737608.5782;49237.1865;0.3998;0.0668;0.0001;194859822.9000;61797.3030;22069.1327;22069.1327;-1.1809;0.0137;6570.9312;11956.6449;0.9984;14.3324;61.6903;0.0153;-16.1175;-47.9668;Objeto estatico sobre o leito carrocavel;Capotamento;1-Acidente
248;194.00;42929;5;0.7396;3;1;0;60;4;162.1;189.3;27.2;1;1;27.25;1;5.7783;3.1522;0.0010;0.0093;817537.6396;54562.5896;0.4006;0.0667;0.0001;323537826.5000;73165.6057;14969.1221;14969.1221;0.5885;0.0098;6859.1972;13360.0011;0.9985;15.0862;61.1929;0.0118;-16.7540;-49.4352;Objeto estatico sobre o leito carrocavel;Saida de leito carrocavel;1-Acidente
249;194.00;42929;5;0.7500;3;0;1;70;4;0.0;4.0;4.0;1;1;5.30;1;8.5078;4.8424;-0.0042;0.0108;158945.6262;10656.3751;0.3872;0.0670;0.0002;9340310.2860;12239.0755;3207.6719;3207.6719;-0.8241;0.0216;1214.6194;2295.3066;0.9904;6.6823;69.2481;0.0261;-15.7623;-48.2344;Restricao de Visibilidade;Atropelamento de Pedestre;1-Acidente
250;194.00;42929;5;0.9757;4;0;1;40;4;24.1;95.7;71.6;1;5;70.82;0;5.9605;4.0446;0.0062;0.0132;2124722.4680;141708.2175;0.4071;0.0667;0.0000;1757213738.0000;174931.1231;56196.4229;56196.4229;-1.1043;0.0036;17117.7420;32383.0929;0.9994;24.3043;65.6121;0.0040;-16.2751;-47.8684;Restricao de Visibilidade;Colisao transversal;1-Acidente
251;196.00;42931;7;0.1667;4;0;0;452;4;139.1;181.1;42.0;1;5;42.03;0;5.7049;2.9849;-0.0006;0.0075;1261334.7330;84148.9500;0.4036;0.0667;0.0001;587678862.5000;106819.6690;15503.4110;15503.4110;-0.3590;0.0132;10338.2668;20551.0013;0.9990;18.7315;61.3758;0.0137;-18.3012;-49.5250;Objeto estatico sobre o leito carrocavel;Colisao com objeto estatico;1-Acidente
252;196.00;42931;7;0.5625;2;0;1;70;4;98.8;129.0;30.2;0;4;27.41;0;7.9306;4.3819;-0.0015;0.0108;822194.6974;54873.0621;0.4006;0.0667;0.0001;149142480.8000;60921.1451;6129.7841;6129.7841;-1.3497;0.0086;6459.8584;12616.3779;0.9984;15.1291;65.1688;0.0100;-15.8234;-49.2282;Restricao de Visibilidade;Colisao frontal;1-Acidente
253;196.00;42931;7;0.8194;4;0;1;158;4;203.1;232.0;28.9;1;5;28.08;0;3.7615;1.6937;0.0016;0.0050;842457.4318;56228.0363;0.4008;0.0667;0.0001;101765345.5000;60410.6213;26342.0882;26342.0882;0.0400;0.0075;7348.9366;13268.0757;0.9985;15.3151;63.4951;0.0091;-17.4337;-51.9069;Pista Escorregadia;Saida de leito carrocavel;1-Acidente
254;197.00;42932;1;0.8021;4;1;1;40;4;0.0;24.1;24.1;1;1;24.59;1;4.6421;2.4252;0.0026;0.0110;737608.5782;49237.1865;0.3998;0.0668;0.0001;194859822.9000;61797.3030;22069.1327;22069.1327;-1.1809;0.0137;6570.9312;11956.6449;0.9984;14.3324;61.6903;0.0153;-16.1491;-47.9417;Defeito na Via;Atropelamento de Pedestre;1-Acidente
255;202.00;42937;6;0.8333;4;0;1;60;4;109.2;139.4;30.2;1;1;30.11;0;9.5609;5.7119;-0.0045;0.0130;903351.3893;60283.4356;0.4013;0.0667;0.0001;378986039.0000;77890.5922;19027.6956;19027.6956;0.7552;0.0105;7431.2989;14024.3189;0.9985;15.8566;64.4132;0.0127;-16.4760;-49.0827;Restricao de Visibilidade;Atropelamento de Pedestre;1-Acidente
256;203.00;42938;7;0.5472;2;1;1;153;4;421.7;436.9;15.2;1;1;15.01;1;6.7221;2.9513;0.0009;0.0088;450167.0603;30071.1405;0.3961;0.0668;0.0001;103819188.2000;40806.8235;10707.2892;10707.2892;-0.8480;0.0167;3793.1754;7285.4226;0.9973;11.2048;61.7901;0.0188;-16.2863;-48.9446;Objeto estatico sobre o leito carrocavel;Colisao lateral;1-Acidente
257;203.00;42938;7;0.7188;2;0;1;153;4;503.8;513.1;9.3;1;1;9.25;1;5.9983;2.7403;-0.0009;0.0089;277590.3771;18566.0252;0.3921;0.0669;0.0001;6807381.7190;19703.7750;9104.1659;9104.1659;0.0517;0.0512;2400.4498;4578.9902;0.9958;8.8096;60.6226;0.0589;-16.7659;-49.2395;Defeito na Via;Queda de ocupante de veiculo;1-Acidente
258;208.00;42943;5;0.4583;2;1;1;80;4;153.0;181.3;28.3;1;5;28.41;0;4.2196;2.1751;0.0024;0.0062;852209.7968;56873.9864;0.4009;0.0667;0.0001;348345675.8000;75955.1994;22485.7762;22485.7762;-0.9580;0.0081;7499.7829;13726.4015;0.9986;15.4021;62.0854;0.0096;-14.8366;-49.0319;Sinalizacao da via insuficiente ou inadequada;Colisao transversal;1-Acidente
259;208.00;42943;5;0.7118;2;0;1;153;4;323.1;358.2;35.1;1;5;35.45;0;7.6328;4.3067;0.0003;0.0126;1063577.8870;70965.3629;0.4025;0.0667;0.0001;536800012.8000;95031.3004;29014.6531;29014.6531;-0.9897;0.0147;9490.5111;17240.7195;0.9989;17.2029;61.6899;0.0173;-15.6678;-49.3511;Pista Escorregadia;Incï¿½ndio;1-Acidente
260;216.00;42951;6;0.5104;2;0;1;40;4;0.0;24.1;24.1;1;1;24.59;1;4.6421;2.4252;0.0026;0.0110;737608.5782;49237.1865;0.3998;0.0668;0.0001;194859822.9000;61797.3030;22069.1327;22069.1327;-1.1809;0.0137;6570.9312;11956.6449;0.9984;14.3324;61.6903;0.0153;-16.0762;-47.9857;Pista Escorregadia;Tombamento;1-Acidente
261;218.00;42953;1;0.0660;4;0;1;20;4;185.7;214.7;29.0;1;5;29.40;0;6.7272;2.9612;0.0000;0.0094;881872.0819;58851.4724;0.4011;0.0667;0.0001;267467897.2000;68435.1754;22133.0282;22133.0282;-0.4769;0.0049;6229.0690;13160.0825;0.9984;15.6673;67.0111;0.0059;-14.3052;-46.4491;Pista Escorregadia;Capotamento;1-Acidente
262;225.00;42960;1;0.8403;4;0;1;50;4;95.7;106.7;11.0;1;5;10.60;1;4.5388;1.4948;0.0031;0.0044;317853.8229;21250.2536;0.3932;0.0669;0.0001;55655353.8600;29841.2573;7429.7188;7429.7188;0.7724;0.0829;3025.8634;5273.4166;0.9964;9.4230;60.2747;0.0933;-16.7670;-47.6166;Restricao de Visibilidade;Colisao com objeto estatico;1-Acidente