FID;data_conse;data_inver;dia_semana;horario;fase_dia;sentido_vi;condicao_m;vl_br;nm_tipo_tr;vl_km_inic;vl_km_fina;vl_extensa;ds_superfi;ds_legenda;Dist_km;TIPO;S_med;S_sd;CV_med;CV_sd;P_AREA;P_PERIM;P_FRACDIM;P_PERARAT;P_COMPAC;PBOX_AREA;PBOX_PERIM;PBOX_LEN;PBOX_WIDTH;POL_ANGLE;PELLIP_FIT;PGYRATIUS;POLRADIUS;PCIRCLE;PSAHPEIDX;PDENSITY;PRECTFIT;Lat;Long;causa_acid;tipo_acide;Acidente
263;227.00;42962;3;0.3958;2;1;1;153;4;378.1;403.0;24.9;1;5;24.81;0;7.7011;4.1585;-0.0012;0.0107;744203.6610;49673.5781;0.3999;0.0667;0.0001;300831194.0000;69378.6960;17263.9132;17263.9132;-0.7815;0.0176;6255.8784;12298.5539;0.9984;14.3953;60.5115;0.0198;-15.9883;-49.1541;Defeito na Via;Saida de leito carrocavel;1-Acidente
264;230.00;42965;6;0.0139;4;1;1;60;4;94.2;100.1;5.9;1;1;5.91;1;5.5455;2.4981;0.0036;0.0068;177441.3404;11889.4228;0.3882;0.0670;0.0002;16756394.7200;16492.2554;4616.2787;4616.2787;-0.6732;0.1108;1578.3260;2935.8750;0.9934;7.0562;60.4390;0.1207;-16.3706;-48.9417;Objeto estatico sobre o leito carrocavel;Colisao traseira;1-Acidente
265;231.00;42966;7;0.7778;4;0;1;153;4;598.2;621.7;23.5;1;1;23.56;0;7.3179;3.7872;-0.0002;0.0127;706595.5289;47166.4349;0.3995;0.0668;0.0001;144160711.3000;57737.3640;22446.1753;22446.1753;-1.2780;0.0278;5531.0345;11710.0440;0.9984;14.0277;60.3410;0.0332;-17.6011;-49.1889;Objeto estatico sobre o leito carrocavel;Saida de leito carrocavel;1-Acidente
266;231.00;42966;7;0.9375;4;1;1;60;4;109.2;139.4;30.2;1;1;30.11;0;9.5609;5.7119;-0.0045;0.0130;903351.3893;60283.4356;0.4013;0.0667;0.0001;378986039.0000;77890.5922;19027.6956;19027.6956;0.7552;0.0105;7431.2989;14024.3189;0.9985;15.8566;64.4132;0.0127;-16.5828;-49.1876;Restricao de Visibilidade;Queda de ocupante de veiculo;1-Acidente
267;232.00;42967;1;0.7500;3;0;3;158;4;269.4;270.7;1.3;1;1;1.36;1;5.1120;2.1133;0.0031;0.0077;40771.4657;2778.0518;0.3735;0.0681;0.0003;256465.1351;3078.6360;1349.2363;1349.2363;-1.4544;0.4122;370.2913;682.7375;0.9722;3.4396;59.7176;0.5077;-17.8628;-51.7298;Pista Escorregadia;Queda de ocupante de veiculo;1-Acidente
268;176.00;42911;1;0.2431;1;1;1;80;4;2.1;46.0;43.9;1;5;43.04;0;5.8165;3.7064;-0.0021;0.0112;1291195.5740;86140.9312;0.4038;0.0667;0.0001;361925451.1000;93449.9274;36922.7218;36922.7218;-1.3643;0.0057;8362.3921;19889.2558;0.9990;18.9519;64.9193;0.0064;-15.1943;-48.2841;Objeto estatico sobre o leito carrocavel;Colisao traseira;1-Acidente
269;235.00;42970;4;0.0069;4;1;0;50;4;280.5;311.7;31.2;1;5;31.03;0;8.9085;4.4913;0.0045;0.0151;930533.7419;62095.8063;0.4015;0.0667;0.0001;385011167.8000;81036.0205;25300.4455;25300.4455;1.0482;0.0188;8054.1504;14873.1966;0.9987;16.0930;62.5645;0.0195;-18.3737;-48.0595;Restricao de Visibilidade;Colisao traseira;1-Acidente
270;237.00;42972;6;0.8403;4;0;1;153;4;503.8;513.1;9.3;1;1;9.25;1;5.9983;2.7403;-0.0009;0.0089;277590.3771;18566.0252;0.3921;0.0669;0.0001;6807381.7190;19703.7750;9104.1659;9104.1659;0.0517;0.0512;2400.4498;4578.9902;0.9958;8.8096;60.6226;0.0589;-16.7707;-49.2388;Pista Escorregadia;Queda de ocupante de veiculo;1-Acidente
271;238.00;42973;7;0.9097;4;0;1;40;4;0.0;24.1;24.1;1;1;24.59;1;4.6421;2.4252;0.0026;0.0110;737608.5782;49237.1865;0.3998;0.0668;0.0001;194859822.9000;61797.3030;22069.1327;22069.1327;-1.1809;0.0137;6570.9312;11956.6449;0.9984;14.3324;61.6903;0.0153;-16.2320;-47.9132;Defeito na Via;Atropelamento de Animal;1-Acidente
272;238.00;42973;7;0.4167;2;0;1;158;4;163.9;186.9;23.0;1;5;21.51;0;6.2905;3.2384;0.0022;0.0101;645296.3448;43079.7566;0.3988;0.0668;0.0001;97053538.2800;50866.7300;20757.8563;20757.8563;1.3316;0.0295;5338.5738;10641.1021;0.9982;13.4071;60.6419;0.0313;-17.1967;-51.8929;Defeito na Via;Saida de leito carrocavel;1-Acidente
273;240.00;42975;2;0.7778;4;1;1;153;4;503.8;513.1;9.3;1;1;9.25;1;5.9983;2.7403;-0.0009;0.0089;277590.3771;18566.0252;0.3921;0.0669;0.0001;6807381.7190;19703.7750;9104.1659;9104.1659;0.0517;0.0512;2400.4498;4578.9902;0.9958;8.8096;60.6226;0.0589;-16.7287;-49.2422;Restricao de Visibilidade;Colisao lateral;1-Acidente
274;241.00;42976;3;0.7569;3;1;1;153;4;436.9;445.2;8.3;1;1;8.65;1;6.1786;2.8924;-0.0007;0.0092;259393.5311;17352.9203;0.3915;0.0669;0.0001;17893343.1000;19760.4979;7491.8859;7491.8859;0.1904;0.0165;2139.8802;4062.0816;0.9950;8.5179;63.8573;0.0198;-16.3322;-48.9223;Objeto estatico sobre o leito carrocavel;Saida de leito carrocavel;1-Acidente
275;246.00;42981;1;0.2778;2;1;1;153;4;436.9;445.2;8.3;1;1;8.65;1;6.1786;2.8924;-0.0007;0.0092;259393.5311;17352.9203;0.3915;0.0669;0.0001;17893343.1000;19760.4979;7491.8859;7491.8859;0.1904;0.0165;2139.8802;4062.0816;0.9950;8.5179;63.8573;0.0198;-16.3525;-48.9286;Defeito na Via;Tombamento;1-Acidente
276;247.00;42982;2;0.9097;4;1;1;50;4;119.2;125.2;6.0;1;5;6.11;0;2.3794;1.0251;0.0015;0.0043;183176.9526;12271.7969;0.3885;0.0670;0.0002;17417561.7200;16765.9689;4580.1376;4580.1376;0.8756;0.0338;1633.0881;2991.8052;0.9935;7.1682;61.2262;0.0407;-16.9595;-47.7368;Objeto estatico sobre o leito carrocavel;Colisao com objeto estatico;1-Acidente
277;249.00;42984;4;0.2604;2;1;1;153;4;403.0;421.7;18.7;1;2;18.50;0;12.6522;6.5963;0.0002;0.0157;554988.8583;37059.2522;0.3977;0.0668;0.0001;74671244.8500;41062.8135;15807.6725;15807.6725;-1.3411;0.0092;4177.9510;8315.2412;0.9974;12.4364;66.7436;0.0104;-16.1656;-49.0433;Pista Escorregadia;Saida de leito carrocavel;1-Acidente
278;249.00;42984;4;0.4340;2;0;1;20;4;3.7;22.0;18.3;1;5;17.79;0;4.6989;2.1676;0.0007;0.0064;533527.0853;35628.4384;0.3974;0.0668;0.0001;42591912.8200;37696.9261;2625.3914;2625.3914;0.0257;0.0121;4128.6522;8449.8276;0.9976;12.1943;63.1406;0.0130;-15.5621;-47.2138;Objeto estatico sobre o leito carrocavel;Colisao frontal;1-Acidente
279;252.00;42987;7;0.7535;3;1;1;50;4;95.7;106.7;11.0;1;5;10.60;1;4.5388;1.4948;0.0031;0.0044;317853.8229;21250.2536;0.3932;0.0669;0.0001;55655353.8600;29841.2573;7429.7188;7429.7188;0.7724;0.0829;3025.8634;5273.4166;0.9964;9.4230;60.2747;0.0933;-16.7631;-47.6135;Restricao de Visibilidade;Colisao transversal;1-Acidente
280;254.00;42989;2;0.5208;2;1;1;40;4;24.1;95.7;71.6;1;5;70.82;0;5.9605;4.0446;0.0062;0.0132;2124722.4680;141708.2175;0.4071;0.0667;0.0000;1757213738.0000;174931.1231;56196.4229;56196.4229;-1.1043;0.0036;17117.7420;32383.0929;0.9994;24.3043;65.6121;0.0040;-16.2645;-47.8906;Pista Escorregadia;Capotamento;1-Acidente
281;240.00;42975;2;0.6667;2;1;1;153;4;496.8;501.3;4.5;1;1;6.15;1;8.1779;5.2360;0.0039;0.0082;184363.8059;12350.9005;0.3885;0.0670;0.0002;8880756.8080;14554.9349;5726.7055;5726.7055;1.3570;0.0280;1551.3433;2971.9824;0.9934;7.1912;62.0340;0.0337;-16.6648;-49.2240;Sinalizacao da via insuficiente ou inadequada;Colisao lateral;1-Acidente
282;255.00;42990;3;0.6667;2;0;5;158;4;163.9;186.9;23.0;1;5;21.51;0;6.2905;3.2384;0.0022;0.0101;645296.3448;43079.7566;0.3988;0.0668;0.0001;97053538.2800;50866.7300;20757.8563;20757.8563;1.3316;0.0295;5338.5738;10641.1021;0.9982;13.4071;60.6419;0.0313;-17.0805;-51.8632;Defeito na Via;Tombamento;1-Acidente
283;256.00;42991;4;0.4028;2;0;1;158;4;119.9;151.9;32.0;1;5;41.42;0;5.3772;2.9977;0.0000;0.0079;1242712.1260;82907.4732;0.4035;0.0667;0.0001;456437135.7000;96373.2171;35231.0857;35231.0857;1.2800;0.0041;10110.1648;19197.9352;0.9989;18.5930;64.7316;0.0049;-16.9178;-51.7994;Defeito na Via;Saida de leito carrocavel;1-Acidente
284;218.00;42953;1;0.8438;4;0;1;50;4;95.7;106.7;11.0;1;5;10.60;1;4.5388;1.4948;0.0031;0.0044;317853.8229;21250.2536;0.3932;0.0669;0.0001;55655353.8600;29841.2573;7429.7188;7429.7188;0.7724;0.0829;3025.8634;5273.4166;0.9964;9.4230;60.2747;0.0933;-16.7670;-47.6166;Objeto estatico sobre o leito carrocavel;Colisao com objeto estatico;1-Acidente
285;259.00;42994;7;0.3090;2;0;1;20;4;143.3;180.7;37.4;1;5;34.10;0;2.9901;1.5943;-0.0010;0.0053;1023076.7730;68269.2227;0.4022;0.0667;0.0001;480778640.4000;90137.1552;27731.9355;27731.9355;1.0193;0.0074;8832.5715;16745.4032;0.9988;16.8737;61.0960;0.0084;-14.6341;-46.6234;Defeito na Via;Colisao transversal;1-Acidente
286;259.00;42994;7;0.3542;2;0;1;158;4;203.1;232.0;28.9;1;5;28.08;0;3.7615;1.6937;0.0016;0.0050;842457.4318;56228.0363;0.4008;0.0667;0.0001;101765345.5000;60410.6213;26342.0882;26342.0882;0.0400;0.0075;7348.9366;13268.0757;0.9985;15.3151;63.4951;0.0091;-17.3544;-51.8789;Defeito na Via;Capotamento;1-Acidente
287;260.00;42995;1;0.3438;2;0;1;60;4;32.4;60.4;28.0;1;1;26.58;0;10.4743;4.4021;0.0056;0.0182;797501.6100;53226.7189;0.4004;0.0667;0.0001;215768657.2000;61641.2359;10751.0209;10751.0209;-1.0607;0.0113;5598.5887;11426.8888;0.9981;14.9006;69.7917;0.0111;-16.1482;-48.6085;Defeito na Via;Saida de leito carrocavel;1-Acidente
288;260.00;42995;1;0.7257;2;0;1;20;4;185.7;214.7;29.0;1;5;29.40;0;6.7272;2.9612;0.0000;0.0094;881872.0819;58851.4724;0.4011;0.0667;0.0001;267467897.2000;68435.1754;22133.0282;22133.0282;-0.4769;0.0049;6229.0690;13160.0825;0.9984;15.6673;67.0111;0.0059;-14.3061;-46.4493;Sinalizacao da via insuficiente ou inadequada;Tombamento;1-Acidente
289;262.00;42997;3;0.2604;1;1;1;153;4;582.4;598.2;15.8;1;1;15.87;0;8.9085;3.1968;0.0008;0.0102;475916.2960;31787.7493;0.3965;0.0668;0.0001;35544190.8500;34659.6363;14952.7115;14952.7115;-1.4608;0.0200;4113.4161;7518.8540;0.9973;11.5195;63.2964;0.0192;-17.5178;-49.2160;Objeto estatico sobre o leito carrocavel;Saida de leito carrocavel;1-Acidente
290;262.00;42997;3;0.7465;3;1;1;153;4;503.8;513.1;9.3;1;1;9.25;1;5.9983;2.7403;-0.0009;0.0089;277590.3771;18566.0252;0.3921;0.0669;0.0001;6807381.7190;19703.7750;9104.1659;9104.1659;0.0517;0.0512;2400.4498;4578.9902;0.9958;8.8096;60.6226;0.0589;-16.7308;-49.2434;Pista Escorregadia;Queda de ocupante de veiculo;1-Acidente
291;264.00;42999;5;0.1389;4;0;1;40;4;0.0;24.1;24.1;1;1;24.59;1;4.6421;2.4252;0.0026;0.0110;737608.5782;49237.1865;0.3998;0.0668;0.0001;194859822.9000;61797.3030;22069.1327;22069.1327;-1.1809;0.0137;6570.9312;11956.6449;0.9984;14.3324;61.6903;0.0153;-16.2263;-47.9144;Pista Escorregadia;Colisao com objeto estatico;1-Acidente
292;265.00;43000;6;0.8090;4;1;1;60;4;94.2;100.1;5.9;1;1;5.91;1;5.5455;2.4981;0.0036;0.0068;177441.3404;11889.4228;0.3882;0.0670;0.0002;16756394.7200;16492.2554;4616.2787;4616.2787;-0.6732;0.1108;1578.3260;2935.8750;0.9934;7.0562;60.4390;0.1207;-16.3660;-48.9370;Objeto estatico sobre o leito carrocavel;Colisao traseira;1-Acidente
293;266.00;43001;7;0.6771;2;0;5;153;4;378.1;403.0;24.9;1;5;24.81;0;7.7011;4.1585;-0.0012;0.0107;744203.6610;49673.5781;0.3999;0.0667;0.0001;300831194.0000;69378.6960;17263.9132;17263.9132;-0.7815;0.0176;6255.8784;12298.5539;0.9984;14.3953;60.5115;0.0198;-15.9615;-49.1792;Defeito na Via;Saida de leito carrocavel;1-Acidente
294;269.00;43004;3;0.5451;2;0;1;20;4;0.0;3.7;3.7;1;5;3.70;1;6.0093;2.4308;0.0004;0.0066;111111.4595;7467.4307;0.3838;0.0672;0.0002;6101420.9520;10079.7731;2021.2519;2021.2519;0.6145;0.0629;945.4276;1834.7978;0.9895;5.6006;60.5579;0.0758;-15.5758;-47.3295;Restricao de Visibilidade;Colisao lateral;1-Acidente
295;270.00;43005;4;0.5917;2;0;3;40;4;0.0;24.1;24.1;1;1;24.59;1;4.6421;2.4252;0.0026;0.0110;737608.5782;49237.1865;0.3998;0.0668;0.0001;194859822.9000;61797.3030;22069.1327;22069.1327;-1.1809;0.0137;6570.9312;11956.6449;0.9984;14.3324;61.6903;0.0153;-16.0861;-47.9865;Pista Escorregadia;Colisao lateral;1-Acidente
296;271.00;43006;5;0.3958;2;1;1;153;4;436.9;445.2;8.3;1;1;8.65;1;6.1786;2.8924;-0.0007;0.0092;259393.5311;17352.9203;0.3915;0.0669;0.0001;17893343.1000;19760.4979;7491.8859;7491.8859;0.1904;0.0165;2139.8802;4062.0816;0.9950;8.5179;63.8573;0.0198;-16.3428;-48.9240;Objeto estatico sobre o leito carrocavel;Capotamento;1-Acidente
297;271.00;43006;5;0.7882;4;0;1;60;4;349.9;381.1;31.2;1;1;31.20;1;4.8788;1.9706;-0.0004;0.0055;935944.6761;62456.3115;0.4016;0.0667;0.0001;446696771.0000;84577.1279;21763.8698;21763.8698;0.8132;0.0090;8071.9274;15183.9966;0.9987;16.1395;61.6402;0.0105;-17.7769;-50.8906;Sinalizacao da via insuficiente ou inadequada;Colisao traseira;1-Acidente
298;272.00;43007;6;0.1181;4;0;1;153;4;503.8;513.1;9.3;1;1;9.25;1;5.9983;2.7403;-0.0009;0.0089;277590.3771;18566.0252;0.3921;0.0669;0.0001;6807381.7190;19703.7750;9104.1659;9104.1659;0.0517;0.0512;2400.4498;4578.9902;0.9958;8.8096;60.6226;0.0589;-16.8101;-49.2395;Sinalizacao da via insuficiente ou inadequada;Colisao traseira;1-Acidente
299;272.00;43007;6;0.7222;2;1;2;60;4;393.1;464.3;71.2;1;1;70.95;0;4.7239;2.6829;-0.0008;0.0067;2129317.1480;142014.4672;0.4071;0.0667;0.0000;569130802.4000;154214.7385;8267.4535;8267.4535;-1.4598;0.0065;17293.9325;34797.2814;0.9994;24.3306;61.1921;0.0077;-17.8180;-51.2598;Pista Escorregadia;Colisao transversal;1-Acidente
300;273.00;43008;7;0.5625;2;1;2;50;4;209.8;245.4;35.6;1;5;34.92;0;6.1238;4.3039;0.0090;0.0132;1047319.6180;69881.2920;0.4024;0.0667;0.0001;255951534.3000;77908.3442;30585.8820;30585.8820;1.3855;0.0056;8354.0595;15995.7782;0.9987;17.0711;65.4748;0.0066;-17.8683;-47.7891;Pista Escorregadia;Saida de leito carrocavel;1-Acidente
301;273.00;43008;7;0.6181;2;0;3;60;4;349.9;381.1;31.2;1;1;31.20;0;4.8788;1.9706;-0.0004;0.0055;935944.6761;62456.3115;0.4016;0.0667;0.0001;446696771.0000;84577.1279;21763.8698;21763.8698;0.8132;0.0090;8071.9274;15183.9966;0.9987;16.1395;61.6402;0.0105;-17.6989;-50.8437;Pista Escorregadia;Saida de leito carrocavel;1-Acidente
302;273.00;43008;7;0.9757;4;1;2;60;4;61.8;94.2;32.4;1;1;31.79;0;6.6435;3.5155;-0.0006;0.0082;953746.2467;63643.8595;0.4017;0.0667;0.0001;420980145.4000;82611.9925;18293.7215;18293.7215;-0.9114;0.0073;7780.6829;14915.0741;0.9986;16.2922;63.9451;0.0087;-16.2760;-48.7777;Pista Escorregadia;Saida de leito carrocavel;1-Acidente
303;274.00;43009;1;0.8542;4;0;0;452;4;47.8;65.1;17.3;1;5;17.35;0;4.2376;2.0836;0.0001;0.0066;520656.3202;34770.6327;0.3972;0.0668;0.0001;101283119.1000;44643.2120;6335.8258;6335.8258;-0.3720;0.0406;4431.8404;8624.4254;0.9978;12.0469;60.3700;0.0393;-18.0024;-50.3742;Pista Escorregadia;Saida de leito carrocavel;1-Acidente
304;275.00;43010;2;0.6042;2;1;2;60;4;109.2;139.4;30.2;1;1;30.11;0;9.5609;5.7119;-0.0045;0.0130;903351.3893;60283.4356;0.4013;0.0667;0.0001;378986039.0000;77890.5922;19027.6956;19027.6956;0.7552;0.0105;7431.2989;14024.3189;0.9985;15.8566;64.4132;0.0127;-16.4732;-49.0789;Pista Escorregadia;Saida de leito carrocavel;1-Acidente
305;275.00;43010;2;0.6563;2;0;2;60;4;162.1;189.3;27.2;1;1;27.25;0;5.7783;3.1522;0.0010;0.0093;817537.6396;54562.5896;0.4006;0.0667;0.0001;323537826.5000;73165.6057;14969.1221;14969.1221;0.5885;0.0098;6859.1972;13360.0011;0.9985;15.0862;61.1929;0.0118;-16.7603;-49.4577;Pista Escorregadia;Saida de leito carrocavel;1-Acidente
306;275.00;43010;2;0.6979;2;0;2;50;4;270.1;280.5;10.4;1;5;10.32;0;5.6586;2.7604;0.0070;0.0110;309648.9968;20703.2676;0.3930;0.0669;0.0001;43260134.5400;26684.5221;7786.4099;7786.4099;-0.5895;0.0165;2554.9680;4878.5092;0.9959;9.3013;63.4721;0.0191;-18.1172;-47.8948;Pista Escorregadia;Colisao frontal;1-Acidente
307;275.00;43010;2;0.6667;2;1;2;364;4;259.4;296.2;36.8;1;5;37.07;0;7.8356;3.9084;0.0013;0.0124;1112343.5600;74216.4330;0.4028;0.0667;0.0001;326127976.1000;84333.1350;10203.1699;10203.1699;1.2447;0.0073;8436.1943;16962.8737;0.9988;17.5922;65.5752;0.0081;-17.6705;-52.2524;Pista Escorregadia;Saida de leito carrocavel;1-Acidente
308;275.00;43010;2;0.7292;2;0;2;153;4;243.2;275.6;32.4;1;5;32.44;0;6.1876;2.7545;0.0007;0.0096;973222.3101;64941.4284;0.4018;0.0667;0.0001;474841988.9000;89410.8028;27332.7850;27332.7850;1.0030;0.0378;7409.9024;16203.3291;0.9988;16.4572;60.0631;0.0455;-14.9285;-49.3644;Pista Escorregadia;Saida de leito carrocavel;1-Acidente
309;275.00;43010;2;0.6250;2;0;2;364;4;259.4;296.2;36.8;1;5;37.07;0;7.8356;3.9084;0.0013;0.0124;1112343.5600;74216.4330;0.4028;0.0667;0.0001;326127976.1000;84333.1350;10203.1699;10203.1699;1.2447;0.0073;8436.1943;16962.8737;0.9988;17.5922;65.5752;0.0081;-17.6708;-52.2952;Pista Escorregadia;Derramamento de carga;1-Acidente
310;278.00;43013;5;0.1458;4;0;1;153;4;68.9;107.5;38.6;1;5;36.02;0;4.5118;1.9765;0.0029;0.0070;1080219.8790;72074.5898;0.4026;0.0667;0.0001;376399068.3000;85420.6848;30279.5350;30279.5350;-1.1392;0.0066;8502.9177;16523.4507;0.9987;17.3367;65.3750;0.0070;-13.6528;-49.0377;Defeito na Via;Tombamento;1-Acidente
311;258.00;42993;6;0.7917;4;1;1;153;4;107.5;124.9;17.4;1;5;17.30;0;5.4824;2.2308;0.0011;0.0084;518745.3617;34643.0242;0.3972;0.0668;0.0001;56687098.4500;40229.6306;16725.5671;16725.5671;-0.1940;0.0445;4559.3653;8603.2175;0.9978;12.0248;60.2967;0.0460;-13.8497;-49.0478;Restricao de Visibilidade;Colisao transversal;1-Acidente
312;279.00;43014;6;0.6389;2;0;2;60;4;393.1;464.3;71.2;1;1;70.95;0;4.7239;2.6829;-0.0008;0.0067;2129317.1480;142014.4672;0.4071;0.0667;0.0000;569130802.4000;154214.7385;8267.4535;8267.4535;-1.4598;0.0065;17293.9325;34797.2814;0.9994;24.3306;61.1921;0.0077;-17.8724;-51.6197;Pista Escorregadia;Capotamento;1-Acidente
313;280.00;43015;7;0.3125;2;1;1;414;4;392.9;409.3;16.4;1;5;17.26;0;10.5277;5.7669;-0.0047;0.0149;517919.8350;34587.9872;0.3972;0.0668;0.0001;80213454.8600;40442.6333;14802.3485;14802.3485;1.2144;0.0169;4329.4331;7904.4093;0.9974;12.0153;65.5229;0.0189;-16.0278;-48.8476;Sinalizacao da via insuficiente ou inadequada;Colisao traseira;1-Acidente
314;281.00;43016;1;0.6806;2;1;1;60;4;32.4;60.4;28.0;1;1;26.58;0;10.4743;4.4021;0.0056;0.0182;797501.6100;53226.7189;0.4004;0.0667;0.0001;215768657.2000;61641.2359;10751.0209;10751.0209;-1.0607;0.0113;5598.5887;11426.8888;0.9981;14.9006;69.7917;0.0111;-16.1124;-48.5598;Objeto estatico sobre o leito carrocavel;Colisao com objeto estatico;1-Acidente
315;282.00;43017;2;0.4965;2;0;1;40;4;0.0;24.1;24.1;1;1;24.59;1;4.6421;2.4252;0.0026;0.0110;737608.5782;49237.1865;0.3998;0.0668;0.0001;194859822.9000;61797.3030;22069.1327;22069.1327;-1.1809;0.0137;6570.9312;11956.6449;0.9984;14.3324;61.6903;0.0153;-16.0571;-47.9827;Pista Escorregadia;Queda de ocupante de veiculo;1-Acidente
316;284.00;43019;4;0.4132;2;1;1;153;4;323.1;358.2;35.1;1;5;35.45;0;7.6328;4.3067;0.0003;0.0126;1063577.8870;70965.3629;0.4025;0.0667;0.0001;536800012.8000;95031.3004;29014.6531;29014.6531;-0.9897;0.0147;9490.5111;17240.7195;0.9989;17.2029;61.6899;0.0173;-15.5323;-49.4500;Defeito na Via;Saida de leito carrocavel;1-Acidente
317;285.00;43020;5;0.0243;4;1;1;60;4;100.1;109.2;9.1;1;1;9.26;0;6.0212;2.9460;0.0035;0.0101;277808.7984;18580.5866;0.3921;0.0669;0.0001;35499151.7900;23867.5341;5643.5460;5643.5460;0.7046;0.0157;2347.0098;4430.9799;0.9955;8.8131;62.6969;0.0190;-16.4098;-48.9913;Objeto estatico sobre o leito carrocavel;Tombamento;1-Acidente
318;286.00;43021;6;0.3750;2;0;1;60;4;32.4;60.4;28.0;1;1;26.58;0;10.4743;4.4021;0.0056;0.0182;797501.6100;53226.7189;0.4004;0.0667;0.0001;215768657.2000;61641.2359;10751.0209;10751.0209;-1.0607;0.0113;5598.5887;11426.8888;0.9981;14.9006;69.7917;0.0111;-16.1845;-48.6957;Restricao de Visibilidade;Colisao lateral;1-Acidente
319;286.00;43021;6;0.7569;3;1;1;153;4;323.1;358.2;35.1;1;5;35.45;0;7.6328;4.3067;0.0003;0.0126;1063577.8870;70965.3629;0.4025;0.0667;0.0001;536800012.8000;95031.3004;29014.6531;29014.6531;-0.9897;0.0147;9490.5111;17240.7195;0.9989;17.2029;61.6899;0.0173;-15.4966;-49.4847;Sinalizacao da via insuficiente ou inadequada;Colisao traseira;1-Acidente
320;296.00;43031;2;0.6250;2;0;1;158;4;186.9;203.1;16.2;1;5;17.25;0;7.3596;4.4008;0.0045;0.0121;517579.0081;34565.9089;0.3972;0.0668;0.0001;36763869.1100;36060.0041;15686.3108;15686.3108;-1.4750;0.0179;4004.9081;7958.9976;0.9974;12.0116;65.0307;0.0165;-17.2970;-51.8907;Defeito na Via;Saida de leito carrocavel;1-Acidente
321;301.00;43036;7;0.1042;4;0;2;153;4;675.5;696.7;21.2;1;1;21.14;0;4.2415;1.8037;-0.0003;0.0055;633835.9377;42315.7689;0.3987;0.0668;0.0001;151943208.7000;54629.9236;19538.2611;19538.2611;0.3705;0.0237;5421.5957;10532.4382;0.9982;13.2878;60.1794;0.0283;-18.2927;-49.2379;Pista Escorregadia;Saida de leito carrocavel;1-Acidente
322;302.00;43037;1;0.3125;2;1;2;60;4;189.3;210.8;21.5;1;1;20.71;0;4.3876;2.1146;0.0011;0.0064;621346.9284;41483.1338;0.3986;0.0668;0.0001;185966248.8000;54751.3012;12508.7101;12508.7101;0.7416;0.0111;4977.8164;9777.8793;0.9979;13.1566;63.5462;0.0130;-16.9065;-49.6497;Pista Escorregadia;Colisao com objeto estatico;1-Acidente
323;304.00;43039;3;0.7083;2;1;2;60;4;162.1;189.3;27.2;1;1;27.25;0;5.7783;3.1522;0.0010;0.0093;817537.6396;54562.5896;0.4006;0.0667;0.0001;323537826.5000;73165.6057;14969.1221;14969.1221;0.5885;0.0098;6859.1972;13360.0011;0.9985;15.0862;61.1929;0.0118;-16.8069;-49.5257;Pista Escorregadia;Saida de leito carrocavel;1-Acidente
324;304.00;43039;3;0.7431;2;0;2;40;4;24.1;95.7;71.6;1;5;70.82;0;5.9605;4.0446;0.0062;0.0132;2124722.4680;141708.2175;0.4071;0.0667;0.0000;1757213738.0000;174931.1231;56196.4229;56196.4229;-1.1043;0.0036;17117.7420;32383.0929;0.9994;24.3043;65.6121;0.0040;-16.7065;-47.6868;Pista Escorregadia;Capotamento;1-Acidente
325;304.00;43039;3;0.7431;2;1;2;60;4;349.9;381.1;31.2;1;1;31.20;0;4.8788;1.9706;-0.0004;0.0055;935944.6761;62456.3115;0.4016;0.0667;0.0001;446696771.0000;84577.1279;21763.8698;21763.8698;0.8132;0.0090;8071.9274;15183.9966;0.9987;16.1395;61.6402;0.0105;-17.5988;-50.7375;Pista Escorregadia;Saida de leito carrocavel;1-Acidente
326;304.00;43039;3;0.7431;2;1;2;153;4;515.8;531.3;15.5;1;1;14.43;0;7.1297;3.1469;0.0038;0.0106;433048.3257;28929.8791;0.3958;0.0668;0.0001;24253133.8800;30964.9142;13713.9570;13713.9570;-1.5574;0.0167;3783.5267;7093.2203;0.9973;10.9905;61.0510;0.0208;-16.9376;-49.2530;Pista Escorregadia;Saida de leito carrocavel;1-Acidente
327;304.00;43039;3;0.7222;4;1;2;153;4;533.3;555.5;22.2;1;1;24.09;1;7.6587;3.8221;-0.0017;0.0116;722702.9898;48240.0586;0.3997;0.0667;0.0001;56209149.7200;51218.7005;23184.9716;23184.9716;-1.4855;0.0254;5855.9792;11693.5957;0.9983;14.1863;61.8033;0.0262;-16.9815;-49.2296;Pista Escorregadia;Capotamento;1-Acidente
328;304.00;43039;3;0.8125;4;0;2;60;4;109.2;139.4;30.2;1;1;30.11;0;9.5609;5.7119;-0.0045;0.0130;903351.3893;60283.4356;0.4013;0.0667;0.0001;378986039.0000;77890.5922;19027.6956;19027.6956;0.7552;0.0105;7431.2989;14024.3189;0.9985;15.8566;64.4132;0.0127;-16.4685;-49.0697;Pista Escorregadia;Saida de leito carrocavel;1-Acidente