FID;data_conse;data_inver;dia_semana;horario;fase_dia;sentido_vi;condicao_m;vl_br;nm_tipo_tr;vl_km_inic;vl_km_fina;vl_extensa;ds_superfi;ds_legenda;Dist_km;TIPO;S_med;S_sd;CV_med;CV_sd;P_AREA;P_PERIM;P_FRACDIM;P_PERARAT;P_COMPAC;PBOX_AREA;PBOX_PERIM;PBOX_LEN;PBOX_WIDTH;POL_ANGLE;PELLIP_FIT;PGYRATIUS;POLRADIUS;PCIRCLE;PSAHPEIDX;PDENSITY;PRECTFIT;Lat;Long;causa_acid;tipo_acide;Acidente
329;304.00;43039;3;0.7500;2;0;2;60;4;162.1;189.3;27.2;1;1;27.25;0;5.7783;3.1522;0.0010;0.0093;817537.6396;54562.5896;0.4006;0.0667;0.0001;323537826.5000;73165.6057;14969.1221;14969.1221;0.5885;0.0098;6859.1972;13360.0011;0.9985;15.0862;61.1929;0.0118;-16.7879;-49.4989;Pista Escorregadia;Capotamento;1-Acidente
330;305.00;43040;4;0.7813;3;0;2;60;4;32.4;60.4;28.0;1;1;26.58;0;10.4743;4.4021;0.0056;0.0182;797501.6100;53226.7189;0.4004;0.0667;0.0001;215768657.2000;61641.2359;10751.0209;10751.0209;-1.0607;0.0113;5598.5887;11426.8888;0.9981;14.9006;69.7917;0.0111;-16.1445;-48.6005;Pista Escorregadia;Saida de leito carrocavel;1-Acidente
331;306.00;43041;5;0.6250;2;0;7;153;4;503.8;513.1;9.3;1;1;9.25;1;5.9983;2.7403;-0.0009;0.0089;277590.3771;18566.0252;0.3921;0.0669;0.0001;6807381.7190;19703.7750;9104.1659;9104.1659;0.0517;0.0512;2400.4498;4578.9902;0.9958;8.8096;60.6226;0.0589;-16.7714;-49.2385;Pista Escorregadia;Capotamento;1-Acidente
332;307.00;43042;6;0.6250;2;1;2;60;4;349.9;381.1;31.2;1;1;31.20;0;4.8788;1.9706;-0.0004;0.0055;935944.6761;62456.3115;0.4016;0.0667;0.0001;446696771.0000;84577.1279;21763.8698;21763.8698;0.8132;0.0090;8071.9274;15183.9966;0.9987;16.1395;61.6402;0.0105;-17.6428;-50.7887;Pista Escorregadia;Capotamento;1-Acidente
333;309.00;43044;1;0.3160;2;1;2;153;4;515.8;531.3;15.5;1;1;14.43;0;7.1297;3.1469;0.0038;0.0106;433048.3257;28929.8791;0.3958;0.0668;0.0001;24253133.8800;30964.9142;13713.9570;13713.9570;-1.5574;0.0167;3783.5267;7093.2203;0.9973;10.9905;61.0510;0.0208;-16.9288;-49.2515;Pista Escorregadia;Saida de leito carrocavel;1-Acidente
334;309.00;43044;1;0.8542;4;1;0;153;4;496.8;501.3;4.5;1;1;6.15;1;8.1779;5.2360;0.0039;0.0082;184363.8059;12350.9005;0.3885;0.0670;0.0002;8880756.8080;14554.9349;5726.7055;5726.7055;1.3570;0.0280;1551.3433;2971.9824;0.9934;7.1912;62.0340;0.0337;-16.6585;-49.2197;Defeito na Via;Queda de ocupante de veiculo;1-Acidente
335;310.00;43045;2;0.7500;3;0;2;364;4;152.5;174.8;22.3;1;5;22.56;0;5.9454;2.7318;-0.0011;0.0084;676742.3377;45176.1561;0.3992;0.0668;0.0001;232720421.2000;61241.3759;16608.8861;16608.8861;-0.8578;0.0142;5414.8621;11017.2533;0.9982;13.7290;61.4257;0.0155;-18.0476;-51.5469;Pista Escorregadia;Saida de leito carrocavel;1-Acidente
336;310.00;43045;2;0.9236;4;1;1;60;4;160.2;162.1;1.9;1;1;2.08;1;2.6488;1.1260;0.0011;0.0039;62262.1598;4210.7948;0.3780;0.0676;0.0003;1798719.0450;5618.5174;987.1792;987.1792;0.4904;0.1813;552.9644;1026.1132;0.9812;4.2188;60.6777;0.2186;-16.7004;-49.3334;Objeto estatico sobre o leito carrocavel;Colisao transversal;1-Acidente
337;311.00;43046;3;0.1528;4;0;7;153;4;275.6;285.3;9.7;1;5;9.55;0;6.8277;2.4252;0.0006;0.0087;286524.0221;19161.6015;0.3924;0.0669;0.0001;43349915.9900;26371.7459;6934.8363;6934.8363;-0.7515;0.0262;2561.3517;4730.2078;0.9959;8.9493;60.5732;0.0316;-15.1363;-49.5203;Objeto estatico sobre o leito carrocavel;Saida de leito carrocavel;1-Acidente
338;311.00;43046;3;0.7639;4;0;2;70;4;0.0;4.0;4.0;1;1;5.30;1;8.5078;4.8424;-0.0042;0.0108;158945.6262;10656.3751;0.3872;0.0670;0.0002;9340310.2860;12239.0755;3207.6719;3207.6719;-0.8241;0.0216;1214.6194;2295.3066;0.9904;6.6823;69.2481;0.0261;-15.7723;-48.2309;Pista Escorregadia;Saida de leito carrocavel;1-Acidente
339;312.00;43047;4;0.0174;4;0;2;60;4;4.8;30.4;25.6;1;1;25.32;0;10.5936;6.7980;0.0018;0.0152;759407.7881;50687.4319;0.4000;0.0667;0.0001;76696915.5600;51985.6793;3393.8154;3393.8154;0.0215;0.0086;5950.2956;11630.8179;0.9982;14.5413;65.2927;0.0106;-16.1164;-48.3219;Pista Escorregadia;Capotamento;1-Acidente
340;312.00;43047;4;0.3854;2;0;2;153;4;176.5;202.7;26.2;1;5;24.78;0;4.7981;2.5881;0.0011;0.0065;743137.2555;49602.5975;0.3999;0.0667;0.0001;33914591.2000;51095.0325;24142.7645;24142.7645;1.5542;0.0187;6793.4923;12255.8539;0.9984;14.3850;60.6353;0.0226;-14.4698;-49.1559;Pista Escorregadia;Tombamento;1-Acidente
341;313.00;43048;5;0.2500;1;0;2;60;4;304.4;328.0;23.6;1;1;23.77;0;2.9372;1.3469;-0.0011;0.0057;713104.7720;47600.3187;0.3996;0.0668;0.0001;258673504.2000;64668.2129;17810.2531;17810.2531;0.9189;0.0154;6328.9865;11637.6791;0.9983;14.0920;61.2755;0.0160;-17.4580;-50.4338;Pista Escorregadia;Saida de leito carrocavel;1-Acidente
342;314.00;43049;6;0.6667;2;0;3;60;2;34.0;38.7;4.7;1;1;4.79;1;4.1010;1.5626;0.0005;0.0049;143773.5126;9644.8983;0.3862;0.0671;0.0002;7749997.0860;12226.0271;4318.3453;4318.3453;-1.1660;0.1279;1205.8723;2351.6611;0.9917;6.3591;61.1370;0.1520;-16.7241;-49.3528;Pista Escorregadia;Tombamento;1-Acidente
343;315.00;43050;7;0.0417;4;1;2;60;4;226.6;252.7;26.1;1;1;25.83;0;5.3463;2.9031;-0.0010;0.0076;774775.0852;51711.7072;0.4002;0.0667;0.0001;243180530.5000;66799.4325;10724.5145;10724.5145;0.4188;0.0157;6901.9728;12641.7780;0.9985;14.6873;61.2869;0.0179;-17.1326;-49.9825;Pista Escorregadia;Tombamento;1-Acidente
344;315.00;43050;7;0.1222;4;1;2;40;4;24.1;95.7;71.6;1;5;70.82;0;5.9605;4.0446;0.0062;0.0132;2124722.4680;141708.2175;0.4071;0.0667;0.0000;1757213738.0000;174931.1231;56196.4229;56196.4229;-1.1043;0.0036;17117.7420;32383.0929;0.9994;24.3043;65.6121;0.0040;-16.5892;-47.7792;Pista Escorregadia;Colisao com objeto estatico;1-Acidente
345;315.00;43050;7;0.2708;2;1;2;153;4;496.8;501.3;4.5;1;1;6.15;1;8.1779;5.2360;0.0039;0.0082;184363.8059;12350.9005;0.3885;0.0670;0.0002;8880756.8080;14554.9349;5726.7055;5726.7055;1.3570;0.0280;1551.3433;2971.9824;0.9934;7.1912;62.0340;0.0337;-16.6854;-49.2336;Pista Escorregadia;Colisao com objeto estatico;1-Acidente
346;315.00;43050;7;0.3264;2;1;2;70;4;4.0;16.0;12.0;1;1;10.50;1;5.3679;3.3491;0.0010;0.0042;314971.9913;21058.1684;0.3932;0.0669;0.0001;20147294.7500;22397.7896;2251.8339;2251.8339;-1.5033;0.0132;2586.1273;4780.8984;0.9956;9.3805;65.8813;0.0157;-15.7543;-48.3282;Pista Escorregadia;Colisao traseira;1-Acidente
347;315.00;43050;7;0.5625;2;0;7;153;4;503.8;513.1;9.3;1;1;9.25;1;5.9983;2.7403;-0.0009;0.0089;277590.3771;18566.0252;0.3921;0.0669;0.0001;6807381.7190;19703.7750;9104.1659;9104.1659;0.0517;0.0512;2400.4498;4578.9902;0.9958;8.8096;60.6226;0.0589;-16.7611;-49.2401;Objeto estatico sobre o leito carrocavel;Colisao traseira;1-Acidente
348;315.00;43050;7;0.7083;2;1;2;60;4;189.3;210.8;21.5;1;1;20.71;0;4.3876;2.1146;0.0011;0.0064;621346.9284;41483.1338;0.3986;0.0668;0.0001;185966248.8000;54751.3012;12508.7101;12508.7101;0.7416;0.0111;4977.8164;9777.8793;0.9979;13.1566;63.5462;0.0130;-16.8864;-49.6229;Pista Escorregadia;Colisao com objeto estatico;1-Acidente
349;315.00;43050;7;0.7083;2;1;2;60;4;189.3;210.8;21.5;1;1;20.71;0;4.3876;2.1146;0.0011;0.0064;621346.9284;41483.1338;0.3986;0.0668;0.0001;185966248.8000;54751.3012;12508.7101;12508.7101;0.7416;0.0111;4977.8164;9777.8793;0.9979;13.1566;63.5462;0.0130;-16.8864;-49.6229;Pista Escorregadia;Colisao com objeto estatico;1-Acidente
350;319.00;43054;4;0.6667;2;0;2;60;4;470.0;473.1;3.1;1;1;3.00;1;7.3199;2.4285;-0.0019;0.0089;90152.3578;6070.1572;0.3818;0.0673;0.0002;1965899.5650;6753.9694;747.6912;747.6912;0.0807;0.0425;798.2458;1377.4626;0.9849;5.0542;65.4481;0.0509;-17.9226;-51.7085;Pista Escorregadia;Queda de ocupante de veiculo;1-Acidente
351;321.00;43056;6;0.6771;2;0;2;60;4;4.8;30.4;25.6;1;1;25.32;0;10.5936;6.7980;0.0018;0.0152;759407.7881;50687.4319;0.4000;0.0667;0.0001;76696915.5600;51985.6793;3393.8154;3393.8154;0.0215;0.0086;5950.2956;11630.8179;0.9982;14.5413;65.2927;0.0106;-16.1145;-48.4380;Pista Escorregadia;Tombamento;1-Acidente
352;80.00;42815;3;0.5417;2;0;2;70;4;0.0;4.0;4.0;1;1;5.30;1;8.5078;4.8424;-0.0042;0.0108;158945.6262;10656.3751;0.3872;0.0670;0.0002;9340310.2860;12239.0755;3207.6719;3207.6719;-0.8241;0.0216;1214.6194;2295.3066;0.9904;6.6823;69.2481;0.0261;-15.7620;-48.2361;Pista Escorregadia;Capotamento;1-Acidente
353;323.00;43058;1;0.5972;2;0;2;20;4;72.8;105.3;32.5;1;5;32.28;0;3.2553;1.7847;-0.0002;0.0058;968347.7241;64616.4768;0.4018;0.0667;0.0001;487943052.2000;89119.2881;25186.2661;25186.2661;0.9073;0.0165;7893.4689;15956.3351;0.9988;16.4160;60.6874;0.0209;-14.9696;-47.0107;Pista Escorregadia;Saida de leito carrocavel;1-Acidente
354;323.00;43058;1;0.7500;2;1;1;60;4;393.1;464.3;71.2;1;1;70.95;0;4.7239;2.6829;-0.0008;0.0067;2129317.1480;142014.4672;0.4071;0.0667;0.0000;569130802.4000;154214.7385;8267.4535;8267.4535;-1.4598;0.0065;17293.9325;34797.2814;0.9994;24.3306;61.1921;0.0077;-17.8375;-51.4165;Pista Escorregadia;Saida de leito carrocavel;1-Acidente
355;324.00;43059;2;0.7431;2;0;2;60;4;393.1;464.3;71.2;1;1;70.95;0;4.7239;2.6829;-0.0008;0.0067;2129317.1480;142014.4672;0.4071;0.0667;0.0000;569130802.4000;154214.7385;8267.4535;8267.4535;-1.4598;0.0065;17293.9325;34797.2814;0.9994;24.3306;61.1921;0.0077;-17.8142;-51.2660;Pista Escorregadia;Saida de leito carrocavel;1-Acidente
356;325.00;43060;3;0.1875;1;1;2;452;4;40.9;47.8;6.9;1;5;6.86;0;4.3785;1.2983;0.0002;0.0045;205911.6460;13787.4533;0.3895;0.0670;0.0001;19096018.1500;18316.1478;3210.9868;3210.9868;-0.4876;0.0653;1806.8270;3395.5068;0.9943;7.5960;60.6424;0.0653;-17.9320;-50.5484;Pista Escorregadia;Saida de leito carrocavel;1-Acidente
357;326.00;43061;4;0.1042;4;1;2;153;4;496.8;501.3;4.5;1;1;6.15;1;8.1779;5.2360;0.0039;0.0082;184363.8059;12350.9005;0.3885;0.0670;0.0002;8880756.8080;14554.9349;5726.7055;5726.7055;1.3570;0.0280;1551.3433;2971.9824;0.9934;7.1912;62.0340;0.0337;-16.6812;-49.2332;Pista Escorregadia;Saida de leito carrocavel;1-Acidente
358;326.00;43061;4;0.1146;4;1;2;153;4;496.8;501.3;4.5;1;1;6.15;1;8.1779;5.2360;0.0039;0.0082;184363.8059;12350.9005;0.3885;0.0670;0.0002;8880756.8080;14554.9349;5726.7055;5726.7055;1.3570;0.0280;1551.3433;2971.9824;0.9934;7.1912;62.0340;0.0337;-16.6777;-49.2313;Pista Escorregadia;Colisao com objeto estatico;1-Acidente
359;327.00;43062;5;0.7500;2;1;2;60;4;189.3;210.8;21.5;1;1;20.71;0;4.3876;2.1146;0.0011;0.0064;621346.9284;41483.1338;0.3986;0.0668;0.0001;185966248.8000;54751.3012;12508.7101;12508.7101;0.7416;0.0111;4977.8164;9777.8793;0.9979;13.1566;63.5462;0.0130;-16.9128;-49.6581;Pista Escorregadia;Saida de leito carrocavel;1-Acidente
360;328.00;43063;6;0.1736;4;1;2;20;4;105.3;143.3;38.0;1;5;36.87;0;3.2020;1.5534;0.0002;0.0048;1106256.6240;73810.3206;0.4027;0.0667;0.0001;527434870.6000;95948.3016;17062.8487;17062.8487;-1.1042;0.0054;9546.6314;18120.2278;0.9989;17.5440;61.0509;0.0066;-14.8993;-46.9052;Pista Escorregadia;Colisao frontal;1-Acidente
361;328.00;43063;6;0.3681;2;1;2;70;4;0.0;4.0;4.0;1;1;5.30;1;8.5078;4.8424;-0.0042;0.0108;158945.6262;10656.3751;0.3872;0.0670;0.0002;9340310.2860;12239.0755;3207.6719;3207.6719;-0.8241;0.0216;1214.6194;2295.3066;0.9904;6.6823;69.2481;0.0261;-15.7723;-48.2309;Pista Escorregadia;Colisao com objeto estatico;1-Acidente
362;332.00;43067;3;0.5625;2;1;2;60;4;61.8;94.2;32.4;1;1;31.79;0;6.6435;3.5155;-0.0006;0.0082;953746.2467;63643.8595;0.4017;0.0667;0.0001;420980145.4000;82611.9925;18293.7215;18293.7215;-0.9114;0.0073;7780.6829;14915.0741;0.9986;16.2922;63.9451;0.0087;-16.3145;-48.8419;Pista Escorregadia;Saida de leito carrocavel;1-Acidente
363;332.00;43067;3;0.6354;2;1;1;60;4;189.3;210.8;21.5;1;1;20.71;0;4.3876;2.1146;0.0011;0.0064;621346.9284;41483.1338;0.3986;0.0668;0.0001;185966248.8000;54751.3012;12508.7101;12508.7101;0.7416;0.0111;4977.8164;9777.8793;0.9979;13.1566;63.5462;0.0130;-16.8521;-49.5756;Defeito na Via;Colisao com objeto estatico;1-Acidente
364;332.00;43067;3;0.6424;2;1;3;60;4;109.2;139.4;30.2;1;1;30.11;0;9.5609;5.7119;-0.0045;0.0130;903351.3893;60283.4356;0.4013;0.0667;0.0001;378986039.0000;77890.5922;19027.6956;19027.6956;0.7552;0.0105;7431.2989;14024.3189;0.9985;15.8566;64.4132;0.0127;-16.5480;-49.1514;Pista Escorregadia;Colisao lateral;1-Acidente
365;332.00;43067;3;0.7569;3;1;2;20;4;22.0;31.0;9.0;1;5;9.07;0;5.1146;1.7008;-0.0002;0.0057;272057.7930;18197.1863;0.3919;0.0669;0.0001;37065232.7400;24369.6844;5863.5937;5863.5937;0.7794;0.0188;2352.4370;4423.8202;0.9956;8.7220;61.4984;0.0227;-15.5395;-47.1406;Pista Escorregadia;Tombamento;1-Acidente
366;333.00;43068;4;0.6042;2;0;2;50;4;154.5;163.5;9.0;1;5;8.76;0;2.9619;1.2997;0.0002;0.0059;262805.9584;17580.3973;0.3916;0.0669;0.0001;20546236.1000;21052.5707;7937.9202;7937.9202;1.3116;0.0206;2319.3561;4252.8839;0.9954;8.5734;61.7948;0.0248;-17.2638;-47.7695;Pista Escorregadia;Capotamento;1-Acidente
367;333.00;43068;4;0.6840;2;1;3;60;4;109.2;139.4;30.2;1;1;30.11;0;9.5609;5.7119;-0.0045;0.0130;903351.3893;60283.4356;0.4013;0.0667;0.0001;378986039.0000;77890.5922;19027.6956;19027.6956;0.7552;0.0105;7431.2989;14024.3189;0.9985;15.8566;64.4132;0.0127;-16.5463;-49.1509;Pista Escorregadia;Colisao com objeto estatico;1-Acidente
368;333.00;43068;4;0.7014;2;0;2;153;4;503.8;513.1;9.3;1;1;9.25;1;5.9983;2.7403;-0.0009;0.0089;277590.3771;18566.0252;0.3921;0.0669;0.0001;6807381.7190;19703.7750;9104.1659;9104.1659;0.0517;0.0512;2400.4498;4578.9902;0.9958;8.8096;60.6226;0.0589;-16.8101;-49.2395;Pista Escorregadia;Saida de leito carrocavel;1-Acidente
369;333.00;43068;4;0.7014;2;0;2;50;4;163.5;207.6;44.1;1;5;44.10;0;3.7751;2.9501;0.0025;0.0065;1322883.3390;88252.2821;0.4040;0.0667;0.0001;314681291.0000;93141.7991;38369.5765;38369.5765;1.4679;0.0044;10574.3608;19692.1927;0.9989;19.1825;67.1781;0.0052;-17.2961;-47.7569;Pista Escorregadia;Colisao com objeto estatico;1-Acidente
370;334.00;43069;5;0.2292;1;0;2;20;4;105.3;143.3;38.0;1;5;36.87;0;3.2020;1.5534;0.0002;0.0048;1106256.6240;73810.3206;0.4027;0.0667;0.0001;527434870.6000;95948.3016;17062.8487;17062.8487;-1.1042;0.0054;9546.6314;18120.2278;0.9989;17.5440;61.0509;0.0066;-14.8350;-46.7274;Pista Escorregadia;Capotamento;1-Acidente
371;334.00;43069;5;0.3347;2;0;3;60;4;32.4;60.4;28.0;1;1;26.58;0;10.4743;4.4021;0.0056;0.0182;797501.6100;53226.7189;0.4004;0.0667;0.0001;215768657.2000;61641.2359;10751.0209;10751.0209;-1.0607;0.0113;5598.5887;11426.8888;0.9981;14.9006;69.7917;0.0111;-16.1906;-48.6779;Pista Escorregadia;Tombamento;1-Acidente
372;334.00;43069;5;0.3438;2;1;2;20;4;72.8;105.3;32.5;1;5;32.28;1;3.2553;1.7847;-0.0002;0.0058;968347.7241;64616.4768;0.4018;0.0667;0.0001;487943052.2000;89119.2881;25186.2661;25186.2661;0.9073;0.0165;7893.4689;15956.3351;0.9988;16.4160;60.6874;0.0209;-15.0307;-47.0538;Pista Escorregadia;Capotamento;1-Acidente
373;334.00;43069;5;0.3542;2;0;2;60;4;32.4;60.4;28.0;1;1;26.58;0;10.4743;4.4021;0.0056;0.0182;797501.6100;53226.7189;0.4004;0.0667;0.0001;215768657.2000;61641.2359;10751.0209;10751.0209;-1.0607;0.0113;5598.5887;11426.8888;0.9981;14.9006;69.7917;0.0111;-16.1877;-48.6859;Pista Escorregadia;Colisao transversal;1-Acidente
374;334.00;43069;5;0.3958;2;0;2;153;4;361.0;371.1;10.1;1;5;9.53;0;7.2575;3.2256;-0.0039;0.0104;285999.2307;19126.6409;0.3924;0.0669;0.0001;34359366.7800;25101.5580;8516.1810;8516.1810;-1.1335;0.0329;2538.2112;4717.5699;0.9959;8.9412;60.6243;0.0398;-15.7924;-49.3018;Pista Escorregadia;Saida de leito carrocavel;1-Acidente
375;334.00;43069;5;0.3750;2;1;2;20;4;31.0;72.8;41.8;1;5;41.83;0;10.4369;10.7547;-0.0082;0.0233;1254847.2050;83716.4716;0.4036;0.0667;0.0001;299636980.4000;92122.3163;38221.7144;38221.7144;-1.4509;0.0057;9981.5824;19648.0370;0.9990;18.6834;63.8663;0.0062;-15.2044;-47.1548;Pista Escorregadia;Capotamento;1-Acidente
376;335.00;43070;6;0.3854;2;1;1;60;2;38.7;50.9;12.2;1;1;12.15;1;4.7264;2.3770;0.0020;0.0082;364350.2289;24349.9989;0.3944;0.0668;0.0001;44686798.4400;30068.7017;4078.9887;4078.9887;1.2504;0.0211;3044.0131;5962.6342;0.9967;10.0851;61.1056;0.0255;-16.7867;-49.2438;Pista Escorregadia;Queda de ocupante de veiculo;1-Acidente
377;335.00;43070;6;0.4597;2;1;2;154;4;9.0;15.5;6.5;1;5;6.25;0;7.0213;3.1553;0.0050;0.0105;187629.3488;12568.6233;0.3887;0.0670;0.0002;11600910.3100;15125.9059;2138.7184;2138.7184;1.2684;0.0227;1664.3361;2963.8427;0.9932;7.2540;63.3061;0.0272;-18.3959;-49.3290;Defeito na Via;Colisao lateral;1-Acidente
378;335.00;43070;6;0.4653;2;1;2;153;4;636.5;660.1;23.6;1;1;23.59;0;4.9220;2.3728;0.0004;0.0056;707293.0299;47212.7668;0.3995;0.0668;0.0001;124864370.0000;56637.6129;22855.6282;22855.6282;1.3293;0.0411;6168.8191;11755.9056;0.9984;14.0346;60.1649;0.0497;-17.8797;-49.2300;Pista Escorregadia;Saida de leito carrocavel;1-Acidente
379;335.00;43070;6;0.9618;4;1;3;60;4;109.2;139.4;30.2;1;1;30.11;0;9.5609;5.7119;-0.0045;0.0130;903351.3893;60283.4356;0.4013;0.0667;0.0001;378986039.0000;77890.5922;19027.6956;19027.6956;0.7552;0.0105;7431.2989;14024.3189;0.9985;15.8566;64.4132;0.0127;-16.5799;-49.1660;Restricao de Visibilidade;Colisao traseira;1-Acidente
380;336.00;43071;7;0.6042;2;1;2;60;4;32.4;60.4;28.0;1;1;26.58;0;10.4743;4.4021;0.0056;0.0182;797501.6100;53226.7189;0.4004;0.0667;0.0001;215768657.2000;61641.2359;10751.0209;10751.0209;-1.0607;0.0113;5598.5887;11426.8888;0.9981;14.9006;69.7917;0.0111;-16.1105;-48.5729;Pista Escorregadia;Capotamento;1-Acidente
381;336.00;43071;7;0.7431;2;1;7;60;4;219.3;226.6;7.3;1;1;7.48;0;6.0911;3.2237;-0.0043;0.0105;224424.4615;15021.6309;0.3903;0.0669;0.0001;20132959.7300;19081.6274;6390.2284;6390.2284;-0.4464;0.0245;1919.0157;3603.6731;0.9945;7.9272;62.2766;0.0295;-17.0331;-49.7777;Pista Escorregadia;Colisao com objeto estatico;1-Acidente
382;333.00;43068;4;0.6667;2;0;2;153;4;515.8;531.3;15.5;1;1;14.43;0;7.1297;3.1469;0.0038;0.0106;433048.3257;28929.8791;0.3958;0.0668;0.0001;24253133.8800;30964.9142;13713.9570;13713.9570;-1.5574;0.0167;3783.5267;7093.2203;0.9973;10.9905;61.0510;0.0208;-16.8582;-49.2485;Pista Escorregadia;Tombamento;1-Acidente
383;337.00;43072;1;0.5625;2;0;2;153;4;275.6;285.3;9.7;1;5;9.55;0;6.8277;2.4252;0.0006;0.0087;286524.0221;19161.6015;0.3924;0.0669;0.0001;43349915.9900;26371.7459;6934.8363;6934.8363;-0.7515;0.0262;2561.3517;4730.2078;0.9959;8.9493;60.5732;0.0316;-15.1538;-49.5372;Pista Escorregadia;Saida de leito carrocavel;1-Acidente
384;337.00;43072;1;0.6604;2;1;2;50;4;280.5;311.7;31.2;1;5;31.03;0;8.9085;4.4913;0.0045;0.0151;930533.7419;62095.8063;0.4015;0.0667;0.0001;385011167.8000;81036.0205;25300.4455;25300.4455;1.0482;0.0188;8054.1504;14873.1966;0.9987;16.0930;62.5645;0.0195;-18.2278;-47.9797;Pista Escorregadia;Saida de leito carrocavel;1-Acidente
385;338.00;43073;2;0.4583;2;0;7;60;4;473.1;478.3;5.2;1;1;5.25;1;9.8282;4.9922;-0.0029;0.0137;157599.0832;10566.6344;0.3871;0.0670;0.0002;3735292.7350;11445.6819;751.3412;751.3412;-0.0317;0.0400;1298.0732;2516.0479;0.9921;6.6543;62.6376;0.0483;-17.9198;-51.7298;Objeto estatico sobre o leito carrocavel;Colisao lateral;1-Acidente
386;338.00;43073;2;0.8542;4;0;2;153;4;582.4;598.2;15.8;1;1;15.87;0;8.9085;3.1968;0.0008;0.0102;475916.2960;31787.7493;0.3965;0.0668;0.0001;35544190.8500;34659.6363;14952.7115;14952.7115;-1.4608;0.0200;4113.4161;7518.8540;0.9973;11.5195;63.2964;0.0192;-17.4751;-49.2138;Defeito na Via;Saida de leito carrocavel;1-Acidente
387;339.00;43074;3;0.8194;4;0;2;153;4;598.2;621.7;23.5;1;1;23.56;0;7.3179;3.7872;-0.0002;0.0127;706595.5289;47166.4349;0.3995;0.0668;0.0001;144160711.3000;57737.3640;22446.1753;22446.1753;-1.2780;0.0278;5531.0345;11710.0440;0.9984;14.0277;60.3410;0.0332;-17.5305;-49.2146;Pista Escorregadia;Colisao transversal;1-Acidente
388;339.00;43074;3;0.8854;4;0;2;153;4;490.4;496.8;6.4;1;1;4.79;1;5.2686;2.2202;-0.0008;0.0059;143601.8445;9633.5844;0.3862;0.0671;0.0002;6887480.8390;11810.4171;4305.5238;4305.5238;1.2293;0.0349;1184.6305;2316.8389;0.9915;6.3555;61.9818;0.0420;-16.6343;-49.2050;Pista Escorregadia;Tombamento;1-Acidente
389;304.00;43039;3;0.2500;1;0;2;153;4;107.5;124.9;17.4;1;5;17.30;0;5.4824;2.2308;0.0011;0.0084;518745.3617;34643.0242;0.3972;0.0668;0.0001;56687098.4500;40229.6306;16725.5671;16725.5671;-0.1940;0.0445;4559.3653;8603.2175;0.9978;12.0248;60.2967;0.0460;-13.8085;-49.0386;Pista Escorregadia;Saida de leito carrocavel;1-Acidente
390;341.00;43076;5;0.2083;1;0;2;40;4;0.0;24.1;24.1;1;1;24.59;1;4.6421;2.4252;0.0026;0.0110;737608.5782;49237.1865;0.3998;0.0668;0.0001;194859822.9000;61797.3030;22069.1327;22069.1327;-1.1809;0.0137;6570.9312;11956.6449;0.9984;14.3324;61.6903;0.0153;-16.2443;-47.9074;Pista Escorregadia;Colisao com objeto em movimento;1-Acidente
391;341.00;43076;5;0.3125;2;1;2;153;4;515.8;531.3;15.5;1;1;14.43;0;7.1297;3.1469;0.0038;0.0106;433048.3257;28929.8791;0.3958;0.0668;0.0001;24253133.8800;30964.9142;13713.9570;13713.9570;-1.5574;0.0167;3783.5267;7093.2203;0.9973;10.9905;61.0510;0.0208;-16.8937;-49.2555;Pista Escorregadia;Saida de leito carrocavel;1-Acidente
392;341.00;43076;5;0.3403;2;0;2;60;4;109.2;139.4;30.2;1;1;30.11;0;9.5609;5.7119;-0.0045;0.0130;903351.3893;60283.4356;0.4013;0.0667;0.0001;378986039.0000;77890.5922;19027.6956;19027.6956;0.7552;0.0105;7431.2989;14024.3189;0.9985;15.8566;64.4132;0.0127;-16.5324;-49.1473;Pista Escorregadia;Saida de leito carrocavel;1-Acidente
393;341.00;43076;5;0.8958;4;0;2;60;4;226.6;252.7;26.1;1;1;25.83;0;5.3463;2.9031;-0.0010;0.0076;774775.0852;51711.7072;0.4002;0.0667;0.0001;243180530.5000;66799.4325;10724.5145;10724.5145;0.4188;0.0157;6901.9728;12641.7780;0.9985;14.6873;61.2869;0.0179;-17.0789;-49.8287;Pista Escorregadia;Saida de leito carrocavel;1-Acidente
394;342.00;43077;6;0.5354;2;1;2;20;4;105.3;143.3;38.0;1;5;36.87;0;3.2020;1.5534;0.0002;0.0048;1106256.6240;73810.3206;0.4027;0.0667;0.0001;527434870.6000;95948.3016;17062.8487;17062.8487;-1.1042;0.0054;9546.6314;18120.2278;0.9989;17.5440;61.0509;0.0066;-14.9018;-46.9122;Pista Escorregadia;Tombamento;1-Acidente