FID;data_conse;data_inver;dia_semana;horario;fase_dia;sentido_vi;condicao_m;vl_br;nm_tipo_tr;vl_km_inic;vl_km_fina;vl_extensa;ds_superfi;ds_legenda;Dist_km;TIPO;S_med;S_sd;CV_med;CV_sd;P_AREA;P_PERIM;P_FRACDIM;P_PERARAT;P_COMPAC;PBOX_AREA;PBOX_PERIM;PBOX_LEN;PBOX_WIDTH;POL_ANGLE;PELLIP_FIT;PGYRATIUS;POLRADIUS;PCIRCLE;PSAHPEIDX;PDENSITY;PRECTFIT;Lat;Long;causa_acid;tipo_acide;Acidente
462;8.00;43108;2;0.6875;2;0;2;153;4;533.3;555.5;22.2;1;1;24.09;0;7.6587;3.8221;-0.0017;0.0116;722702.9898;48240.0586;0.3997;0.0667;0.0001;56209149.7200;51218.7005;23184.9716;23184.9716;-1.4855;0.0254;5855.9792;11693.5957;0.9983;14.1863;61.8033;0.0262;-17.1332;-49.2140;Pista Escorregadia;Colisao frontal;1-Acidente
463;10.00;43110;4;0.4583;2;0;1;20;4;143.3;180.7;37.4;1;5;34.10;0;2.9901;1.5943;-0.0010;0.0053;1023076.7730;68269.2227;0.4022;0.0667;0.0001;480778640.4000;90137.1552;27731.9355;27731.9355;1.0193;0.0074;8832.5715;16745.4032;0.9988;16.8737;61.0960;0.0084;-14.6326;-46.6223;Defeito na Via;Capotamento;1-Acidente
464;10.00;43110;4;0.3194;1;1;4;364;4;299.2;310.2;11.0;1;5;8.79;0;5.2959;2.4918;0.0018;0.0074;263817.4341;17649.3503;0.3917;0.0669;0.0001;23314134.0600;21544.1244;7772.4923;7772.4923;0.3718;0.0242;2336.8543;4212.7982;0.9953;8.5905;62.6229;0.0292;-17.5533;-52.5280;Restricao de Visibilidade;Colisao com objeto estatico;1-Acidente
465;12.00;43112;6;0.7986;4;1;2;20;4;31.0;72.8;41.8;1;5;41.83;0;10.4369;10.7547;-0.0082;0.0233;1254847.2050;83716.4716;0.4036;0.0667;0.0001;299636980.4000;92122.3163;38221.7144;38221.7144;-1.4509;0.0057;9981.5824;19648.0370;0.9990;18.6834;63.8663;0.0062;-15.3922;-47.1000;Objeto estatico sobre o leito carrocavel;Colisao traseira;1-Acidente
466;13.00;43113;7;0.2083;1;1;1;40;4;24.1;95.7;71.6;1;5;70.82;0;5.9605;4.0446;0.0062;0.0132;2124722.4680;141708.2175;0.4071;0.0667;0.0000;1757213738.0000;174931.1231;56196.4229;56196.4229;-1.1043;0.0036;17117.7420;32383.0929;0.9994;24.3043;65.6121;0.0040;-16.2694;-47.8813;Restricao de Visibilidade;Colisao traseira;1-Acidente
467;8.00;43108;2;0.3021;1;1;2;153;4;598.2;621.7;23.5;1;1;23.56;0;7.3179;3.7872;-0.0002;0.0127;706595.5289;47166.4349;0.3995;0.0668;0.0001;144160711.3000;57737.3640;22446.1753;22446.1753;-1.2780;0.0278;5531.0345;11710.0440;0.9984;14.0277;60.3410;0.0332;-17.6907;-49.1572;Objeto estatico sobre o leito carrocavel;Colisao com objeto estatico;1-Acidente
468;14.00;43114;1;0.6667;2;0;2;153;4;582.4;598.2;15.8;1;1;15.87;0;8.9085;3.1968;0.0008;0.0102;475916.2960;31787.7493;0.3965;0.0668;0.0001;35544190.8500;34659.6363;14952.7115;14952.7115;-1.4608;0.0200;4113.4161;7518.8540;0.9973;11.5195;63.2964;0.0192;-17.4600;-49.2220;Pista Escorregadia;Saida de leito carrocavel;1-Acidente
469;14.00;43114;1;0.8125;4;0;2;60;4;464.3;465.2;0.9;1;1;0.91;0;4.5270;1.0015;-0.0017;0.0033;27275.0658;1878.3377;0.3690;0.0689;0.0004;429332.8300;2636.3372;587.9557;587.9557;0.6719;0.5848;237.9184;455.8680;0.9582;2.8434;59.8311;0.8155;-17.8891;-51.6556;Pista Escorregadia;Engavetamento;1-Acidente
470;13.00;43113;7;0.6910;2;0;2;20;4;105.3;143.3;38.0;1;5;36.87;0;3.2020;1.5534;0.0002;0.0048;1106256.6240;73810.3206;0.4027;0.0667;0.0001;527434870.6000;95948.3016;17062.8487;17062.8487;-1.1042;0.0054;9546.6314;18120.2278;0.9989;17.5440;61.0509;0.0066;-14.8303;-46.7242;Pista Escorregadia;Colisao transversal;1-Acidente
471;15.00;43115;2;0.6250;2;1;2;60;4;304.4;328.0;23.6;1;1;23.77;1;2.9372;1.3469;-0.0011;0.0057;713104.7720;47600.3187;0.3996;0.0668;0.0001;258673504.2000;64668.2129;17810.2531;17810.2531;0.9189;0.0154;6328.9865;11637.6791;0.9983;14.0920;61.2755;0.0160;-17.4124;-50.4096;Pista Escorregadia;Capotamento;1-Acidente
472;20.00;43120;7;0.6458;2;0;1;153;4;565.3;582.4;17.1;1;1;16.95;0;8.4432;4.3856;0.0030;0.0101;508447.0727;33956.4717;0.3970;0.0668;0.0001;34057622.1100;35449.7804;15532.1761;15532.1761;-1.5201;0.0146;4632.1622;8086.0926;0.9975;11.9053;62.8792;0.0167;-17.3819;-49.2365;Defeito na Via;Saida de leito carrocavel;1-Acidente
473;21.00;43121;1;0.7431;2;1;1;50;4;125.2;154.5;29.3;1;5;29.09;0;4.7246;2.2873;-0.0008;0.0085;872584.9596;58232.3305;0.4011;0.0667;0.0001;123431205.0000;62532.1826;26631.2688;26631.2688;0.0269;0.0083;7107.6616;13338.8093;0.9984;15.5848;65.4170;0.0084;-17.1020;-47.7213;Objeto estatico sobre o leito carrocavel;Saida de leito carrocavel;1-Acidente
474;25.00;43125;5;0.1389;4;0;2;60;4;32.4;60.4;28.0;1;1;26.58;0;10.4743;4.4021;0.0056;0.0182;797501.6100;53226.7189;0.4004;0.0667;0.0001;215768657.2000;61641.2359;10751.0209;10751.0209;-1.0607;0.0113;5598.5887;11426.8888;0.9981;14.9006;69.7917;0.0111;-16.1501;-48.6103;Pista Escorregadia;Capotamento;1-Acidente
475;25.00;43125;5;0.5417;2;1;7;60;4;393.1;464.3;71.2;1;1;70.95;0;4.7239;2.6829;-0.0008;0.0067;2129317.1480;142014.4672;0.4071;0.0667;0.0000;569130802.4000;154214.7385;8267.4535;8267.4535;-1.4598;0.0065;17293.9325;34797.2814;0.9994;24.3306;61.1921;0.0077;-17.8186;-51.1765;Pista Escorregadia;Capotamento;1-Acidente
476;26.00;43126;6;0.3646;2;1;2;40;4;24.1;95.7;71.6;1;5;70.82;0;5.9605;4.0446;0.0062;0.0132;2124722.4680;141708.2175;0.4071;0.0667;0.0000;1757213738.0000;174931.1231;56196.4229;56196.4229;-1.1043;0.0036;17117.7420;32383.0929;0.9994;24.3043;65.6121;0.0040;-16.5886;-47.7796;Pista Escorregadia;Capotamento;1-Acidente
477;26.00;43126;6;0.7708;3;1;2;60;4;304.4;328.0;23.6;1;1;23.77;0;2.9372;1.3469;-0.0011;0.0057;713104.7720;47600.3187;0.3996;0.0668;0.0001;258673504.2000;64668.2129;17810.2531;17810.2531;0.9189;0.0154;6328.9865;11637.6791;0.9983;14.0920;61.2755;0.0160;-17.5268;-50.4942;Pista Escorregadia;Capotamento;1-Acidente
478;27.00;43127;7;0.5833;2;0;2;20;4;3.7;22.0;18.3;1;5;17.79;0;4.6989;2.1676;0.0007;0.0064;533527.0853;35628.4384;0.3974;0.0668;0.0001;42591912.8200;37696.9261;2625.3914;2625.3914;0.0257;0.0121;4128.6522;8449.8276;0.9976;12.1943;63.1406;0.0130;-15.5626;-47.2563;Pista Escorregadia;Saida de leito carrocavel;1-Acidente
479;27.00;43127;7;0.3854;2;1;2;60;4;252.7;304.4;51.7;1;1;52.08;0;3.7630;2.0663;-0.0009;0.0055;1562350.4010;104216.8948;0.4051;0.0667;0.0001;1171983546.0000;139406.6711;28320.5728;28320.5728;-0.9647;0.0063;13478.0451;25123.4416;0.9992;20.8444;62.1870;0.0073;-17.2699;-50.2345;Pista Escorregadia;Danos eventuais;1-Acidente
480;28.00;43128;1;0.4896;2;1;2;60;4;4.8;30.4;25.6;1;1;25.32;1;10.5936;6.7980;0.0018;0.0152;759407.7881;50687.4319;0.4000;0.0667;0.0001;76696915.5600;51985.6793;3393.8154;3393.8154;0.0215;0.0086;5950.2956;11630.8179;0.9982;14.5413;65.2927;0.0106;-16.0989;-48.4752;Pista Escorregadia;Saida de leito carrocavel;1-Acidente
481;28.00;43128;1;0.7083;2;1;2;364;4;152.5;174.8;22.3;1;5;22.56;0;5.9454;2.7318;-0.0011;0.0084;676742.3377;45176.1561;0.3992;0.0668;0.0001;232720421.2000;61241.3759;16608.8861;16608.8861;-0.8578;0.0142;5414.8621;11017.2533;0.9982;13.7290;61.4257;0.0155;-18.0722;-51.5205;Pista Escorregadia;Saida de leito carrocavel;1-Acidente
482;29.00;43129;2;0.5694;2;1;2;153;4;621.7;633.2;11.5;1;1;11.45;0;6.3867;3.0730;0.0036;0.0096;343425.4777;22955.0320;0.3939;0.0668;0.0001;54266998.1900;30216.2263;9226.4120;9226.4120;0.9689;0.0235;2923.5585;5500.1807;0.9964;9.7927;62.4389;0.0259;-17.7819;-49.1810;Pista Escorregadia;Capotamento;1-Acidente
483;30.00;43130;3;0.5694;2;1;2;60;4;226.6;252.7;26.1;1;1;25.83;0;5.3463;2.9031;-0.0010;0.0076;774775.0852;51711.7072;0.4002;0.0667;0.0001;243180530.5000;66799.4325;10724.5145;10724.5145;0.4188;0.0157;6901.9728;12641.7780;0.9985;14.6873;61.2869;0.0179;-17.0759;-49.8219;Pista Escorregadia;Saida de leito carrocavel;1-Acidente
484;31.00;43131;4;0.8229;4;1;2;80;4;46.0;94.3;48.3;1;5;48.32;0;5.0842;2.8679;0.0016;0.0080;1449512.6090;96694.1598;0.4046;0.0667;0.0001;345746597.4000;104806.8925;7741.3955;7741.3955;0.1414;0.0065;11552.3004;22812.3064;0.9991;20.0784;63.5408;0.0071;-15.2158;-48.5074;Pista Escorregadia;Colisao lateral;1-Acidente
485;32.00;43132;5;0.2500;1;0;2;153;4;565.3;582.4;17.1;1;1;16.95;0;8.4432;4.3856;0.0030;0.0101;508447.0727;33956.4717;0.3970;0.0668;0.0001;34057622.1100;35449.7804;15532.1761;15532.1761;-1.5201;0.0146;4632.1622;8086.0926;0.9975;11.9053;62.8792;0.0167;-17.3819;-49.2365;Defeito na Via;Colisao com objeto estatico;1-Acidente
486;31.00;43131;4;0.9931;4;0;2;50;4;125.2;154.5;29.3;1;5;29.09;0;4.7246;2.2873;-0.0008;0.0085;872584.9596;58232.3305;0.4011;0.0667;0.0001;123431205.0000;62532.1826;26631.2688;26631.2688;0.0269;0.0083;7107.6616;13338.8093;0.9984;15.5848;65.4170;0.0084;-17.1717;-47.7224;Pista Escorregadia;Saida de leito carrocavel;1-Acidente
487;32.00;43132;5;0.9722;4;1;2;364;4;259.4;296.2;36.8;1;5;37.07;0;7.8356;3.9084;0.0013;0.0124;1112343.5600;74216.4330;0.4028;0.0667;0.0001;326127976.1000;84333.1350;10203.1699;10203.1699;1.2447;0.0073;8436.1943;16962.8737;0.9988;17.5922;65.5752;0.0081;-17.6289;-52.3819;Pista Escorregadia;Colisao com objeto estatico;1-Acidente
488;33.00;43133;6;0.3333;2;1;2;60;4;252.7;304.4;51.7;1;1;52.08;0;3.7630;2.0663;-0.0009;0.0055;1562350.4010;104216.8948;0.4051;0.0667;0.0001;1171983546.0000;139406.6711;28320.5728;28320.5728;-0.9647;0.0063;13478.0451;25123.4416;0.9992;20.8444;62.1870;0.0073;-17.3442;-50.3179;Pista Escorregadia;Saida de leito carrocavel;1-Acidente
489;33.00;43133;6;0.5000;2;1;2;153;4;124.9;142.4;17.5;1;5;17.43;0;6.5752;3.0379;-0.0006;0.0100;522802.1218;34914.2814;0.3972;0.0668;0.0001;71505298.0300;41646.3127;16485.7581;16485.7581;-0.2507;0.0152;4513.6351;8595.5517;0.9977;12.0719;60.8224;0.0182;-13.8910;-49.0569;Pista Escorregadia;Saida de leito carrocavel;1-Acidente
490;34.00;43134;7;0.6667;2;1;2;60;4;32.4;60.4;28.0;1;1;26.58;0;10.4743;4.4021;0.0056;0.0182;797501.6100;53226.7189;0.4004;0.0667;0.0001;215768657.2000;61641.2359;10751.0209;10751.0209;-1.0607;0.0113;5598.5887;11426.8888;0.9981;14.9006;69.7917;0.0111;-16.0964;-48.5199;Pista Escorregadia;Saida de leito carrocavel;1-Acidente
491;34.00;43134;7;0.8806;4;0;2;153;4;503.8;513.1;9.3;1;1;9.25;1;5.9983;2.7403;-0.0009;0.0089;277590.3771;18566.0252;0.3921;0.0669;0.0001;6807381.7190;19703.7750;9104.1659;9104.1659;0.0517;0.0512;2400.4498;4578.9902;0.9958;8.8096;60.6226;0.0589;-16.7752;-49.2370;Objeto estatico sobre o leito carrocavel;Queda de ocupante de veiculo;1-Acidente
492;32.00;43132;5;0.1875;4;0;2;153;4;31.9;57.8;25.9;1;5;25.73;0;4.0933;1.9882;0.0027;0.0072;771196.2033;51473.0303;0.4002;0.0667;0.0001;216895374.3000;65778.9598;23761.4399;23761.4399;-1.1958;0.0251;6615.9612;12765.0416;0.9985;14.6534;60.4147;0.0295;-13.1035;-49.1992;Pista Escorregadia;Tombamento;1-Acidente
493;40.00;43140;6;0.4653;2;0;1;60;4;252.7;304.4;51.7;1;1;52.08;0;3.7630;2.0663;-0.0009;0.0055;1562350.4010;104216.8948;0.4051;0.0667;0.0001;1171983546.0000;139406.6711;28320.5728;28320.5728;-0.9647;0.0063;13478.0451;25123.4416;0.9992;20.8444;62.1870;0.0073;-17.3310;-50.3055;Objeto estatico sobre o leito carrocavel;Saida de leito carrocavel;1-Acidente
494;40.00;43140;6;0.6806;2;0;2;60;4;109.2;139.4;30.2;1;1;30.11;0;9.5609;5.7119;-0.0045;0.0130;903351.3893;60283.4356;0.4013;0.0667;0.0001;378986039.0000;77890.5922;19027.6956;19027.6956;0.7552;0.0105;7431.2989;14024.3189;0.9985;15.8566;64.4132;0.0127;-16.5605;-49.1537;Pista Escorregadia;Colisao traseira;1-Acidente
495;41.00;43141;7;0.4792;2;0;7;70;4;374.5;424.0;49.5;1;5;49.46;0;3.7408;1.9661;0.0010;0.0061;1483623.6110;98968.2409;0.4047;0.0667;0.0001;423766048.8000;109931.6159;9274.5553;9274.5553;1.4390;0.0043;12655.8388;23283.2600;0.9991;20.3130;63.7206;0.0052;-15.8739;-51.5275;Defeito na Via;Saida de leito carrocavel;1-Acidente
496;41.00;43141;7;0.8125;3;0;2;60;4;32.4;60.4;28.0;1;1;26.58;0;10.4743;4.4021;0.0056;0.0182;797501.6100;53226.7189;0.4004;0.0667;0.0001;215768657.2000;61641.2359;10751.0209;10751.0209;-1.0607;0.0113;5598.5887;11426.8888;0.9981;14.9006;69.7917;0.0111;-16.1335;-48.5980;Pista Escorregadia;Capotamento;1-Acidente
497;42.00;43142;1;0.3125;2;0;5;60;4;100.1;109.2;9.1;1;1;9.26;1;6.0212;2.9460;0.0035;0.0101;277808.7984;18580.5866;0.3921;0.0669;0.0001;35499151.7900;23867.5341;5643.5460;5643.5460;0.7046;0.0157;2347.0098;4430.9799;0.9955;8.8131;62.6969;0.0190;-16.3980;-48.9664;Pista Escorregadia;Tombamento;1-Acidente
498;43.00;43143;2;0.6042;2;0;2;153;4;636.5;660.1;23.6;1;1;23.59;0;4.9220;2.3728;0.0004;0.0056;707293.0299;47212.7668;0.3995;0.0668;0.0001;124864370.0000;56637.6129;22855.6282;22855.6282;1.3293;0.0411;6168.8191;11755.9056;0.9984;14.0346;60.1649;0.0497;-17.9857;-49.2584;Pista Escorregadia;Saida de leito carrocavel;1-Acidente
499;44.00;43144;3;0.9097;4;1;1;153;4;0.0;31.9;31.9;1;5;31.60;0;3.4842;1.6375;0.0022;0.0056;947210.3435;63207.3594;0.4016;0.0667;0.0001;313716697.3000;80266.0758;29497.7694;29497.7694;-0.3613;0.0204;8251.8000;15761.3660;0.9988;16.2362;60.0970;0.0247;-13.0869;-49.1924;Defeito na Via;Queda de ocupante de veiculo;1-Acidente
500;45.00;43145;4;0.3854;2;0;5;60;4;219.3;226.6;7.3;1;1;7.48;0;6.0911;3.2237;-0.0043;0.0105;224424.4615;15021.6309;0.3903;0.0669;0.0001;20132959.7300;19081.6274;6390.2284;6390.2284;-0.4464;0.0245;1919.0157;3603.6731;0.9945;7.9272;62.2766;0.0295;-17.0374;-49.7779;Defeito na Via;Colisao traseira;1-Acidente
501;46.00;43146;5;0.6424;2;0;1;60;4;252.7;304.4;51.7;1;1;52.08;0;3.7630;2.0663;-0.0009;0.0055;1562350.4010;104216.8948;0.4051;0.0667;0.0001;1171983546.0000;139406.6711;28320.5728;28320.5728;-0.9647;0.0063;13478.0451;25123.4416;0.9992;20.8444;62.1870;0.0073;-17.2380;-50.2077;Objeto estatico sobre o leito carrocavel;Saida de leito carrocavel;1-Acidente
502;49.00;43149;1;0.6389;2;0;2;153;4;565.3;582.4;17.1;1;1;16.95;0;8.4432;4.3856;0.0030;0.0101;508447.0727;33956.4717;0.3970;0.0668;0.0001;34057622.1100;35449.7804;15532.1761;15532.1761;-1.5201;0.0146;4632.1622;8086.0926;0.9975;11.9053;62.8792;0.0167;-17.3793;-49.2373;Objeto estatico sobre o leito carrocavel;Colisao com objeto estatico;1-Acidente
503;49.00;43149;1;0.6771;2;1;2;50;4;280.5;311.7;31.2;1;5;31.03;0;8.9085;4.4913;0.0045;0.0151;930533.7419;62095.8063;0.4015;0.0667;0.0001;385011167.8000;81036.0205;25300.4455;25300.4455;1.0482;0.0188;8054.1504;14873.1966;0.9987;16.0930;62.5645;0.0195;-18.3312;-48.0257;Pista Escorregadia;Saida de leito carrocavel;1-Acidente
504;50.00;43150;2;0.6042;2;1;1;60;4;393.1;464.3;71.2;1;1;70.95;0;4.7239;2.6829;-0.0008;0.0067;2129317.1480;142014.4672;0.4071;0.0667;0.0000;569130802.4000;154214.7385;8267.4535;8267.4535;-1.4598;0.0065;17293.9325;34797.2814;0.9994;24.3306;61.1921;0.0077;-17.8146;-51.2841;Pista Escorregadia;Saida de leito carrocavel;1-Acidente
505;50.00;43150;2;0.8194;4;1;2;60;4;61.8;94.2;32.4;1;1;31.79;1;6.6435;3.5155;-0.0006;0.0082;953746.2467;63643.8595;0.4017;0.0667;0.0001;420980145.4000;82611.9925;18293.7215;18293.7215;-0.9114;0.0073;7780.6829;14915.0741;0.9986;16.2922;63.9451;0.0087;-16.3514;-48.9127;Pista Escorregadia;Saida de leito carrocavel;1-Acidente
506;50.00;43150;2;0.7083;2;1;2;20;4;105.3;143.3;38.0;1;5;36.87;0;3.2020;1.5534;0.0002;0.0048;1106256.6240;73810.3206;0.4027;0.0667;0.0001;527434870.6000;95948.3016;17062.8487;17062.8487;-1.1042;0.0054;9546.6314;18120.2278;0.9989;17.5440;61.0509;0.0066;-14.7649;-46.6788;Pista Escorregadia;Capotamento;1-Acidente
507;50.00;43150;2;0.9444;4;1;1;60;4;219.3;226.6;7.3;1;1;7.48;0;6.0911;3.2237;-0.0043;0.0105;224424.4615;15021.6309;0.3903;0.0669;0.0001;20132959.7300;19081.6274;6390.2284;6390.2284;-0.4464;0.0245;1919.0157;3603.6731;0.9945;7.9272;62.2766;0.0295;-17.0295;-49.7776;Restricao de Visibilidade;Colisao traseira;1-Acidente
508;52.00;43152;4;0.6528;2;0;2;60;4;162.1;189.3;27.2;1;1;27.25;0;5.7783;3.1522;0.0010;0.0093;817537.6396;54562.5896;0.4006;0.0667;0.0001;323537826.5000;73165.6057;14969.1221;14969.1221;0.5885;0.0098;6859.1972;13360.0011;0.9985;15.0862;61.1929;0.0118;-16.8076;-49.5264;Pista Escorregadia;Saida de leito carrocavel;1-Acidente
509;52.00;43152;4;0.9097;4;0;2;414;4;409.3;439.6;30.3;1;5;30.39;0;9.5054;5.6891;-0.0022;0.0131;911772.1511;60845.0150;0.4014;0.0667;0.0001;257978625.7000;71702.6464;25884.9781;25884.9781;1.1825;0.0114;6676.9844;14349.1864;0.9986;15.9302;63.5417;0.0117;-16.2404;-48.9342;Defeito na Via;Colisao com objeto estatico;1-Acidente
510;53.00;43153;5;0.2917;2;0;1;60;4;393.1;464.3;71.2;1;1;70.95;0;4.7239;2.6829;-0.0008;0.0067;2129317.1480;142014.4672;0.4071;0.0667;0.0000;569130802.4000;154214.7385;8267.4535;8267.4535;-1.4598;0.0065;17293.9325;34797.2814;0.9994;24.3306;61.1921;0.0077;-17.8209;-51.2323;Restricao de Visibilidade;Saida de leito carrocavel;1-Acidente
511;53.00;43153;5;0.5347;2;1;2;20;4;31.0;72.8;41.8;1;5;41.83;0;10.4369;10.7547;-0.0082;0.0233;1254847.2050;83716.4716;0.4036;0.0667;0.0001;299636980.4000;92122.3163;38221.7144;38221.7144;-1.4509;0.0057;9981.5824;19648.0370;0.9990;18.6834;63.8663;0.0062;-15.4419;-47.0978;Pista Escorregadia;Capotamento;1-Acidente
512;53.00;43153;5;0.3125;2;0;1;414;4;409.3;439.6;30.3;1;5;30.39;0;9.5054;5.6891;-0.0022;0.0131;911772.1511;60845.0150;0.4014;0.0667;0.0001;257978625.7000;71702.6464;25884.9781;25884.9781;1.1825;0.0114;6676.9844;14349.1864;0.9986;15.9302;63.5417;0.0117;-16.1092;-48.8767;Objeto estatico sobre o leito carrocavel;Colisao traseira;1-Acidente
513;53.00;43153;5;0.7188;2;0;2;414;4;409.3;439.6;30.3;1;5;30.39;0;9.5054;5.6891;-0.0022;0.0131;911772.1511;60845.0150;0.4014;0.0667;0.0001;257978625.7000;71702.6464;25884.9781;25884.9781;1.1825;0.0114;6676.9844;14349.1864;0.9986;15.9302;63.5417;0.0117;-16.2004;-48.9101;Pista Escorregadia;Colisao com objeto estatico;1-Acidente
514;54.00;43154;6;0.6806;2;1;2;50;4;125.2;154.5;29.3;1;5;29.09;0;4.7246;2.2873;-0.0008;0.0085;872584.9596;58232.3305;0.4011;0.0667;0.0001;123431205.0000;62532.1826;26631.2688;26631.2688;0.0269;0.0083;7107.6616;13338.8093;0.9984;15.5848;65.4170;0.0084;-17.1940;-47.7365;Pista Escorregadia;Saida de leito carrocavel;1-Acidente
515;54.00;43154;6;0.7153;2;0;2;60;4;61.8;94.2;32.4;1;1;31.79;0;6.6435;3.5155;-0.0006;0.0082;953746.2467;63643.8595;0.4017;0.0667;0.0001;420980145.4000;82611.9925;18293.7215;18293.7215;-0.9114;0.0073;7780.6829;14915.0741;0.9986;16.2922;63.9451;0.0087;-16.3038;-48.8191;Pista Escorregadia;Saida de leito carrocavel;1-Acidente
516;55.00;43155;7;0.6042;2;0;1;60;4;32.4;60.4;28.0;1;1;26.58;0;10.4743;4.4021;0.0056;0.0182;797501.6100;53226.7189;0.4004;0.0667;0.0001;215768657.2000;61641.2359;10751.0209;10751.0209;-1.0607;0.0113;5598.5887;11426.8888;0.9981;14.9006;69.7917;0.0111;-16.1856;-48.6887;Pista Escorregadia;Colisao com objeto estatico;1-Acidente
517;55.00;43155;7;0.5243;2;1;2;153;4;555.5;565.3;9.8;1;1;9.79;0;8.1502;3.2131;-0.0003;0.0122;293645.9316;19636.3955;0.3926;0.0669;0.0001;29389649.4000;23466.2411;8108.6308;8108.6308;1.1331;0.0204;2233.9453;4501.3200;0.9954;9.0592;65.2355;0.0234;-17.2077;-49.2121;Pista Escorregadia;Colisao transversal;1-Acidente
518;55.00;43155;7;0.6563;2;0;2;40;4;95.7;157.3;61.6;1;5;61.54;0;5.2215;3.3647;0.0032;0.0081;1846169.2170;123138.4791;0.4062;0.0667;0.0000;1491824757.0000;157550.4198;31670.1788;31670.1788;-0.5691;0.0071;15097.8049;28577.3623;0.9993;22.6568;64.6025;0.0070;-16.9572;-47.2708;Pista Escorregadia;Saida de leito carrocavel;1-Acidente
519;55.00;43155;7;0.9722;4;0;2;60;4;109.2;139.4;30.2;1;1;30.11;0;9.5609;5.7119;-0.0045;0.0130;903351.3893;60283.4356;0.4013;0.0667;0.0001;378986039.0000;77890.5922;19027.6956;19027.6956;0.7552;0.0105;7431.2989;14024.3189;0.9985;15.8566;64.4132;0.0127;-16.4627;-49.0629;Pista Escorregadia;Saida de leito carrocavel;1-Acidente
520;60.00;43160;5;0.7778;3;1;2;60;4;393.1;464.3;71.2;1;1;70.95;0;4.7239;2.6829;-0.0008;0.0067;2129317.1480;142014.4672;0.4071;0.0667;0.0000;569130802.4000;154214.7385;8267.4535;8267.4535;-1.4598;0.0065;17293.9325;34797.2814;0.9994;24.3306;61.1921;0.0077;-17.8236;-51.0255;Pista Escorregadia;Saida de leito carrocavel;1-Acidente
521;61.00;43161;6;0.5278;2;1;7;153;4;513.1;515.8;2.7;1;1;2.78;1;5.0132;3.0427;0.0034;0.0068;83277.8816;5611.8588;0.3810;0.0674;0.0002;1373135.8790;6475.0083;2735.5432;2735.5432;1.3922;0.3129;670.4983;1387.3482;0.9862;4.8616;60.0267;0.3780;-16.8244;-49.2418;Pista Escorregadia;Tombamento;1-Acidente
522;61.00;43161;6;0.7326;2;1;2;60;4;393.1;464.3;71.2;1;1;70.95;0;4.7239;2.6829;-0.0008;0.0067;2129317.1480;142014.4672;0.4071;0.0667;0.0000;569130802.4000;154214.7385;8267.4535;8267.4535;-1.4598;0.0065;17293.9325;34797.2814;0.9994;24.3306;61.1921;0.0077;-17.8181;-51.1656;Pista Escorregadia;Capotamento;1-Acidente
523;63.00;43163;1;0.4583;2;0;1;153;4;436.9;445.2;8.3;1;1;8.65;1;6.1786;2.8924;-0.0007;0.0092;259393.5311;17352.9203;0.3915;0.0669;0.0001;17893343.1000;19760.4979;7491.8859;7491.8859;0.1904;0.0165;2139.8802;4062.0816;0.9950;8.5179;63.8573;0.0198;-16.3524;-48.9285;Objeto estatico sobre o leito carrocavel;Colisao com objeto estatico;1-Acidente
524;65.00;43165;3;0.7951;4;0;1;60;4;61.8;94.2;32.4;1;1;31.79;0;6.6435;3.5155;-0.0006;0.0082;953746.2467;63643.8595;0.4017;0.0667;0.0001;420980145.4000;82611.9925;18293.7215;18293.7215;-0.9114;0.0073;7780.6829;14915.0741;0.9986;16.2922;63.9451;0.0087;-16.2759;-48.7775;Objeto estatico sobre o leito carrocavel;Colisao com objeto estatico;1-Acidente
525;65.00;43165;3;0.8542;4;0;1;158;4;186.9;203.1;16.2;1;5;17.25;0;7.3596;4.4008;0.0045;0.0121;517579.0081;34565.9089;0.3972;0.0668;0.0001;36763869.1100;36060.0041;15686.3108;15686.3108;-1.4750;0.0179;4004.9081;7958.9976;0.9974;12.0116;65.0307;0.0165;-17.2539;-51.8861;Defeito na Via;Colisao com objeto estatico;1-Acidente
526;66.00;43166;4;0.3750;2;1;1;452;4;87.7;134.7;47.0;1;5;47.12;0;3.8189;1.8629;0.0003;0.0059;1413970.9240;94324.5925;0.4044;0.0667;0.0001;726077995.1000;119739.8286;16895.6449;16895.6449;1.1982;0.0094;10569.1628;23336.2983;0.9992;19.8310;60.5911;0.0102;-18.1288;-50.0011;Defeito na Via;Saida de leito carrocavel;1-Acidente