FID;data_conse;data_inver;dia_semana;horario;fase_dia;sentido_vi;condicao_m;vl_br;nm_tipo_tr;vl_km_inic;vl_km_fina;vl_extensa;ds_superfi;ds_legenda;Dist_km;TIPO;S_med;S_sd;CV_med;CV_sd;P_AREA;P_PERIM;P_FRACDIM;P_PERARAT;P_COMPAC;PBOX_AREA;PBOX_PERIM;PBOX_LEN;PBOX_WIDTH;POL_ANGLE;PELLIP_FIT;PGYRATIUS;POLRADIUS;PCIRCLE;PSAHPEIDX;PDENSITY;PRECTFIT;Lat;Long;causa_acid;tipo_acide;Acidente
527;66.00;43166;4;0.5208;2;0;2;80;4;46.0;94.3;48.3;1;5;48.32;0;5.0842;2.8679;0.0016;0.0080;1449512.6090;96694.1598;0.4046;0.0667;0.0001;345746597.4000;104806.8925;7741.3955;7741.3955;0.1414;0.0065;11552.3004;22812.3064;0.9991;20.0784;63.5408;0.0071;-15.2089;-48.6973;Pista Escorregadia;Colisao lateral;1-Acidente
528;67.00;43167;5;0.5694;2;0;2;60;4;61.8;94.2;32.4;1;1;31.79;0;6.6435;3.5155;-0.0006;0.0082;953746.2467;63643.8595;0.4017;0.0667;0.0001;420980145.4000;82611.9925;18293.7215;18293.7215;-0.9114;0.0073;7780.6829;14915.0741;0.9986;16.2922;63.9451;0.0087;-16.2636;-48.7640;Pista Escorregadia;Saida de leito carrocavel;1-Acidente
529;67.00;43167;5;0.6042;2;0;2;60;4;226.6;252.7;26.1;1;1;25.83;0;5.3463;2.9031;-0.0010;0.0076;774775.0852;51711.7072;0.4002;0.0667;0.0001;243180530.5000;66799.4325;10724.5145;10724.5145;0.4188;0.0157;6901.9728;12641.7780;0.9985;14.6873;61.2869;0.0179;-17.0523;-49.7896;Defeito na Via;Saida de leito carrocavel;1-Acidente
530;67.00;43167;5;0.5833;2;0;2;60;4;32.4;60.4;28.0;1;1;26.58;0;10.4743;4.4021;0.0056;0.0182;797501.6100;53226.7189;0.4004;0.0667;0.0001;215768657.2000;61641.2359;10751.0209;10751.0209;-1.0607;0.0113;5598.5887;11426.8888;0.9981;14.9006;69.7917;0.0111;-16.1911;-48.6746;Pista Escorregadia;Saida de leito carrocavel;1-Acidente
531;61.00;43161;6;0.5833;2;1;2;60;4;32.4;60.4;28.0;1;1;26.58;0;10.4743;4.4021;0.0056;0.0182;797501.6100;53226.7189;0.4004;0.0667;0.0001;215768657.2000;61641.2359;10751.0209;10751.0209;-1.0607;0.0113;5598.5887;11426.8888;0.9981;14.9006;69.7917;0.0111;-16.1625;-48.6240;Defeito na Via;Capotamento;1-Acidente
532;70.00;43170;1;0.4063;2;0;2;60;4;32.4;60.4;28.0;1;1;26.58;0;10.4743;4.4021;0.0056;0.0182;797501.6100;53226.7189;0.4004;0.0667;0.0001;215768657.2000;61641.2359;10751.0209;10751.0209;-1.0607;0.0113;5598.5887;11426.8888;0.9981;14.9006;69.7917;0.0111;-16.1898;-48.6708;Pista Escorregadia;Colisao com objeto estatico;1-Acidente
533;70.00;43170;1;0.5521;2;0;2;40;4;24.1;95.7;71.6;1;5;70.82;0;5.9605;4.0446;0.0062;0.0132;2124722.4680;141708.2175;0.4071;0.0667;0.0000;1757213738.0000;174931.1231;56196.4229;56196.4229;-1.1043;0.0036;17117.7420;32383.0929;0.9994;24.3043;65.6121;0.0040;-16.5027;-47.8103;Pista Escorregadia;Queda de ocupante de veiculo;1-Acidente
534;71.00;43171;2;0.6007;2;0;5;154;4;9.0;15.5;6.5;1;5;6.25;0;7.0213;3.1553;0.0050;0.0105;187629.3488;12568.6233;0.3887;0.0670;0.0002;11600910.3100;15125.9059;2138.7184;2138.7184;1.2684;0.0227;1664.3361;2963.8427;0.9932;7.2540;63.3061;0.0272;-18.3852;-49.3426;Defeito na Via;Saida de leito carrocavel;1-Acidente
535;71.00;43171;2;0.6250;2;1;2;158;4;119.9;151.9;32.0;1;5;41.42;0;5.3772;2.9977;0.0000;0.0079;1242712.1260;82907.4732;0.4035;0.0667;0.0001;456437135.7000;96373.2171;35231.0857;35231.0857;1.2800;0.0041;10110.1648;19197.9352;0.9989;18.5930;64.7316;0.0049;-16.9044;-51.7977;Pista Escorregadia;Saida de leito carrocavel;1-Acidente
536;37.00;43137;3;0.5208;2;1;1;50;4;95.7;106.7;11.0;1;5;10.60;1;4.5388;1.4948;0.0031;0.0044;317853.8229;21250.2536;0.3932;0.0669;0.0001;55655353.8600;29841.2573;7429.7188;7429.7188;0.7724;0.0829;3025.8634;5273.4166;0.9964;9.4230;60.2747;0.0933;-16.7670;-47.6167;Objeto estatico sobre o leito carrocavel;Tombamento;1-Acidente
537;72.00;43172;3;0.7396;3;1;2;153;4;107.5;124.9;17.4;1;5;17.30;0;5.4824;2.2308;0.0011;0.0084;518745.3617;34643.0242;0.3972;0.0668;0.0001;56687098.4500;40229.6306;16725.5671;16725.5671;-0.1940;0.0445;4559.3653;8603.2175;0.9978;12.0248;60.2967;0.0460;-13.8140;-49.0398;Pista Escorregadia;Saida de leito carrocavel;1-Acidente
538;74.00;43174;5;0.6667;2;0;5;20;4;22.0;31.0;9.0;1;5;9.07;0;5.1146;1.7008;-0.0002;0.0057;272057.7930;18197.1863;0.3919;0.0669;0.0001;37065232.7400;24369.6844;5863.5937;5863.5937;0.7794;0.0188;2352.4370;4423.8202;0.9956;8.7220;61.4984;0.0227;-15.5286;-47.1296;Defeito na Via;Capotamento;1-Acidente
539;74.00;43174;5;0.6875;2;0;1;60;4;109.2;139.4;30.2;1;1;30.11;0;9.5609;5.7119;-0.0045;0.0130;903351.3893;60283.4356;0.4013;0.0667;0.0001;378986039.0000;77890.5922;19027.6956;19027.6956;0.7552;0.0105;7431.2989;14024.3189;0.9985;15.8566;64.4132;0.0127;-16.5498;-49.1518;Objeto estatico sobre o leito carrocavel;Colisao traseira;1-Acidente
540;75.00;43175;6;0.7813;4;0;2;153;4;515.8;531.3;15.5;1;1;14.43;0;7.1297;3.1469;0.0038;0.0106;433048.3257;28929.8791;0.3958;0.0668;0.0001;24253133.8800;30964.9142;13713.9570;13713.9570;-1.5574;0.0167;3783.5267;7093.2203;0.9973;10.9905;61.0510;0.0208;-16.8696;-49.2508;Pista Escorregadia;Saida de leito carrocavel;1-Acidente
541;76.00;43176;7;0.6771;2;1;2;153;4;57.8;68.9;11.1;1;5;13.84;0;3.8493;1.4981;0.0018;0.0070;414886.4227;27719.0956;0.3954;0.0668;0.0001;22859174.6400;30703.0976;13680.6339;13680.6339;-0.1219;0.0650;3637.3895;6904.9233;0.9972;10.7586;60.0856;0.0712;-13.4065;-49.1312;Pista Escorregadia;Tombamento;1-Acidente
542;77.00;43177;1;0.8264;4;0;1;153;4;436.9;445.2;8.3;1;1;8.65;1;6.1786;2.8924;-0.0007;0.0092;259393.5311;17352.9203;0.3915;0.0669;0.0001;17893343.1000;19760.4979;7491.8859;7491.8859;0.1904;0.0165;2139.8802;4062.0816;0.9950;8.5179;63.8573;0.0198;-16.3347;-48.9225;Objeto estatico sobre o leito carrocavel;Colisao com objeto estatico;1-Acidente
543;79.00;43179;3;0.7431;2;1;5;60;4;160.2;162.1;1.9;1;1;2.08;1;2.6488;1.1260;0.0011;0.0039;62262.1598;4210.7948;0.3780;0.0676;0.0003;1798719.0450;5618.5174;987.1792;987.1792;0.4904;0.1813;552.9644;1026.1132;0.9812;4.2188;60.6777;0.2186;-16.7003;-49.3333;Objeto estatico sobre o leito carrocavel;Colisao lateral;1-Acidente
544;79.00;43179;3;0.7708;4;0;2;364;4;259.4;296.2;36.8;1;5;37.07;0;7.8356;3.9084;0.0013;0.0124;1112343.5600;74216.4330;0.4028;0.0667;0.0001;326127976.1000;84333.1350;10203.1699;10203.1699;1.2447;0.0073;8436.1943;16962.8737;0.9988;17.5922;65.5752;0.0081;-17.6700;-52.2502;Pista Escorregadia;Colisao frontal;1-Acidente
545;79.00;43179;3;0.8090;4;1;1;60;4;162.1;189.3;27.2;1;1;27.25;0;5.7783;3.1522;0.0010;0.0093;817537.6396;54562.5896;0.4006;0.0667;0.0001;323537826.5000;73165.6057;14969.1221;14969.1221;0.5885;0.0098;6859.1972;13360.0011;0.9985;15.0862;61.1929;0.0118;-16.7460;-49.4213;Objeto estatico sobre o leito carrocavel;Colisao com objeto estatico;1-Acidente
546;79.00;43179;3;0.7500;3;0;2;364;4;152.5;174.8;22.3;1;5;22.56;0;5.9454;2.7318;-0.0011;0.0084;676742.3377;45176.1561;0.3992;0.0668;0.0001;232720421.2000;61241.3759;16608.8861;16608.8861;-0.8578;0.0142;5414.8621;11017.2533;0.9982;13.7290;61.4257;0.0155;-18.0575;-51.5419;Pista Escorregadia;Saida de leito carrocavel;1-Acidente
547;81.00;43181;5;0.5035;2;1;2;60;4;32.4;60.4;28.0;1;1;26.58;1;10.4743;4.4021;0.0056;0.0182;797501.6100;53226.7189;0.4004;0.0667;0.0001;215768657.2000;61641.2359;10751.0209;10751.0209;-1.0607;0.0113;5598.5887;11426.8888;0.9981;14.9006;69.7917;0.0111;-16.0942;-48.5172;Pista Escorregadia;Saida de leito carrocavel;1-Acidente
548;81.00;43181;5;0.6875;2;1;2;153;4;436.9;445.2;8.3;1;1;8.65;1;6.1786;2.8924;-0.0007;0.0092;259393.5311;17352.9203;0.3915;0.0669;0.0001;17893343.1000;19760.4979;7491.8859;7491.8859;0.1904;0.0165;2139.8802;4062.0816;0.9950;8.5179;63.8573;0.0198;-16.3253;-48.9220;Pista Escorregadia;Colisao com objeto estatico;1-Acidente
549;82.00;43182;6;0.7188;3;1;2;414;4;392.9;409.3;16.4;1;5;17.26;0;10.5277;5.7669;-0.0047;0.0149;517919.8350;34587.9872;0.3972;0.0668;0.0001;80213454.8600;40442.6333;14802.3485;14802.3485;1.2144;0.0169;4329.4331;7904.4093;0.9974;12.0153;65.5229;0.0189;-16.0085;-48.8418;Pista Escorregadia;Saida de leito carrocavel;1-Acidente
550;83.00;43183;7;0.3125;1;0;2;20;4;22.0;31.0;9.0;1;5;9.07;0;5.1146;1.7008;-0.0002;0.0057;272057.7930;18197.1863;0.3919;0.0669;0.0001;37065232.7400;24369.6844;5863.5937;5863.5937;0.7794;0.0188;2352.4370;4423.8202;0.9956;8.7220;61.4984;0.0227;-15.5313;-47.1314;Pista Escorregadia;Capotamento;1-Acidente
551;84.00;43184;1;0.7500;3;0;2;20;4;105.3;143.3;38.0;1;5;36.87;0;3.2020;1.5534;0.0002;0.0048;1106256.6240;73810.3206;0.4027;0.0667;0.0001;527434870.6000;95948.3016;17062.8487;17062.8487;-1.1042;0.0054;9546.6314;18120.2278;0.9989;17.5440;61.0509;0.0066;-14.7950;-46.7001;Pista Escorregadia;Saida de leito carrocavel;1-Acidente
552;85.00;43185;2;0.3229;2;1;1;60;4;32.4;60.4;28.0;1;1;26.58;1;10.4743;4.4021;0.0056;0.0182;797501.6100;53226.7189;0.4004;0.0667;0.0001;215768657.2000;61641.2359;10751.0209;10751.0209;-1.0607;0.0113;5598.5887;11426.8888;0.9981;14.9006;69.7917;0.0111;-16.0942;-48.5172;Restricao de Visibilidade;Colisao lateral;1-Acidente
553;86.00;43186;3;0.3160;2;0;1;40;4;95.7;157.3;61.6;1;5;61.54;0;5.2215;3.3647;0.0032;0.0081;1846169.2170;123138.4791;0.4062;0.0667;0.0000;1491824757.0000;157550.4198;31670.1788;31670.1788;-0.5691;0.0071;15097.8049;28577.3623;0.9993;22.6568;64.6025;0.0070;-16.9504;-47.3066;Objeto estatico sobre o leito carrocavel;Saida de leito carrocavel;1-Acidente
554;86.00;43186;3;0.3472;2;1;5;153;4;31.9;57.8;25.9;1;5;25.73;0;4.0933;1.9882;0.0027;0.0072;771196.2033;51473.0303;0.4002;0.0667;0.0001;216895374.3000;65778.9598;23761.4399;23761.4399;-1.1958;0.0251;6615.9612;12765.0416;0.9985;14.6534;60.4147;0.0295;-13.2336;-49.1444;Defeito na Via;Colisao frontal;1-Acidente
555;88.00;43188;5;0.9479;4;1;1;60;4;160.2;162.1;1.9;1;1;2.08;1;2.6488;1.1260;0.0011;0.0039;62262.1598;4210.7948;0.3780;0.0676;0.0003;1798719.0450;5618.5174;987.1792;987.1792;0.4904;0.1813;552.9644;1026.1132;0.9812;4.2188;60.6777;0.2186;-16.7003;-49.3333;Objeto estatico sobre o leito carrocavel;Colisao com objeto estatico;1-Acidente
556;90.00;43190;7;0.4653;2;0;2;452;4;79.2;83.3;4.1;1;5;4.10;0;4.2342;1.9405;0.0003;0.0064;123168.4172;8271.7064;0.3848;0.0672;0.0002;1866750.4270;8905.4927;468.5373;468.5373;-1.5448;0.0559;962.7552;2034.6094;0.9905;5.8923;60.5366;0.0673;-18.0510;-50.1849;Pista Escorregadia;Saida de leito carrocavel;1-Acidente
557;91.00;43191;1;0.0104;4;1;2;60;4;109.2;139.4;30.2;1;1;30.11;0;9.5609;5.7119;-0.0045;0.0130;903351.3893;60283.4356;0.4013;0.0667;0.0001;378986039.0000;77890.5922;19027.6956;19027.6956;0.7552;0.0105;7431.2989;14024.3189;0.9985;15.8566;64.4132;0.0127;-16.5498;-49.1518;Pista Escorregadia;Saida de leito carrocavel;1-Acidente
558;91.00;43191;1;0.6944;2;1;2;60;4;100.1;109.2;9.1;1;1;9.26;1;6.0212;2.9460;0.0035;0.0101;277808.7984;18580.5866;0.3921;0.0669;0.0001;35499151.7900;23867.5341;5643.5460;5643.5460;0.7046;0.0157;2347.0098;4430.9799;0.9955;8.8131;62.6969;0.0190;-16.3980;-48.9664;Pista Escorregadia;Saida de leito carrocavel;1-Acidente
559;91.00;43191;1;0.7917;4;1;2;153;4;503.8;513.1;9.3;1;1;9.25;1;5.9983;2.7403;-0.0009;0.0089;277590.3771;18566.0252;0.3921;0.0669;0.0001;6807381.7190;19703.7750;9104.1659;9104.1659;0.0517;0.0512;2400.4498;4578.9902;0.9958;8.8096;60.6226;0.0589;-16.7805;-49.2370;Restricao de Visibilidade;Colisao lateral;1-Acidente
560;91.00;43191;1;0.8750;4;0;1;153;4;31.9;57.8;25.9;1;5;25.73;0;4.0933;1.9882;0.0027;0.0072;771196.2033;51473.0303;0.4002;0.0667;0.0001;216895374.3000;65778.9598;23761.4399;23761.4399;-1.1958;0.0251;6615.9612;12765.0416;0.9985;14.6534;60.4147;0.0295;-13.2421;-49.1414;Defeito na Via;Tombamento;1-Acidente
561;92.00;43192;2;0.7778;3;0;2;60;4;109.2;139.4;30.2;1;1;30.11;1;9.5609;5.7119;-0.0045;0.0130;903351.3893;60283.4356;0.4013;0.0667;0.0001;378986039.0000;77890.5922;19027.6956;19027.6956;0.7552;0.0105;7431.2989;14024.3189;0.9985;15.8566;64.4132;0.0127;-16.6063;-49.2042;Sinalizacao da via insuficiente ou inadequada;Atropelamento de Pedestre;1-Acidente
562;93.00;43193;3;0.6875;2;0;2;154;4;0.0;9.0;9.0;1;5;9.30;1;4.1352;1.7371;0.0015;0.0065;279234.5643;18675.6258;0.3922;0.0669;0.0001;33323994.1900;24584.9757;4036.1917;4036.1917;0.4474;0.0314;2349.5765;4602.6188;0.9958;8.8355;60.6686;0.0379;-18.3931;-49.2921;Pista Escorregadia;Saida de leito carrocavel;1-Acidente
563;94.00;43194;4;0.8160;4;0;7;153;4;275.6;285.3;9.7;1;5;9.55;0;6.8277;2.4252;0.0006;0.0087;286524.0221;19161.6015;0.3924;0.0669;0.0001;43349915.9900;26371.7459;6934.8363;6934.8363;-0.7515;0.0262;2561.3517;4730.2078;0.9959;8.9493;60.5732;0.0316;-15.1622;-49.5406;Defeito na Via;Tombamento;1-Acidente
564;96.00;43196;6;0.7465;3;1;2;20;4;72.8;105.3;32.5;1;5;32.28;0;3.2553;1.7847;-0.0002;0.0058;968347.7241;64616.4768;0.4018;0.0667;0.0001;487943052.2000;89119.2881;25186.2661;25186.2661;0.9073;0.0165;7893.4689;15956.3351;0.9988;16.4160;60.6874;0.0209;-15.1107;-47.1229;Pista Escorregadia;Capotamento;1-Acidente
565;97.00;43197;7;0.2708;2;0;2;20;4;72.8;105.3;32.5;1;5;32.28;0;3.2553;1.7847;-0.0002;0.0058;968347.7241;64616.4768;0.4018;0.0667;0.0001;487943052.2000;89119.2881;25186.2661;25186.2661;0.9073;0.0165;7893.4689;15956.3351;0.9988;16.4160;60.6874;0.0209;-15.1039;-47.1169;Pista Escorregadia;Colisao com objeto estatico;1-Acidente
566;97.00;43197;7;0.7292;2;0;2;153;4;533.3;555.5;22.2;1;1;24.09;0;7.6587;3.8221;-0.0017;0.0116;722702.9898;48240.0586;0.3997;0.0667;0.0001;56209149.7200;51218.7005;23184.9716;23184.9716;-1.4855;0.0254;5855.9792;11693.5957;0.9983;14.1863;61.8033;0.0262;-17.0471;-49.2259;Objeto estatico sobre o leito carrocavel;Colisao com objeto estatico;1-Acidente
567;97.00;43197;7;0.7500;3;0;2;60;4;226.6;252.7;26.1;1;1;25.83;0;5.3463;2.9031;-0.0010;0.0076;774775.0852;51711.7072;0.4002;0.0667;0.0001;243180530.5000;66799.4325;10724.5145;10724.5145;0.4188;0.0157;6901.9728;12641.7780;0.9985;14.6873;61.2869;0.0179;-17.0946;-49.8649;Pista Escorregadia;Saida de leito carrocavel;1-Acidente
568;98.00;43198;1;0.1944;4;1;2;80;4;2.1;46.0;43.9;1;5;43.04;0;5.8165;3.7064;-0.0021;0.0112;1291195.5740;86140.9312;0.4038;0.0667;0.0001;361925451.1000;93449.9274;36922.7218;36922.7218;-1.3643;0.0057;8362.3921;19889.2558;0.9990;18.9519;64.9193;0.0064;-15.1798;-48.2851;Pista Escorregadia;Colisao transversal;1-Acidente
569;98.00;43198;1;0.5764;2;0;2;153;4;582.4;598.2;15.8;1;1;15.87;0;8.9085;3.1968;0.0008;0.0102;475916.2960;31787.7493;0.3965;0.0668;0.0001;35544190.8500;34659.6363;14952.7115;14952.7115;-1.4608;0.0200;4113.4161;7518.8540;0.9973;11.5195;63.2964;0.0192;-17.3987;-49.2233;Pista Escorregadia;Capotamento;1-Acidente
570;98.00;43198;1;0.6701;2;1;7;40;4;24.1;95.7;71.6;1;5;70.82;0;5.9605;4.0446;0.0062;0.0132;2124722.4680;141708.2175;0.4071;0.0667;0.0000;1757213738.0000;174931.1231;56196.4229;56196.4229;-1.1043;0.0036;17117.7420;32383.0929;0.9994;24.3043;65.6121;0.0040;-16.6100;-47.7633;Pista Escorregadia;Saida de leito carrocavel;1-Acidente
571;100.00;43200;3;0.7917;4;0;2;20;4;72.8;105.3;32.5;1;5;32.28;0;3.2553;1.7847;-0.0002;0.0058;968347.7241;64616.4768;0.4018;0.0667;0.0001;487943052.2000;89119.2881;25186.2661;25186.2661;0.9073;0.0165;7893.4689;15956.3351;0.9988;16.4160;60.6874;0.0209;-14.9279;-46.9727;Pista Escorregadia;Saida de leito carrocavel;1-Acidente
572;100.00;43200;3;0.7361;3;0;1;364;4;174.8;192.7;17.9;1;5;19.10;0;9.2279;4.8478;-0.0014;0.0105;572980.8374;38258.9433;0.3979;0.0668;0.0001;112620257.6000;43120.9751;8884.6177;8884.6177;-0.5761;0.0181;4193.7866;8008.9463;0.9972;12.6358;71.5426;0.0200;-17.9567;-51.6215;Restricao de Visibilidade;Colisao lateral;1-Acidente
573;101.00;43201;4;0.4444;2;0;5;153;4;533.3;555.5;22.2;1;1;24.09;0;7.6587;3.8221;-0.0017;0.0116;722702.9898;48240.0586;0.3997;0.0667;0.0001;56209149.7200;51218.7005;23184.9716;23184.9716;-1.4855;0.0254;5855.9792;11693.5957;0.9983;14.1863;61.8033;0.0262;-17.0445;-49.2255;Objeto estatico sobre o leito carrocavel;Colisao com objeto estatico;1-Acidente
574;101.00;43201;4;0.6458;2;0;1;452;4;139.1;181.1;42.0;1;5;42.03;0;5.7049;2.9849;-0.0006;0.0075;1261334.7330;84148.9500;0.4036;0.0667;0.0001;587678862.5000;106819.6690;15503.4110;15503.4110;-0.3590;0.0132;10338.2668;20551.0013;0.9990;18.7315;61.3758;0.0137;-18.2793;-49.6255;Defeito na Via;Tombamento;1-Acidente
575;102.00;43202;5;0.6181;2;0;1;60;4;109.2;139.4;30.2;1;1;30.11;1;9.5609;5.7119;-0.0045;0.0130;903351.3893;60283.4356;0.4013;0.0667;0.0001;378986039.0000;77890.5922;19027.6956;19027.6956;0.7552;0.0105;7431.2989;14024.3189;0.9985;15.8566;64.4132;0.0127;-16.6117;-49.2053;Defeito na Via;Queda de ocupante de veiculo;1-Acidente
576;103.00;43203;6;0.8264;4;1;2;60;4;162.1;189.3;27.2;1;1;27.25;0;5.7783;3.1522;0.0010;0.0093;817537.6396;54562.5896;0.4006;0.0667;0.0001;323537826.5000;73165.6057;14969.1221;14969.1221;0.5885;0.0098;6859.1972;13360.0011;0.9985;15.0862;61.1929;0.0118;-16.7520;-49.4317;Pista Escorregadia;Colisao traseira;1-Acidente
577;105.00;43205;1;0.6146;2;0;2;153;4;515.8;531.3;15.5;1;1;14.43;0;7.1297;3.1469;0.0038;0.0106;433048.3257;28929.8791;0.3958;0.0668;0.0001;24253133.8800;30964.9142;13713.9570;13713.9570;-1.5574;0.0167;3783.5267;7093.2203;0.9973;10.9905;61.0510;0.0208;-16.8505;-49.2470;Pista Escorregadia;Capotamento;1-Acidente
578;105.00;43205;1;0.9479;4;1;2;60;4;32.4;60.4;28.0;1;1;26.58;0;10.4743;4.4021;0.0056;0.0182;797501.6100;53226.7189;0.4004;0.0667;0.0001;215768657.2000;61641.2359;10751.0209;10751.0209;-1.0607;0.0113;5598.5887;11426.8888;0.9981;14.9006;69.7917;0.0111;-16.0965;-48.5201;Pista Escorregadia;Saida de leito carrocavel;1-Acidente
579;105.00;43205;1;0.9097;2;1;2;153;4;403.0;421.7;18.7;1;2;18.50;0;12.6522;6.5963;0.0002;0.0157;554988.8583;37059.2522;0.3977;0.0668;0.0001;74671244.8500;41062.8135;15807.6725;15807.6725;-1.3411;0.0092;4177.9510;8315.2412;0.9974;12.4364;66.7436;0.0104;-16.1660;-49.0433;Objeto estatico sobre o leito carrocavel;Colisao com objeto estatico;1-Acidente
580;106.00;43206;2;0.0000;4;1;2;40;4;0.0;24.1;24.1;1;1;24.59;1;4.6421;2.4252;0.0026;0.0110;737608.5782;49237.1865;0.3998;0.0668;0.0001;194859822.9000;61797.3030;22069.1327;22069.1327;-1.1809;0.0137;6570.9312;11956.6449;0.9984;14.3324;61.6903;0.0153;-16.1313;-47.9580;Pista Escorregadia;Saida de leito carrocavel;1-Acidente
581;110.00;43210;6;0.7917;4;0;1;60;4;478.3;512.8;34.5;1;5;34.36;0;6.4954;3.6414;0.0000;0.0079;1031105.7910;68800.3863;0.4022;0.0667;0.0001;371748955.3000;84794.4536;12387.6966;12387.6966;-0.4131;0.0123;8847.4709;16258.6588;0.9988;16.9387;63.4189;0.0131;-17.9095;-51.7829;Restricao de Visibilidade;Colisao frontal;1-Acidente
582;112.00;43212;1;0.5278;2;0;1;158;4;39.7;90.0;50.3;1;5;50.22;0;3.7306;1.9209;0.0007;0.0060;1506406.6610;100487.1900;0.4048;0.0667;0.0001;1016919502.0000;130272.3304;25952.9104;25952.9104;-0.5890;0.0088;12114.9761;23860.2094;0.9992;20.4682;63.1347;0.0095;-16.4299;-51.7962;Defeito na Via;Colisao traseira;1-Acidente
583;70.00;43170;1;0.6042;2;0;3;158;4;39.7;90.0;50.3;1;5;50.22;0;3.7306;1.9209;0.0007;0.0060;1506406.6610;100487.1900;0.4048;0.0667;0.0001;1016919502.0000;130272.3304;25952.9104;25952.9104;-0.5890;0.0088;12114.9761;23860.2094;0.9992;20.4682;63.1347;0.0095;-16.3790;-51.8527;Pista Escorregadia;Tombamento;1-Acidente
584;116.00;43216;5;0.5000;2;1;1;364;4;259.4;296.2;36.8;1;5;37.07;0;7.8356;3.9084;0.0013;0.0124;1112343.5600;74216.4330;0.4028;0.0667;0.0001;326127976.1000;84333.1350;10203.1699;10203.1699;1.2447;0.0073;8436.1943;16962.8737;0.9988;17.5922;65.5752;0.0081;-17.6519;-52.3491;Defeito na Via;Tombamento;1-Acidente
585;118.00;43218;7;0.4792;2;0;1;153;4;533.3;555.5;22.2;1;1;24.09;0;7.6587;3.8221;-0.0017;0.0116;722702.9898;48240.0586;0.3997;0.0667;0.0001;56209149.7200;51218.7005;23184.9716;23184.9716;-1.4855;0.0254;5855.9792;11693.5957;0.9983;14.1863;61.8033;0.0262;-17.0445;-49.2255;Objeto estatico sobre o leito carrocavel;Colisao com objeto estatico;1-Acidente
586;121.00;43221;3;0.4090;2;1;1;153;4;323.1;358.2;35.1;1;5;35.45;0;7.6328;4.3067;0.0003;0.0126;1063577.8870;70965.3629;0.4025;0.0667;0.0001;536800012.8000;95031.3004;29014.6531;29014.6531;-0.9897;0.0147;9490.5111;17240.7195;0.9989;17.2029;61.6899;0.0173;-15.5481;-49.4326;Defeito na Via;Capotamento;1-Acidente
587;121.00;43221;3;0.8771;4;1;1;153;4;107.5;124.9;17.4;1;5;17.30;1;5.4824;2.2308;0.0011;0.0084;518745.3617;34643.0242;0.3972;0.0668;0.0001;56687098.4500;40229.6306;16725.5671;16725.5671;-0.1940;0.0445;4559.3653;8603.2175;0.9978;12.0248;60.2967;0.0460;-13.7257;-49.0216;Defeito na Via;Tombamento;1-Acidente
588;105.00;43205;1;0.8750;4;0;2;60;4;32.4;60.4;28.0;1;1;26.58;0;10.4743;4.4021;0.0056;0.0182;797501.6100;53226.7189;0.4004;0.0667;0.0001;215768657.2000;61641.2359;10751.0209;10751.0209;-1.0607;0.0113;5598.5887;11426.8888;0.9981;14.9006;69.7917;0.0111;-16.1625;-48.6240;Defeito na Via;Capotamento;1-Acidente
589;122.00;43222;4;0.8021;4;0;1;153;4;565.3;582.4;17.1;1;1;16.95;0;8.4432;4.3856;0.0030;0.0101;508447.0727;33956.4717;0.3970;0.0668;0.0001;34057622.1100;35449.7804;15532.1761;15532.1761;-1.5201;0.0146;4632.1622;8086.0926;0.9975;11.9053;62.8792;0.0167;-17.3766;-49.2381;Objeto estatico sobre o leito carrocavel;Colisao com objeto estatico;1-Acidente
590;125.00;43225;7;0.4583;2;0;1;80;4;135.0;153.0;18.0;1;5;22.82;0;7.2432;5.2861;-0.0058;0.0145;684679.1002;45708.7533;0.3993;0.0668;0.0001;220147370.0000;59837.8723;16866.9048;16866.9048;0.6235;0.0148;5687.6410;10879.8929;0.9982;13.8101;62.9307;0.0146;-14.9841;-48.9246;Defeito na Via;Saida de leito carrocavel;1-Acidente
591;126.00;43226;1;0.2986;1;1;1;60;4;109.2;139.4;30.2;1;1;30.11;1;9.5609;5.7119;-0.0045;0.0130;903351.3893;60283.4356;0.4013;0.0667;0.0001;378986039.0000;77890.5922;19027.6956;19027.6956;0.7552;0.0105;7431.2989;14024.3189;0.9985;15.8566;64.4132;0.0127;-16.6117;-49.2053;Objeto estatico sobre o leito carrocavel;Colisao traseira;1-Acidente
592;127.00;43227;2;0.5833;2;0;1;153;4;142.4;176.5;34.1;1;5;34.18;0;3.8833;2.0332;0.0003;0.0057;1024956.8780;68391.7078;0.4022;0.0667;0.0001;236714910.2000;80575.0150;33145.9037;33145.9037;-0.2216;0.0315;9065.3212;16974.9463;0.9989;16.8885;60.3806;0.0334;-14.0729;-49.0968;Defeito na Via;Colisao frontal;1-Acidente
593;131.00;43231;6;0.4063;2;0;1;158;4;163.9;186.9;23.0;1;5;21.51;0;6.2905;3.2384;0.0022;0.0101;645296.3448;43079.7566;0.3988;0.0668;0.0001;97053538.2800;50866.7300;20757.8563;20757.8563;1.3316;0.0295;5338.5738;10641.1021;0.9982;13.4071;60.6419;0.0313;-17.0649;-51.8586;Defeito na Via;Capotamento;1-Acidente