FID;data_conse;data_inver;dia_semana;horario;fase_dia;sentido_vi;condicao_m;vl_br;nm_tipo_tr;vl_km_inic;vl_km_fina;vl_extensa;ds_superfi;ds_legenda;Dist_km;TIPO;S_med;S_sd;CV_med;CV_sd;P_AREA;P_PERIM;P_FRACDIM;P_PERARAT;P_COMPAC;PBOX_AREA;PBOX_PERIM;PBOX_LEN;PBOX_WIDTH;POL_ANGLE;PELLIP_FIT;PGYRATIUS;POLRADIUS;PCIRCLE;PSAHPEIDX;PDENSITY;PRECTFIT;Lat;Long;causa_acid;tipo_acide;Acidente
594;133.00;43233;1;0.7694;4;0;0;153;4;289.8;305.1;15.3;1;5;13.93;0;10.1197;6.1891;-0.0053;0.0115;417786.6971;27912.4466;0.3955;0.0668;0.0001;35149208.2500;30320.6229;12303.4546;12303.4546;1.3331;0.0210;3210.1392;6313.6619;0.9967;10.7959;66.1719;0.0208;-15.2366;-49.5559;Objeto estatico sobre o leito carrocavel;Colisao com objeto estatico;1-Acidente
595;117.00;43217;6;0.8090;4;1;1;153;4;403.0;421.7;18.7;1;2;18.50;0;12.6522;6.5963;0.0002;0.0157;554988.8583;37059.2522;0.3977;0.0668;0.0001;74671244.8500;41062.8135;15807.6725;15807.6725;-1.3411;0.0092;4177.9510;8315.2412;0.9974;12.4364;66.7436;0.0104;-16.0958;-49.0338;Restricao de Visibilidade;Colisao frontal;1-Acidente
596;139.00;43239;7;0.6250;2;1;2;60;4;109.2;139.4;30.2;1;1;30.11;0;9.5609;5.7119;-0.0045;0.0130;903351.3893;60283.4356;0.4013;0.0667;0.0001;378986039.0000;77890.5922;19027.6956;19027.6956;0.7552;0.0105;7431.2989;14024.3189;0.9985;15.8566;64.4132;0.0127;-16.5816;-49.1779;Pista Escorregadia;Saida de leito carrocavel;1-Acidente
597;142.00;43242;3;0.3611;2;0;1;153;4;513.1;515.8;2.7;1;1;2.78;1;5.0132;3.0427;0.0034;0.0068;83277.8816;5611.8588;0.3810;0.0674;0.0002;1373135.8790;6475.0083;2735.5432;2735.5432;1.3922;0.3129;670.4983;1387.3482;0.9862;4.8616;60.0267;0.3780;-16.8244;-49.2418;Pista Escorregadia;Queda de ocupante de veiculo;1-Acidente
598;144.00;43244;5;0.4583;2;1;1;70;4;4.0;16.0;12.0;1;1;10.50;1;5.3679;3.3491;0.0010;0.0042;314971.9913;21058.1684;0.3932;0.0669;0.0001;20147294.7500;22397.7896;2251.8339;2251.8339;-1.5033;0.0132;2586.1273;4780.8984;0.9956;9.3805;65.8813;0.0157;-15.7421;-48.2694;Objeto estatico sobre o leito carrocavel;Colisao com objeto estatico;1-Acidente
599;105.00;43205;1;0.8090;2;0;2;60;4;61.8;94.2;32.4;1;1;31.79;0;6.6435;3.5155;-0.0006;0.0082;953746.2467;63643.8595;0.4017;0.0667;0.0001;420980145.4000;82611.9925;18293.7215;18293.7215;-0.9114;0.0073;7780.6829;14915.0741;0.9986;16.2922;63.9451;0.0087;-16.3162;-48.8552;Restricao de Visibilidade;Saida de leito carrocavel;1-Acidente
600;154.00;43254;1;0.7847;4;0;1;153;4;436.9;445.2;8.3;1;1;8.65;1;6.1786;2.8924;-0.0007;0.0092;259393.5311;17352.9203;0.3915;0.0669;0.0001;17893343.1000;19760.4979;7491.8859;7491.8859;0.1904;0.0165;2139.8802;4062.0816;0.9950;8.5179;63.8573;0.0198;-16.3332;-48.9224;Sinalizacao da via insuficiente ou inadequada;Atropelamento de Pedestre;1-Acidente
601;155.00;43255;2;0.7396;3;0;0;60;4;109.2;139.4;30.2;1;1;30.11;0;9.5609;5.7119;-0.0045;0.0130;903351.3893;60283.4356;0.4013;0.0667;0.0001;378986039.0000;77890.5922;19027.6956;19027.6956;0.7552;0.0105;7431.2989;14024.3189;0.9985;15.8566;64.4132;0.0127;-16.4573;-49.0567;Objeto estatico sobre o leito carrocavel;Colisao com objeto estatico;1-Acidente
602;157.00;43257;4;0.7639;4;1;1;60;2;34.0;38.7;4.7;1;1;4.79;1;4.1010;1.5626;0.0005;0.0049;143773.5126;9644.8983;0.3862;0.0671;0.0002;7749997.0860;12226.0271;4318.3453;4318.3453;-1.1660;0.1279;1205.8723;2351.6611;0.9917;6.3591;61.1370;0.1520;-16.7243;-49.3525;Pista Escorregadia;Queda de ocupante de veiculo;1-Acidente
603;158.00;43258;5;0.7500;4;0;2;60;4;109.2;139.4;30.2;1;1;30.11;0;9.5609;5.7119;-0.0045;0.0130;903351.3893;60283.4356;0.4013;0.0667;0.0001;378986039.0000;77890.5922;19027.6956;19027.6956;0.7552;0.0105;7431.2989;14024.3189;0.9985;15.8566;64.4132;0.0127;-16.5890;-49.1944;Pista Escorregadia;Capotamento;1-Acidente
604;160.00;43260;7;0.5625;2;1;1;364;4;235.5;259.4;23.9;1;5;23.82;0;3.8211;1.8211;0.0009;0.0080;714657.0542;47703.8033;0.3996;0.0668;0.0001;260300172.2000;65104.3026;14128.8760;14128.8760;-0.6728;0.0202;5606.7369;11706.0623;0.9983;14.1073;61.0502;0.0233;-17.7977;-52.0511;Defeito na Via;Queda de ocupante de veiculo;1-Acidente
605;161.00;43261;1;0.3958;2;0;1;60;4;100.1;109.2;9.1;1;1;9.26;1;6.0212;2.9460;0.0035;0.0101;277808.7984;18580.5866;0.3921;0.0669;0.0001;35499151.7900;23867.5341;5643.5460;5643.5460;0.7046;0.0157;2347.0098;4430.9799;0.9955;8.8131;62.6969;0.0190;-16.4048;-48.9805;Defeito na Via;Queda de ocupante de veiculo;1-Acidente
606;163.00;43263;3;0.2292;4;1;1;153;4;503.8;513.1;9.3;1;1;9.25;1;5.9983;2.7403;-0.0009;0.0089;277590.3771;18566.0252;0.3921;0.0669;0.0001;6807381.7190;19703.7750;9104.1659;9104.1659;0.0517;0.0512;2400.4498;4578.9902;0.9958;8.8096;60.6226;0.0589;-16.8101;-49.2395;Sinalizacao da via insuficiente ou inadequada;Tombamento;1-Acidente
607;163.00;43263;3;0.3278;2;1;1;60;4;100.1;109.2;9.1;1;1;9.26;1;6.0212;2.9460;0.0035;0.0101;277808.7984;18580.5866;0.3921;0.0669;0.0001;35499151.7900;23867.5341;5643.5460;5643.5460;0.7046;0.0157;2347.0098;4430.9799;0.9955;8.8131;62.6969;0.0190;-16.4033;-48.9771;Objeto estatico sobre o leito carrocavel;Colisao traseira;1-Acidente
608;163.00;43263;3;0.7708;4;0;1;153;4;533.3;555.5;22.2;1;1;24.09;0;7.6587;3.8221;-0.0017;0.0116;722702.9898;48240.0586;0.3997;0.0667;0.0001;56209149.7200;51218.7005;23184.9716;23184.9716;-1.4855;0.0254;5855.9792;11693.5957;0.9983;14.1863;61.8033;0.0262;-17.0547;-49.2269;Sinalizacao da via insuficiente ou inadequada;Queda de ocupante de veiculo;1-Acidente
609;166.00;43266;6;0.7118;2;1;5;60;2;38.7;50.9;12.2;1;1;12.15;1;4.7264;2.3770;0.0020;0.0082;364350.2289;24349.9989;0.3944;0.0668;0.0001;44686798.4400;30068.7017;4078.9887;4078.9887;1.2504;0.0211;3044.0131;5962.6342;0.9967;10.0851;61.1056;0.0255;-16.7673;-49.3228;Pista Escorregadia;Tombamento;1-Acidente
610;168.00;43268;1;0.8090;4;1;6;60;4;32.4;60.4;28.0;1;1;26.58;0;10.4743;4.4021;0.0056;0.0182;797501.6100;53226.7189;0.4004;0.0667;0.0001;215768657.2000;61641.2359;10751.0209;10751.0209;-1.0607;0.0113;5598.5887;11426.8888;0.9981;14.9006;69.7917;0.0111;-16.0965;-48.5201;Objeto estatico sobre o leito carrocavel;Capotamento;1-Acidente
611;169.00;43269;2;0.7847;4;1;1;153;4;403.0;421.7;18.7;1;2;18.50;0;12.6522;6.5963;0.0002;0.0157;554988.8583;37059.2522;0.3977;0.0668;0.0001;74671244.8500;41062.8135;15807.6725;15807.6725;-1.3411;0.0092;4177.9510;8315.2412;0.9974;12.4364;66.7436;0.0104;-16.0625;-49.0637;Objeto estatico sobre o leito carrocavel;Queda de ocupante de veiculo;1-Acidente
612;173.00;43273;6;0.8264;2;1;1;40;4;0.0;24.1;24.1;1;1;24.59;1;4.6421;2.4252;0.0026;0.0110;737608.5782;49237.1865;0.3998;0.0668;0.0001;194859822.9000;61797.3030;22069.1327;22069.1327;-1.1809;0.0137;6570.9312;11956.6449;0.9984;14.3324;61.6903;0.0153;-16.0582;-47.9829;Restricao de Visibilidade;Atropelamento de Pedestre;1-Acidente
613;178.00;43278;4;0.5764;2;0;1;60;4;109.2;139.4;30.2;1;1;30.11;0;9.5609;5.7119;-0.0045;0.0130;903351.3893;60283.4356;0.4013;0.0667;0.0001;378986039.0000;77890.5922;19027.6956;19027.6956;0.7552;0.0105;7431.2989;14024.3189;0.9985;15.8566;64.4132;0.0127;-16.4479;-49.0224;Objeto estatico sobre o leito carrocavel;Colisao traseira;1-Acidente
614;181.00;43281;7;0.4583;2;0;1;153;4;598.2;621.7;23.5;1;1;23.56;0;7.3179;3.7872;-0.0002;0.0127;706595.5289;47166.4349;0.3995;0.0668;0.0001;144160711.3000;57737.3640;22446.1753;22446.1753;-1.2780;0.0278;5531.0345;11710.0440;0.9984;14.0277;60.3410;0.0332;-17.5755;-49.1978;Objeto estatico sobre o leito carrocavel;Capotamento;1-Acidente
615;186.00;43286;5;0.7500;2;0;1;40;4;0.0;24.1;24.1;1;1;24.59;1;4.6421;2.4252;0.0026;0.0110;737608.5782;49237.1865;0.3998;0.0668;0.0001;194859822.9000;61797.3030;22069.1327;22069.1327;-1.1809;0.0137;6570.9312;11956.6449;0.9984;14.3324;61.6903;0.0153;-16.0582;-47.9829;Restricao de Visibilidade;Atropelamento de Pedestre;1-Acidente
616;192.00;43292;4;0.7431;3;0;1;40;4;0.0;24.1;24.1;1;1;24.59;1;4.6421;2.4252;0.0026;0.0110;737608.5782;49237.1865;0.3998;0.0668;0.0001;194859822.9000;61797.3030;22069.1327;22069.1327;-1.1809;0.0137;6570.9312;11956.6449;0.9984;14.3324;61.6903;0.0153;-16.0582;-47.9829;Restricao de Visibilidade;Atropelamento de Pedestre;1-Acidente
617;194.00;43294;6;0.6944;2;0;1;60;4;162.1;189.3;27.2;1;1;27.25;1;5.7783;3.1522;0.0010;0.0093;817537.6396;54562.5896;0.4006;0.0667;0.0001;323537826.5000;73165.6057;14969.1221;14969.1221;0.5885;0.0098;6859.1972;13360.0011;0.9985;15.0862;61.1929;0.0118;-16.7126;-49.3575;Objeto estatico sobre o leito carrocavel;Colisao com objeto estatico;1-Acidente
618;195.00;43295;7;0.0208;4;0;1;60;4;109.2;139.4;30.2;1;1;30.11;0;9.5609;5.7119;-0.0045;0.0130;903351.3893;60283.4356;0.4013;0.0667;0.0001;378986039.0000;77890.5922;19027.6956;19027.6956;0.7552;0.0105;7431.2989;14024.3189;0.9985;15.8566;64.4132;0.0127;-16.4691;-49.0705;Objeto estatico sobre o leito carrocavel;Saida de leito carrocavel;1-Acidente
619;196.00;43296;1;0.5278;2;1;1;364;4;310.2;325.0;14.8;1;5;16.84;0;5.5316;3.4261;0.0007;0.0081;505356.1552;33753.6465;0.3970;0.0668;0.0001;123593512.5000;44915.5671;9649.4938;9649.4938;-0.6715;0.0182;4322.0082;8216.4194;0.9976;11.8703;61.5056;0.0219;-17.3991;-52.6630;Restricao de Visibilidade;Colisao traseira;1-Acidente
620;198.00;43298;3;0.7882;4;0;1;153;4;667.1;675.5;8.4;1;1;8.37;0;7.5023;3.4964;0.0009;0.0086;251081.3610;16798.7458;0.3912;0.0669;0.0001;12358075.6200;19283.4804;8119.7658;8119.7658;-0.1750;0.0422;2000.3982;4143.0831;0.9953;8.3813;60.6025;0.0509;-18.1793;-49.2906;Restricao de Visibilidade;Colisao transversal;1-Acidente
621;202.00;43302;7;0.6174;2;0;1;40;4;0.0;24.1;24.1;1;1;24.59;1;4.6421;2.4252;0.0026;0.0110;737608.5782;49237.1865;0.3998;0.0668;0.0001;194859822.9000;61797.3030;22069.1327;22069.1327;-1.1809;0.0137;6570.9312;11956.6449;0.9984;14.3324;61.6903;0.0153;-16.2015;-47.9213;Pista Escorregadia;Queda de ocupante de veiculo;1-Acidente
622;202.00;43302;7;0.6354;2;1;1;20;4;22.0;31.0;9.0;1;5;9.07;0;5.1146;1.7008;-0.0002;0.0057;272057.7930;18197.1863;0.3919;0.0669;0.0001;37065232.7400;24369.6844;5863.5937;5863.5937;0.7794;0.0188;2352.4370;4423.8202;0.9956;8.7220;61.4984;0.0227;-15.5057;-47.1147;Defeito na Via;Capotamento;1-Acidente
623;202.00;43302;7;0.7500;2;0;1;153;4;533.3;555.5;22.2;1;1;24.09;0;7.6587;3.8221;-0.0017;0.0116;722702.9898;48240.0586;0.3997;0.0667;0.0001;56209149.7200;51218.7005;23184.9716;23184.9716;-1.4855;0.0254;5855.9792;11693.5957;0.9983;14.1863;61.8033;0.0262;-17.0547;-49.2269;Objeto estatico sobre o leito carrocavel;Colisao com objeto estatico;1-Acidente
624;202.00;43302;7;0.7535;3;1;1;60;4;94.2;100.1;5.9;1;1;5.91;1;5.5455;2.4981;0.0036;0.0068;177441.3404;11889.4228;0.3882;0.0670;0.0002;16756394.7200;16492.2554;4616.2787;4616.2787;-0.6732;0.1108;1578.3260;2935.8750;0.9934;7.0562;60.4390;0.1207;-16.3774;-48.9483;Defeito na Via;Tombamento;1-Acidente
625;203.00;43303;1;0.5833;2;1;5;364;4;259.4;296.2;36.8;1;5;37.07;0;7.8356;3.9084;0.0013;0.0124;1112343.5600;74216.4330;0.4028;0.0667;0.0001;326127976.1000;84333.1350;10203.1699;10203.1699;1.2447;0.0073;8436.1943;16962.8737;0.9988;17.5922;65.5752;0.0081;-17.5899;-52.4682;Defeito na Via;Colisao com objeto estatico;1-Acidente
626;204.00;43304;2;0.2951;1;1;1;60;4;100.1;109.2;9.1;1;1;9.26;0;6.0212;2.9460;0.0035;0.0101;277808.7984;18580.5866;0.3921;0.0669;0.0001;35499151.7900;23867.5341;5643.5460;5643.5460;0.7046;0.0157;2347.0098;4430.9799;0.9955;8.8131;62.6969;0.0190;-16.4060;-48.9830;Restricao de Visibilidade;Colisao traseira;1-Acidente
627;194.00;43294;6;0.6042;2;1;5;60;4;393.1;464.3;71.2;1;1;70.95;0;4.7239;2.6829;-0.0008;0.0067;2129317.1480;142014.4672;0.4071;0.0667;0.0000;569130802.4000;154214.7385;8267.4535;8267.4535;-1.4598;0.0065;17293.9325;34797.2814;0.9994;24.3306;61.1921;0.0077;-17.8169;-51.1377;Objeto estatico sobre o leito carrocavel;Saida de leito carrocavel;1-Acidente
628;206.00;43306;4;0.7917;4;1;1;20;4;3.7;22.0;18.3;1;5;17.79;1;4.6989;2.1676;0.0007;0.0064;533527.0853;35628.4384;0.3974;0.0668;0.0001;42591912.8200;37696.9261;2625.3914;2625.3914;0.0257;0.0121;4128.6522;8449.8276;0.9976;12.1943;63.1406;0.0130;-15.5553;-47.3069;Restricao de Visibilidade;Atropelamento de Pedestre;1-Acidente
629;210.00;43310;1;0.4931;2;1;5;70;4;290.1;316.5;26.4;1;5;26.47;0;5.2652;2.4718;0.0005;0.0069;793951.5722;52990.2455;0.4004;0.0667;0.0001;175239324.1000;64462.8771;6924.5777;6924.5777;0.2702;0.0233;7300.2245;13108.8908;0.9985;14.8675;60.5659;0.0283;-15.8557;-50.7534;Pista Escorregadia;Saida de leito carrocavel;1-Acidente
630;214.00;43314;5;0.8542;4;1;1;20;4;229.7;252.5;22.8;1;5;22.98;0;5.0848;3.5498;-0.0038;0.0109;689363.4334;46017.5623;0.3993;0.0668;0.0001;226457994.5000;60788.4659;17317.1057;17317.1057;0.9104;0.0121;4654.6810;11111.9053;0.9982;13.8561;62.0383;0.0127;-14.0427;-46.2640;Defeito na Via;IncÃªndio;1-Acidente
631;215.00;43315;6;0.4583;2;1;1;153;4;503.8;513.1;9.3;1;1;9.25;1;5.9983;2.7403;-0.0009;0.0089;277590.3771;18566.0252;0.3921;0.0669;0.0001;6807381.7190;19703.7750;9104.1659;9104.1659;0.0517;0.0512;2400.4498;4578.9902;0.9958;8.8096;60.6226;0.0589;-16.7633;-49.2399;Objeto estatico sobre o leito carrocavel;Colisao traseira;1-Acidente
632;216.00;43316;7;0.1771;4;1;1;452;4;0.0;39.0;39.0;1;5;39.24;0;4.8529;2.4327;0.0002;0.0066;1177509.6240;78561.1597;0.4032;0.0667;0.0001;542289192.2000;101758.8835;15198.1289;15198.1289;-0.4046;0.0158;9572.2629;19476.1768;0.9990;18.0995;60.4590;0.0189;-17.8101;-50.8612;Restricao de Visibilidade;Colisao lateral;1-Acidente
633;218.00;43318;2;0.8125;4;1;1;60;4;94.2;100.1;5.9;1;1;5.91;1;5.5455;2.4981;0.0036;0.0068;177441.3404;11889.4228;0.3882;0.0670;0.0002;16756394.7200;16492.2554;4616.2787;4616.2787;-0.6732;0.1108;1578.3260;2935.8750;0.9934;7.0562;60.4390;0.1207;-16.3608;-48.9327;Defeito na Via;Colisao com objeto estatico;1-Acidente
634;221.00;43321;5;0.0556;4;0;2;153;4;513.1;515.8;2.7;1;1;2.78;1;5.0132;3.0427;0.0034;0.0068;83277.8816;5611.8588;0.3810;0.0674;0.0002;1373135.8790;6475.0083;2735.5432;2735.5432;1.3922;0.3129;670.4983;1387.3482;0.9862;4.8616;60.0267;0.3780;-16.8268;-49.2422;Pista Escorregadia;Colisao traseira;1-Acidente
635;221.00;43321;5;0.7431;3;0;1;153;4;533.3;555.5;22.2;1;1;24.09;0;7.6587;3.8221;-0.0017;0.0116;722702.9898;48240.0586;0.3997;0.0667;0.0001;56209149.7200;51218.7005;23184.9716;23184.9716;-1.4855;0.0254;5855.9792;11693.5957;0.9983;14.1863;61.8033;0.0262;-17.0547;-49.2269;Defeito na Via;Colisao com objeto estatico;1-Acidente
636;226.00;43326;3;0.9583;4;1;1;40;4;24.1;95.7;71.6;1;5;70.82;1;5.9605;4.0446;0.0062;0.0132;2124722.4680;141708.2175;0.4071;0.0667;0.0000;1757213738.0000;174931.1231;56196.4229;56196.4229;-1.1043;0.0036;17117.7420;32383.0929;0.9994;24.3043;65.6121;0.0040;-16.2514;-47.9015;Sinalizacao da via insuficiente ou inadequada;Saida de leito carrocavel;1-Acidente
637;228.00;43328;5;0.7340;2;0;7;60;4;162.1;189.3;27.2;1;1;27.25;1;5.7783;3.1522;0.0010;0.0093;817537.6396;54562.5896;0.4006;0.0667;0.0001;323537826.5000;73165.6057;14969.1221;14969.1221;0.5885;0.0098;6859.1972;13360.0011;0.9985;15.0862;61.1929;0.0118;-16.7085;-49.3503;Sinalizacao da via insuficiente ou inadequada;Colisao lateral;1-Acidente
638;235.00;43335;5;0.6250;2;1;7;60;4;94.2;100.1;5.9;1;1;5.91;1;5.5455;2.4981;0.0036;0.0068;177441.3404;11889.4228;0.3882;0.0670;0.0002;16756394.7200;16492.2554;4616.2787;4616.2787;-0.6732;0.1108;1578.3260;2935.8750;0.9934;7.0562;60.4390;0.1207;-16.3679;-48.9390;Objeto estatico sobre o leito carrocavel;Saida de leito carrocavel;1-Acidente
639;240.00;43340;3;0.7500;4;1;1;153;4;31.9;57.8;25.9;1;5;25.73;0;4.0933;1.9882;0.0027;0.0072;771196.2033;51473.0303;0.4002;0.0667;0.0001;216895374.3000;65778.9598;23761.4399;23761.4399;-1.1958;0.0251;6615.9612;12765.0416;0.9985;14.6534;60.4147;0.0295;-13.1362;-49.1911;Defeito na Via;Saida de leito carrocavel;1-Acidente
640;241.00;43341;4;0.6146;2;0;1;60;4;94.2;100.1;5.9;1;1;5.91;1;5.5455;2.4981;0.0036;0.0068;177441.3404;11889.4228;0.3882;0.0670;0.0002;16756394.7200;16492.2554;4616.2787;4616.2787;-0.6732;0.1108;1578.3260;2935.8750;0.9934;7.0562;60.4390;0.1207;-16.3832;-48.9532;Sinalizacao da via insuficiente ou inadequada;Colisao transversal;1-Acidente
641;241.00;43341;4;0.7708;4;1;1;153;4;421.7;436.9;15.2;1;1;15.01;1;6.7221;2.9513;0.0009;0.0088;450167.0603;30071.1405;0.3961;0.0668;0.0001;103819188.2000;40806.8235;10707.2892;10707.2892;-0.8480;0.0167;3793.1754;7285.4226;0.9973;11.2048;61.7901;0.0188;-16.2862;-48.9451;Defeito na Via;Colisao transversal;1-Acidente
642;242.00;43342;5;0.4792;2;1;1;60;4;61.8;94.2;32.4;1;1;31.79;1;6.6435;3.5155;-0.0006;0.0082;953746.2467;63643.8595;0.4017;0.0667;0.0001;420980145.4000;82611.9925;18293.7215;18293.7215;-0.9114;0.0073;7780.6829;14915.0741;0.9986;16.2922;63.9451;0.0087;-16.3433;-48.9025;Objeto estatico sobre o leito carrocavel;Saida de leito carrocavel;1-Acidente
643;244.00;43344;7;0.3472;2;0;1;364;4;174.8;192.7;17.9;1;5;19.10;0;9.2279;4.8478;-0.0014;0.0105;572980.8374;38258.9433;0.3979;0.0668;0.0001;112620257.6000;43120.9751;8884.6177;8884.6177;-0.5761;0.0181;4193.7866;8008.9463;0.9972;12.6358;71.5426;0.0200;-17.9224;-51.6905;Sinalizacao da via insuficiente ou inadequada;Colisao frontal;1-Acidente
644;246.00;43346;2;0.6667;2;1;1;153;4;124.9;142.4;17.5;1;5;17.43;0;6.5752;3.0379;-0.0006;0.0100;522802.1218;34914.2814;0.3972;0.0668;0.0001;71505298.0300;41646.3127;16485.7581;16485.7581;-0.2507;0.0152;4513.6351;8595.5517;0.9977;12.0719;60.8224;0.0182;-13.9266;-49.0709;Objeto estatico sobre o leito carrocavel;Saida de leito carrocavel;1-Acidente
645;171.00;43271;4;0.2951;1;1;5;60;4;162.1;189.3;27.2;1;1;27.25;0;5.7783;3.1522;0.0010;0.0093;817537.6396;54562.5896;0.4006;0.0667;0.0001;323537826.5000;73165.6057;14969.1221;14969.1221;0.5885;0.0098;6859.1972;13360.0011;0.9985;15.0862;61.1929;0.0118;-16.7564;-49.4491;Restricao de Visibilidade;Colisao lateral;1-Acidente
646;247.00;43347;3;0.3743;2;1;1;153;4;323.1;358.2;35.1;1;5;35.45;0;7.6328;4.3067;0.0003;0.0126;1063577.8870;70965.3629;0.4025;0.0667;0.0001;536800012.8000;95031.3004;29014.6531;29014.6531;-0.9897;0.0147;9490.5111;17240.7195;0.9989;17.2029;61.6899;0.0173;-15.5855;-49.4118;Defeito na Via;Saida de leito carrocavel;1-Acidente
647;247.00;43347;3;0.5972;2;0;1;40;4;0.0;24.1;24.1;1;1;24.59;1;4.6421;2.4252;0.0026;0.0110;737608.5782;49237.1865;0.3998;0.0668;0.0001;194859822.9000;61797.3030;22069.1327;22069.1327;-1.1809;0.0137;6570.9312;11956.6449;0.9984;14.3324;61.6903;0.0153;-16.2456;-47.9064;Restricao de Visibilidade;Colisao lateral;1-Acidente
648;200.00;43300;5;0.8854;4;0;1;153;4;124.9;142.4;17.5;1;5;17.43;0;6.5752;3.0379;-0.0006;0.0100;522802.1218;34914.2814;0.3972;0.0668;0.0001;71505298.0300;41646.3127;16485.7581;16485.7581;-0.2507;0.0152;4513.6351;8595.5517;0.9977;12.0719;60.8224;0.0182;-13.9715;-49.0904;Objeto estatico sobre o leito carrocavel;Colisao traseira;1-Acidente
649;253.00;43353;2;0.6111;2;1;1;20;4;143.3;180.7;37.4;1;5;34.10;0;2.9901;1.5943;-0.0010;0.0053;1023076.7730;68269.2227;0.4022;0.0667;0.0001;480778640.4000;90137.1552;27731.9355;27731.9355;1.0193;0.0074;8832.5715;16745.4032;0.9988;16.8737;61.0960;0.0084;-14.6326;-46.6223;Defeito na Via;Saida de leito carrocavel;1-Acidente
650;256.00;43356;5;0.2500;2;1;5;153;4;503.8;513.1;9.3;1;1;9.25;1;5.9983;2.7403;-0.0009;0.0089;277590.3771;18566.0252;0.3921;0.0669;0.0001;6807381.7190;19703.7750;9104.1659;9104.1659;0.0517;0.0512;2400.4498;4578.9902;0.9958;8.8096;60.6226;0.0589;-16.7978;-49.2384;Restricao de Visibilidade;Colisao lateral;1-Acidente
651;256.00;43356;5;0.8542;4;0;1;153;4;289.8;305.1;15.3;1;5;13.93;0;10.1197;6.1891;-0.0053;0.0115;417786.6971;27912.4466;0.3955;0.0668;0.0001;35149208.2500;30320.6229;12303.4546;12303.4546;1.3331;0.0210;3210.1392;6313.6619;0.9967;10.7959;66.1719;0.0208;-15.2254;-49.5537;Sinalizacao da via insuficiente ou inadequada;Colisao traseira;1-Acidente
652;257.00;43357;6;0.7431;3;0;2;50;4;270.1;280.5;10.4;1;5;10.32;1;5.6586;2.7604;0.0070;0.0110;309648.9968;20703.2676;0.3930;0.0669;0.0001;43260134.5400;26684.5221;7786.4099;7786.4099;-0.5895;0.0165;2554.9680;4878.5092;0.9959;9.3013;63.4721;0.0191;-18.1739;-47.9289;Pista Escorregadia;Queda de ocupante de veiculo;1-Acidente
653;258.00;43358;7;0.7569;4;0;1;20;4;180.7;185.7;5.0;1;5;9.55;0;4.3183;2.2092;0.0006;0.0053;286481.9730;19158.8030;0.3924;0.0669;0.0001;45377650.9400;27014.8592;7238.4960;7238.4960;0.8564;0.4067;1881.6228;4775.7731;0.9960;8.9487;59.9865;0.5231;-14.5044;-46.5152;Restricao de Visibilidade;Colisao com objeto estatico;1-Acidente
654;258.00;43358;7;0.9514;4;0;7;70;4;4.0;16.0;12.0;1;1;10.50;1;5.3679;3.3491;0.0010;0.0042;314971.9913;21058.1684;0.3932;0.0669;0.0001;20147294.7500;22397.7896;2251.8339;2251.8339;-1.5033;0.0132;2586.1273;4780.8984;0.9956;9.3805;65.8813;0.0157;-15.7358;-48.2834;Sinalizacao da via insuficiente ou inadequada;Colisao lateral;1-Acidente
655;259.00;43359;1;0.3750;2;0;1;70;4;16.0;65.5;49.5;1;5;49.34;0;9.2960;4.6736;0.0103;0.0186;1480198.1360;98739.7467;0.4047;0.0667;0.0001;238401271.9000;98801.8772;5420.6376;5420.6376;0.0011;0.0065;11100.1013;22505.3867;0.9991;20.2895;65.7708;0.0066;-15.7428;-48.4103;Defeito na Via;Capotamento;1-Acidente
656;260.00;43360;2;0.2500;1;0;3;20;4;3.7;22.0;18.3;1;5;17.79;0;4.6989;2.1676;0.0007;0.0064;533527.0853;35628.4384;0.3974;0.0668;0.0001;42591912.8200;37696.9261;2625.3914;2625.3914;0.0257;0.0121;4128.6522;8449.8276;0.9976;12.1943;63.1406;0.0130;-15.5511;-47.2833;Pista Escorregadia;Colisao frontal;1-Acidente
657;260.00;43360;2;0.2708;2;1;2;50;4;95.7;106.7;11.0;1;5;10.60;1;4.5388;1.4948;0.0031;0.0044;317853.8229;21250.2536;0.3932;0.0669;0.0001;55655353.8600;29841.2573;7429.7188;7429.7188;0.7724;0.0829;3025.8634;5273.4166;0.9964;9.4230;60.2747;0.0933;-16.7685;-47.6178;Pista Escorregadia;Tombamento;1-Acidente