FID;data_conse;data_inver;dia_semana;horario;fase_dia;sentido_vi;condicao_m;vl_br;nm_tipo_tr;vl_km_inic;vl_km_fina;vl_extensa;ds_superfi;ds_legenda;Dist_km;TIPO;S_med;S_sd;CV_med;CV_sd;P_AREA;P_PERIM;P_FRACDIM;P_PERARAT;P_COMPAC;PBOX_AREA;PBOX_PERIM;PBOX_LEN;PBOX_WIDTH;POL_ANGLE;PELLIP_FIT;PGYRATIUS;POLRADIUS;PCIRCLE;PSAHPEIDX;PDENSITY;PRECTFIT;Lat;Long;causa_acid;tipo_acide;Acidente
658;245.00;43345;1;0.8417;4;1;1;452;4;139.1;181.1;42.0;1;5;42.03;0;5.7049;2.9849;-0.0006;0.0075;1261334.7330;84148.9500;0.4036;0.0667;0.0001;587678862.5000;106819.6690;15503.4110;15503.4110;-0.3590;0.0132;10338.2668;20551.0013;0.9990;18.7315;61.3758;0.0137;-18.2483;-49.6929;Restricao de Visibilidade;Colisao frontal;1-Acidente
659;260.00;43360;2;0.9375;4;0;7;251;4;12.0;14.0;2.0;1;5;1.95;0;2.3909;1.1539;0.0003;0.0049;58455.4071;3957.0272;0.3773;0.0677;0.0003;1338270.8620;5120.0975;732.1270;732.1270;-0.3698;0.6352;546.1447;974.6908;0.9804;4.0916;59.9733;0.9491;-16.2028;-47.4392;Restricao de Visibilidade;Saida de leito carrocavel;1-Acidente
660;262.00;43362;4;0.1042;4;1;2;20;4;143.3;180.7;37.4;1;5;34.10;0;2.9901;1.5943;-0.0010;0.0053;1023076.7730;68269.2227;0.4022;0.0667;0.0001;480778640.4000;90137.1552;27731.9355;27731.9355;1.0193;0.0074;8832.5715;16745.4032;0.9988;16.8737;61.0960;0.0084;-14.6980;-46.6488;Pista Escorregadia;Colisao transversal;1-Acidente
661;263.00;43363;5;0.9688;4;0;2;20;4;22.0;31.0;9.0;1;5;9.07;0;5.1146;1.7008;-0.0002;0.0057;272057.7930;18197.1863;0.3919;0.0669;0.0001;37065232.7400;24369.6844;5863.5937;5863.5937;0.7794;0.0188;2352.4370;4423.8202;0.9956;8.7220;61.4984;0.0227;-15.5366;-47.1350;Pista Escorregadia;Saida de leito carrocavel;1-Acidente
662;267.00;43367;2;0.1806;4;0;1;80;4;2.1;46.0;43.9;1;5;43.04;0;5.8165;3.7064;-0.0021;0.0112;1291195.5740;86140.9312;0.4038;0.0667;0.0001;361925451.1000;93449.9274;36922.7218;36922.7218;-1.3643;0.0057;8362.3921;19889.2558;0.9990;18.9519;64.9193;0.0064;-15.2462;-48.2700;Defeito na Via;Colisao frontal;1-Acidente
663;267.00;43367;2;0.5590;2;0;2;153;4;31.9;57.8;25.9;1;5;25.73;0;4.0933;1.9882;0.0027;0.0072;771196.2033;51473.0303;0.4002;0.0667;0.0001;216895374.3000;65778.9598;23761.4399;23761.4399;-1.1958;0.0251;6615.9612;12765.0416;0.9985;14.6534;60.4147;0.0295;-13.2932;-49.1238;Pista Escorregadia;Saida de leito carrocavel;1-Acidente
664;268.00;43368;3;0.7951;4;1;2;60;4;381.1;387.9;6.8;1;1;6.74;1;5.1455;2.1763;0.0004;0.0067;202175.9910;13538.4056;0.3893;0.0670;0.0001;21521970.2200;18702.8657;4092.3180;4092.3180;0.6747;0.0469;1586.9211;3343.5187;0.9942;7.5274;60.4680;0.0558;-17.8098;-50.9267;Pista Escorregadia;Saida de leito carrocavel;1-Acidente
665;268.00;43368;3;0.9028;4;1;7;153;4;513.1;515.8;2.7;1;1;2.78;1;5.0132;3.0427;0.0034;0.0068;83277.8816;5611.8588;0.3810;0.0674;0.0002;1373135.8790;6475.0083;2735.5432;2735.5432;1.3922;0.3129;670.4983;1387.3482;0.9862;4.8616;60.0267;0.3780;-16.8244;-49.2418;Pista Escorregadia;Tombamento;1-Acidente
666;270.00;43370;5;0.4861;2;0;5;50;4;209.8;245.4;35.6;1;5;34.92;0;6.1238;4.3039;0.0090;0.0132;1047319.6180;69881.2920;0.4024;0.0667;0.0001;255951534.3000;77908.3442;30585.8820;30585.8820;1.3855;0.0056;8354.0595;15995.7782;0.9987;17.0711;65.4748;0.0066;-17.7478;-47.7356;Sinalizacao da via insuficiente ou inadequada;Colisao com objeto estatico;1-Acidente
667;272.00;43372;7;0.5264;2;0;1;153;4;582.4;598.2;15.8;1;1;15.87;0;8.9085;3.1968;0.0008;0.0102;475916.2960;31787.7493;0.3965;0.0668;0.0001;35544190.8500;34659.6363;14952.7115;14952.7115;-1.4608;0.0200;4113.4161;7518.8540;0.9973;11.5195;63.2964;0.0192;-17.4165;-49.2261;Defeito na Via;Saida de leito carrocavel;1-Acidente
668;273.00;43373;1;0.1667;4;0;1;60;4;162.1;189.3;27.2;1;1;27.25;1;5.7783;3.1522;0.0010;0.0093;817537.6396;54562.5896;0.4006;0.0667;0.0001;323537826.5000;73165.6057;14969.1221;14969.1221;0.5885;0.0098;6859.1972;13360.0011;0.9985;15.0862;61.1929;0.0118;-16.7107;-49.3542;Sinalizacao da via insuficiente ou inadequada;Colisao com objeto estatico;1-Acidente
669;274.00;43374;2;0.7917;4;0;2;60;4;109.2;139.4;30.2;1;1;30.11;0;9.5609;5.7119;-0.0045;0.0130;903351.3893;60283.4356;0.4013;0.0667;0.0001;378986039.0000;77890.5922;19027.6956;19027.6956;0.7552;0.0105;7431.2989;14024.3189;0.9985;15.8566;64.4132;0.0127;-16.4633;-49.0636;Pista Escorregadia;Colisao com objeto estatico;1-Acidente
670;278.00;43378;6;0.5938;2;1;1;153;4;436.9;445.2;8.3;1;1;8.65;1;6.1786;2.8924;-0.0007;0.0092;259393.5311;17352.9203;0.3915;0.0669;0.0001;17893343.1000;19760.4979;7491.8859;7491.8859;0.1904;0.0165;2139.8802;4062.0816;0.9950;8.5179;63.8573;0.0198;-16.3130;-48.9218;Defeito na Via;Saida de leito carrocavel;1-Acidente
671;278.00;43378;6;0.6250;2;0;2;20;4;22.0;31.0;9.0;1;5;9.07;0;5.1146;1.7008;-0.0002;0.0057;272057.7930;18197.1863;0.3919;0.0669;0.0001;37065232.7400;24369.6844;5863.5937;5863.5937;0.7794;0.0188;2352.4370;4423.8202;0.9956;8.7220;61.4984;0.0227;-15.5133;-47.1197;Pista Escorregadia;Colisao traseira;1-Acidente
672;278.00;43378;6;0.7708;4;0;1;60;4;162.1;189.3;27.2;1;1;27.25;1;5.7783;3.1522;0.0010;0.0093;817537.6396;54562.5896;0.4006;0.0667;0.0001;323537826.5000;73165.6057;14969.1221;14969.1221;0.5885;0.0098;6859.1972;13360.0011;0.9985;15.0862;61.1929;0.0118;-16.7129;-49.3580;Restricao de Visibilidade;Colisao traseira;1-Acidente
673;278.00;43378;6;0.6111;2;0;2;20;4;22.0;31.0;9.0;1;5;9.07;0;5.1146;1.7008;-0.0002;0.0057;272057.7930;18197.1863;0.3919;0.0669;0.0001;37065232.7400;24369.6844;5863.5937;5863.5937;0.7794;0.0188;2352.4370;4423.8202;0.9956;8.7220;61.4984;0.0227;-15.5133;-47.1197;Pista Escorregadia;Capotamento;1-Acidente
674;279.00;43379;7;0.1701;4;1;1;60;4;61.8;94.2;32.4;1;1;31.79;0;6.6435;3.5155;-0.0006;0.0082;953746.2467;63643.8595;0.4017;0.0667;0.0001;420980145.4000;82611.9925;18293.7215;18293.7215;-0.9114;0.0073;7780.6829;14915.0741;0.9986;16.2922;63.9451;0.0087;-16.2760;-48.7777;Objeto estatico sobre o leito carrocavel;Saida de leito carrocavel;1-Acidente
675;280.00;43380;1;0.2778;2;0;2;153;4;68.9;107.5;38.6;1;5;36.02;0;4.5118;1.9765;0.0029;0.0070;1080219.8790;72074.5898;0.4026;0.0667;0.0001;376399068.3000;85420.6848;30279.5350;30279.5350;-1.1392;0.0066;8502.9177;16523.4507;0.9987;17.3367;65.3750;0.0070;-13.4753;-49.1361;Defeito na Via;Saida de leito carrocavel;1-Acidente
676;281.00;43381;2;0.5208;2;0;5;153;4;275.6;285.3;9.7;1;5;9.55;0;6.8277;2.4252;0.0006;0.0087;286524.0221;19161.6015;0.3924;0.0669;0.0001;43349915.9900;26371.7459;6934.8363;6934.8363;-0.7515;0.0262;2561.3517;4730.2078;0.9959;8.9493;60.5732;0.0316;-15.1236;-49.5042;Objeto estatico sobre o leito carrocavel;Colisao traseira;1-Acidente
677;281.00;43381;2;0.6458;2;1;2;60;4;226.6;252.7;26.1;1;1;25.83;0;5.3463;2.9031;-0.0010;0.0076;774775.0852;51711.7072;0.4002;0.0667;0.0001;243180530.5000;66799.4325;10724.5145;10724.5145;0.4188;0.0157;6901.9728;12641.7780;0.9985;14.6873;61.2869;0.0179;-17.0796;-49.8302;Pista Escorregadia;Saida de leito carrocavel;1-Acidente
678;283.00;43383;4;0.3333;2;0;7;153;4;660.1;667.1;7.0;1;1;6.99;0;7.1838;5.0511;0.0020;0.0086;209575.4120;14031.6942;0.3897;0.0670;0.0001;6753507.0890;15621.7314;6820.7199;6820.7199;-0.1279;0.0646;1776.9812;3446.0894;0.9944;7.6627;60.8154;0.0765;-18.0701;-49.2686;Pista Escorregadia;Saida de leito carrocavel;1-Acidente
679;283.00;43383;4;0.4097;2;1;2;153;4;436.9;445.2;8.3;1;1;8.65;1;6.1786;2.8924;-0.0007;0.0092;259393.5311;17352.9203;0.3915;0.0669;0.0001;17893343.1000;19760.4979;7491.8859;7491.8859;0.1904;0.0165;2139.8802;4062.0816;0.9950;8.5179;63.8573;0.0198;-16.3158;-48.9216;Pista Escorregadia;Colisao com objeto estatico;1-Acidente
680;287.00;43387;1;0.6424;2;1;2;414;4;342.5;370.4;27.9;1;5;27.47;0;9.2269;5.0021;-0.0072;0.0136;824120.5462;55001.3689;0.4006;0.0667;0.0001;252884827.0000;64699.9402;19132.2328;19132.2328;0.9997;0.0111;6046.0305;12338.5538;0.9983;15.1467;66.7923;0.0115;-15.5810;-48.6287;Pista Escorregadia;Colisao com objeto estatico;1-Acidente
681;287.00;43387;1;0.8021;4;1;7;60;4;61.8;94.2;32.4;1;1;31.79;0;6.6435;3.5155;-0.0006;0.0082;953746.2467;63643.8595;0.4017;0.0667;0.0001;420980145.4000;82611.9925;18293.7215;18293.7215;-0.9114;0.0073;7780.6829;14915.0741;0.9986;16.2922;63.9451;0.0087;-16.1936;-48.7278;Objeto estatico sobre o leito carrocavel;Colisao com objeto estatico;1-Acidente
682;288.00;43388;2;0.6736;2;0;2;60;4;61.8;94.2;32.4;1;1;31.79;0;6.6435;3.5155;-0.0006;0.0082;953746.2467;63643.8595;0.4017;0.0667;0.0001;420980145.4000;82611.9925;18293.7215;18293.7215;-0.9114;0.0073;7780.6829;14915.0741;0.9986;16.2922;63.9451;0.0087;-16.2462;-48.7612;Pista Escorregadia;Saida de leito carrocavel;1-Acidente
683;291.00;43391;5;0.3125;2;0;7;20;4;72.8;105.3;32.5;1;5;32.28;0;3.2553;1.7847;-0.0002;0.0058;968347.7241;64616.4768;0.4018;0.0667;0.0001;487943052.2000;89119.2881;25186.2661;25186.2661;0.9073;0.0165;7893.4689;15956.3351;0.9988;16.4160;60.6874;0.0209;-14.9905;-47.0255;Defeito na Via;Colisao transversal;1-Acidente
684;291.00;43391;5;0.6563;2;0;2;70;4;16.0;65.5;49.5;1;5;49.34;0;9.2960;4.6736;0.0103;0.0186;1480198.1360;98739.7467;0.4047;0.0667;0.0001;238401271.9000;98801.8772;5420.6376;5420.6376;0.0011;0.0065;11100.1013;22505.3867;0.9991;20.2895;65.7708;0.0066;-15.7827;-48.4739;Pista Escorregadia;Saida de leito carrocavel;1-Acidente
685;291.00;43391;5;0.6875;2;0;2;153;4;533.3;555.5;22.2;1;1;24.09;0;7.6587;3.8221;-0.0017;0.0116;722702.9898;48240.0586;0.3997;0.0667;0.0001;56209149.7200;51218.7005;23184.9716;23184.9716;-1.4855;0.0254;5855.9792;11693.5957;0.9983;14.1863;61.8033;0.0262;-17.0101;-49.2200;Pista Escorregadia;Saida de leito carrocavel;1-Acidente
686;291.00;43391;5;0.7708;4;0;2;60;4;226.6;252.7;26.1;1;1;25.83;0;5.3463;2.9031;-0.0010;0.0076;774775.0852;51711.7072;0.4002;0.0667;0.0001;243180530.5000;66799.4325;10724.5145;10724.5145;0.4188;0.0157;6901.9728;12641.7780;0.9985;14.6873;61.2869;0.0179;-17.0793;-49.8296;Defeito na Via;Saida de leito carrocavel;1-Acidente
687;290.00;43390;4;0.5347;2;1;0;158;4;119.9;151.9;32.0;1;5;41.42;0;5.3772;2.9977;0.0000;0.0079;1242712.1260;82907.4732;0.4035;0.0667;0.0001;456437135.7000;96373.2171;35231.0857;35231.0857;1.2800;0.0041;10110.1648;19197.9352;0.9989;18.5930;64.7316;0.0049;-16.9025;-51.7974;Defeito na Via;Capotamento;1-Acidente
688;292.00;43392;6;0.3215;2;0;2;20;4;72.8;105.3;32.5;1;5;32.28;0;3.2553;1.7847;-0.0002;0.0058;968347.7241;64616.4768;0.4018;0.0667;0.0001;487943052.2000;89119.2881;25186.2661;25186.2661;0.9073;0.0165;7893.4689;15956.3351;0.9988;16.4160;60.6874;0.0209;-14.9980;-47.0307;Pista Escorregadia;Saida de leito carrocavel;1-Acidente
689;292.00;43392;6;0.7708;4;1;7;50;4;119.2;125.2;6.0;1;5;6.11;0;2.3794;1.0251;0.0015;0.0043;183176.9526;12271.7969;0.3885;0.0670;0.0002;17417561.7200;16765.9689;4580.1376;4580.1376;0.8756;0.0338;1633.0881;2991.8052;0.9935;7.1682;61.2262;0.0407;-16.9309;-47.7117;Pista Escorregadia;Saida de leito carrocavel;1-Acidente
690;293.00;43393;7;0.5069;2;0;2;153;4;107.5;124.9;17.4;1;5;17.30;0;5.4824;2.2308;0.0011;0.0084;518745.3617;34643.0242;0.3972;0.0668;0.0001;56687098.4500;40229.6306;16725.5671;16725.5671;-0.1940;0.0445;4559.3653;8603.2175;0.9978;12.0248;60.2967;0.0460;-13.7965;-49.0359;Defeito na Via;Saida de leito carrocavel;1-Acidente
691;294.00;43394;1;0.6597;2;0;2;40;4;95.7;157.3;61.6;1;5;61.54;0;5.2215;3.3647;0.0032;0.0081;1846169.2170;123138.4791;0.4062;0.0667;0.0000;1491824757.0000;157550.4198;31670.1788;31670.1788;-0.5691;0.0071;15097.8049;28577.3623;0.9993;22.6568;64.6025;0.0070;-16.8489;-47.5021;Pista Escorregadia;Saida de leito carrocavel;1-Acidente
692;295.00;43395;2;0.6667;2;0;2;153;4;107.5;124.9;17.4;1;5;17.30;0;5.4824;2.2308;0.0011;0.0084;518745.3617;34643.0242;0.3972;0.0668;0.0001;56687098.4500;40229.6306;16725.5671;16725.5671;-0.1940;0.0445;4559.3653;8603.2175;0.9978;12.0248;60.2967;0.0460;-13.8229;-49.0418;Pista Escorregadia;Saida de leito carrocavel;1-Acidente
693;296.00;43396;3;0.0354;4;0;3;153;4;305.1;320.4;15.3;1;5;16.82;0;5.3816;2.6433;-0.0007;0.0069;504685.8409;33705.8265;0.3970;0.0668;0.0001;106305688.3000;43749.5891;14587.1878;14587.1878;-1.1087;0.0192;4400.9466;8205.2146;0.9976;11.8614;61.5079;0.0203;-15.3759;-49.5562;Pista Escorregadia;Saida de leito carrocavel;1-Acidente
694;296.00;43396;3;0.5625;2;0;2;153;4;533.3;555.5;22.2;1;1;24.09;0;7.6587;3.8221;-0.0017;0.0116;722702.9898;48240.0586;0.3997;0.0667;0.0001;56209149.7200;51218.7005;23184.9716;23184.9716;-1.4855;0.0254;5855.9792;11693.5957;0.9983;14.1863;61.8033;0.0262;-17.0101;-49.2200;Pista Escorregadia;Saida de leito carrocavel;1-Acidente
695;298.00;43398;5;0.6576;2;1;2;60;4;349.9;381.1;31.2;1;1;31.20;0;4.8788;1.9706;-0.0004;0.0055;935944.6761;62456.3115;0.4016;0.0667;0.0001;446696771.0000;84577.1279;21763.8698;21763.8698;0.8132;0.0090;8071.9274;15183.9966;0.9987;16.1395;61.6402;0.0105;-17.5990;-50.7218;Pista Escorregadia;Saida de leito carrocavel;1-Acidente
696;299.00;43399;6;0.5208;2;1;1;153;4;31.9;57.8;25.9;1;5;25.73;0;4.0933;1.9882;0.0027;0.0072;771196.2033;51473.0303;0.4002;0.0667;0.0001;216895374.3000;65778.9598;23761.4399;23761.4399;-1.1958;0.0251;6615.9612;12765.0416;0.9985;14.6534;60.4147;0.0295;-13.2336;-49.1444;Defeito na Via;Tombamento;1-Acidente
697;299.00;43399;6;0.6042;2;1;2;20;4;22.0;31.0;9.0;1;5;9.07;0;5.1146;1.7008;-0.0002;0.0057;272057.7930;18197.1863;0.3919;0.0669;0.0001;37065232.7400;24369.6844;5863.5937;5863.5937;0.7794;0.0188;2352.4370;4423.8202;0.9956;8.7220;61.4984;0.0227;-15.5464;-47.1630;Pista Escorregadia;Colisao lateral;1-Acidente
698;300.00;43400;7;0.5972;2;0;2;60;4;226.6;252.7;26.1;1;1;25.83;0;5.3463;2.9031;-0.0010;0.0076;774775.0852;51711.7072;0.4002;0.0667;0.0001;243180530.5000;66799.4325;10724.5145;10724.5145;0.4188;0.0157;6901.9728;12641.7780;0.9985;14.6873;61.2869;0.0179;-17.0903;-49.8550;Pista Escorregadia;Saida de leito carrocavel;1-Acidente
699;300.00;43400;7;0.6910;2;1;2;20;4;22.0;31.0;9.0;1;5;9.07;0;5.1146;1.7008;-0.0002;0.0057;272057.7930;18197.1863;0.3919;0.0669;0.0001;37065232.7400;24369.6844;5863.5937;5863.5937;0.7794;0.0188;2352.4370;4423.8202;0.9956;8.7220;61.4984;0.0227;-15.5089;-47.1168;Pista Escorregadia;Saida de leito carrocavel;1-Acidente
700;302.00;43402;2;0.8125;4;1;2;153;4;436.9;445.2;8.3;1;1;8.65;1;6.1786;2.8924;-0.0007;0.0092;259393.5311;17352.9203;0.3915;0.0669;0.0001;17893343.1000;19760.4979;7491.8859;7491.8859;0.1904;0.0165;2139.8802;4062.0816;0.9950;8.5179;63.8573;0.0198;-16.3343;-48.9224;Pista Escorregadia;Saida de leito carrocavel;1-Acidente
701;304.00;43404;4;0.2396;2;0;7;414;4;409.3;439.6;30.3;1;5;30.39;1;9.5054;5.6891;-0.0022;0.0131;911772.1511;60845.0150;0.4014;0.0667;0.0001;257978625.7000;71702.6464;25884.9781;25884.9781;1.1825;0.0114;6676.9844;14349.1864;0.9986;15.9302;63.5417;0.0117;-16.2620;-48.9378;Defeito na Via;Tombamento;1-Acidente
702;304.00;43404;4;0.6042;2;1;2;153;4;533.3;555.5;22.2;1;1;24.09;0;7.6587;3.8221;-0.0017;0.0116;722702.9898;48240.0586;0.3997;0.0667;0.0001;56209149.7200;51218.7005;23184.9716;23184.9716;-1.4855;0.0254;5855.9792;11693.5957;0.9983;14.1863;61.8033;0.0262;-17.0276;-49.2226;Pista Escorregadia;Saida de leito carrocavel;1-Acidente
703;307.00;43407;7;0.2014;4;0;7;364;4;22.0;57.6;35.6;1;5;35.53;0;4.3722;1.7741;-0.0013;0.0053;1066449.9510;71157.2456;0.4025;0.0667;0.0001;528315904.6000;94440.7046;18213.4630;18213.4630;-0.5424;0.0061;9521.7702;17494.6110;0.9989;17.2262;60.9588;0.0073;-18.9039;-50.7047;Restricao de Visibilidade;Colisao traseira;1-Acidente
704;307.00;43407;7;0.4931;2;0;2;60;4;162.1;189.3;27.2;1;1;27.25;0;5.7783;3.1522;0.0010;0.0093;817537.6396;54562.5896;0.4006;0.0667;0.0001;323537826.5000;73165.6057;14969.1221;14969.1221;0.5885;0.0098;6859.1972;13360.0011;0.9985;15.0862;61.1929;0.0118;-16.7848;-49.4946;Defeito na Via;Saida de leito carrocavel;1-Acidente
705;307.00;43407;7;0.5139;2;0;2;60;4;473.1;478.3;5.2;1;1;5.25;0;9.8282;4.9922;-0.0029;0.0137;157599.0832;10566.6344;0.3871;0.0670;0.0002;3735292.7350;11445.6819;751.3412;751.3412;-0.0317;0.0400;1298.0732;2516.0479;0.9921;6.6543;62.6376;0.0483;-17.9148;-51.7656;Pista Escorregadia;Colisao com objeto estatico;1-Acidente
706;308.00;43408;1;0.6792;2;0;2;40;4;24.1;95.7;71.6;1;5;70.82;0;5.9605;4.0446;0.0062;0.0132;2124722.4680;141708.2175;0.4071;0.0667;0.0000;1757213738.0000;174931.1231;56196.4229;56196.4229;-1.1043;0.0036;17117.7420;32383.0929;0.9994;24.3043;65.6121;0.0040;-16.3932;-47.8249;Pista Escorregadia;Saida de leito carrocavel;1-Acidente
707;309.00;43409;2;0.3472;2;0;1;20;4;214.7;229.7;15.0;1;5;14.91;0;5.4341;2.5931;-0.0004;0.0062;447198.5595;29873.2375;0.3960;0.0668;0.0001;67662344.1400;37262.8995;13688.4112;13688.4112;1.2594;0.0231;3705.8041;7356.2250;0.9974;11.1679;60.7919;0.0257;-14.2306;-46.3446;Defeito na Via;Capotamento;1-Acidente
708;310.00;43410;3;0.5771;2;1;2;60;4;0.0;4.8;4.8;1;1;4.87;0;14.7598;7.1262;0.0047;0.0177;146130.1025;9801.9938;0.3864;0.0671;0.0002;8037121.5180;12312.2340;4276.9424;4276.9424;1.1694;0.0719;1345.4987;2368.8716;0.9917;6.4104;61.6876;0.0865;-16.0588;-48.2623;Pista Escorregadia;Saida de leito carrocavel;1-Acidente
709;311.00;43411;4;0.6563;2;0;2;60;4;162.1;189.3;27.2;1;1;27.25;0;5.7783;3.1522;0.0010;0.0093;817537.6396;54562.5896;0.4006;0.0667;0.0001;323537826.5000;73165.6057;14969.1221;14969.1221;0.5885;0.0098;6859.1972;13360.0011;0.9985;15.0862;61.1929;0.0118;-16.7848;-49.4946;Pista Escorregadia;Saida de leito carrocavel;1-Acidente
710;312.00;43412;5;0.8403;4;1;2;40;4;24.1;95.7;71.6;1;5;70.82;0;5.9605;4.0446;0.0062;0.0132;2124722.4680;141708.2175;0.4071;0.0667;0.0000;1757213738.0000;174931.1231;56196.4229;56196.4229;-1.1043;0.0036;17117.7420;32383.0929;0.9994;24.3043;65.6121;0.0040;-16.6272;-47.7415;Pista Escorregadia;Saida de leito carrocavel;1-Acidente
711;316.00;43416;2;0.6146;2;0;1;60;4;219.3;226.6;7.3;1;1;7.48;0;6.0911;3.2237;-0.0043;0.0105;224424.4615;15021.6309;0.3903;0.0669;0.0001;20132959.7300;19081.6274;6390.2284;6390.2284;-0.4464;0.0245;1919.0157;3603.6731;0.9945;7.9272;62.2766;0.0295;-17.0331;-49.7777;Defeito na Via;Tombamento;1-Acidente
712;317.00;43417;3;0.6146;2;0;1;153;4;503.8;513.1;9.3;1;1;9.25;1;5.9983;2.7403;-0.0009;0.0089;277590.3771;18566.0252;0.3921;0.0669;0.0001;6807381.7190;19703.7750;9104.1659;9104.1659;0.0517;0.0512;2400.4498;4578.9902;0.9958;8.8096;60.6226;0.0589;-16.7992;-49.2385;Restricao de Visibilidade;Colisao transversal;1-Acidente
713;228.00;43328;5;0.7014;2;0;3;20;4;31.0;72.8;41.8;1;5;41.83;0;10.4369;10.7547;-0.0082;0.0233;1254847.2050;83716.4716;0.4036;0.0667;0.0001;299636980.4000;92122.3163;38221.7144;38221.7144;-1.4509;0.0057;9981.5824;19648.0370;0.9990;18.6834;63.8663;0.0062;-15.3348;-47.1258;Pista Escorregadia;Saida de leito carrocavel;1-Acidente
714;320.00;43420;6;0.6042;2;1;2;60;4;328.0;349.9;21.9;1;1;21.92;0;3.3570;1.4978;0.0006;0.0055;657682.1016;43905.6205;0.3990;0.0668;0.0001;114795650.3000;51588.9517;5717.8859;5717.8859;0.2389;0.0092;5183.0056;10561.8805;0.9981;13.5348;62.2694;0.0110;-17.5710;-50.6769;Pista Escorregadia;Saida de leito carrocavel;1-Acidente
715;321.00;43421;7;0.7083;2;1;2;70;4;340.1;356.5;16.4;1;5;16.36;0;5.2069;2.3393;-0.0002;0.0073;490802.4144;32780.2664;0.3967;0.0668;0.0001;90361898.1200;41313.4912;6289.3894;6289.3894;0.4433;0.0198;4018.4514;7854.3483;0.9975;11.6977;62.4880;0.0207;-15.8896;-51.0913;Pista Escorregadia;Saida de leito carrocavel;1-Acidente
716;322.00;43422;1;0.6944;2;0;2;60;4;226.6;252.7;26.1;1;1;25.83;0;5.3463;2.9031;-0.0010;0.0076;774775.0852;51711.7072;0.4002;0.0667;0.0001;243180530.5000;66799.4325;10724.5145;10724.5145;0.4188;0.0157;6901.9728;12641.7780;0.9985;14.6873;61.2869;0.0179;-17.0871;-49.8474;Pista Escorregadia;Colisao traseira;1-Acidente
717;323.00;43423;2;0.0799;4;0;2;153;4;515.8;531.3;15.5;1;1;14.43;0;7.1297;3.1469;0.0038;0.0106;433048.3257;28929.8791;0.3958;0.0668;0.0001;24253133.8800;30964.9142;13713.9570;13713.9570;-1.5574;0.0167;3783.5267;7093.2203;0.9973;10.9905;61.0510;0.0208;-16.9454;-49.2509;Pista Escorregadia;Saida de leito carrocavel;1-Acidente
718;323.00;43423;2;0.4931;4;1;2;60;4;162.1;189.3;27.2;1;1;27.25;0;5.7783;3.1522;0.0010;0.0093;817537.6396;54562.5896;0.4006;0.0667;0.0001;323537826.5000;73165.6057;14969.1221;14969.1221;0.5885;0.0098;6859.1972;13360.0011;0.9985;15.0862;61.1929;0.0118;-16.7424;-49.4150;Pista Escorregadia;Capotamento;1-Acidente
719;324.00;43424;3;0.2639;1;1;2;153;4;503.8;513.1;9.3;1;1;9.25;1;5.9983;2.7403;-0.0009;0.0089;277590.3771;18566.0252;0.3921;0.0669;0.0001;6807381.7190;19703.7750;9104.1659;9104.1659;0.0517;0.0512;2400.4498;4578.9902;0.9958;8.8096;60.6226;0.0589;-16.7393;-49.2421;Pista Escorregadia;Saida de leito carrocavel;1-Acidente
720;325.00;43425;4;0.8160;4;0;6;60;4;160.2;162.1;1.9;1;1;2.08;1;2.6488;1.1260;0.0011;0.0039;62262.1598;4210.7948;0.3780;0.0676;0.0003;1798719.0450;5618.5174;987.1792;987.1792;0.4904;0.1813;552.9644;1026.1132;0.9812;4.2188;60.6777;0.2186;-16.7037;-49.3420;Sinalizacao da via insuficiente ou inadequada;Colisao traseira;1-Acidente
721;329.00;43429;1;0.5625;2;0;2;80;4;153.0;181.3;28.3;1;5;28.41;0;4.2196;2.1751;0.0024;0.0062;852209.7968;56873.9864;0.4009;0.0667;0.0001;348345675.8000;75955.1994;22485.7762;22485.7762;-0.9580;0.0081;7499.7829;13726.4015;0.9986;15.4021;62.0854;0.0096;-14.6828;-49.1304;Pista Escorregadia;Colisao frontal;1-Acidente
722;330.00;43430;2;0.2708;2;1;3;40;4;24.1;95.7;71.6;1;5;70.82;0;5.9605;4.0446;0.0062;0.0132;2124722.4680;141708.2175;0.4071;0.0667;0.0000;1757213738.0000;174931.1231;56196.4229;56196.4229;-1.1043;0.0036;17117.7420;32383.0929;0.9994;24.3043;65.6121;0.0040;-16.5966;-47.7751;Pista Escorregadia;Saida de leito carrocavel;1-Acidente
723;331.00;43431;3;0.9792;4;0;1;153;4;124.9;142.4;17.5;1;5;17.43;0;6.5752;3.0379;-0.0006;0.0100;522802.1218;34914.2814;0.3972;0.0668;0.0001;71505298.0300;41646.3127;16485.7581;16485.7581;-0.2507;0.0152;4513.6351;8595.5517;0.9977;12.0719;60.8224;0.0182;-13.9852;-49.0906;Restricao de Visibilidade;Saida de leito carrocavel;1-Acidente