FID;data_conse;data_inver;dia_semana;horario;fase_dia;sentido_vi;condicao_m;vl_br;nm_tipo_tr;vl_km_inic;vl_km_fina;vl_extensa;ds_superfi;ds_legenda;Dist_km;TIPO;S_med;S_sd;CV_med;CV_sd;P_AREA;P_PERIM;P_FRACDIM;P_PERARAT;P_COMPAC;PBOX_AREA;PBOX_PERIM;PBOX_LEN;PBOX_WIDTH;POL_ANGLE;PELLIP_FIT;PGYRATIUS;POLRADIUS;PCIRCLE;PSAHPEIDX;PDENSITY;PRECTFIT;Lat;Long;causa_acid;tipo_acide;Acidente
724;334.00;43434;6;0.3646;2;0;2;60;4;109.2;139.4;30.2;1;1;30.11;0;9.5609;5.7119;-0.0045;0.0130;903351.3893;60283.4356;0.4013;0.0667;0.0001;378986039.0000;77890.5922;19027.6956;19027.6956;0.7552;0.0105;7431.2989;14024.3189;0.9985;15.8566;64.4132;0.0127;-16.5655;-49.1547;Pista Escorregadia;Saida de leito carrocavel;1-Acidente
725;334.00;43434;6;0.8125;4;1;2;153;4;213.0;243.2;30.2;1;5;30.06;0;5.3313;3.3306;0.0002;0.0089;901889.2376;60186.0243;0.4013;0.0667;0.0001;411623952.9000;83085.1281;25223.4954;25223.4954;-0.5736;0.1014;7366.4033;15009.9179;0.9987;15.8438;60.0862;0.0954;-14.7184;-49.2303;Objeto estatico sobre o leito carrocavel;Saida de leito carrocavel;1-Acidente
726;335.00;43435;7;0.4792;2;1;2;60;4;32.4;60.4;28.0;1;1;26.58;0;10.4743;4.4021;0.0056;0.0182;797501.6100;53226.7189;0.4004;0.0667;0.0001;215768657.2000;61641.2359;10751.0209;10751.0209;-1.0607;0.0113;5598.5887;11426.8888;0.9981;14.9006;69.7917;0.0111;-16.1417;-48.5988;Pista Escorregadia;Saida de leito carrocavel;1-Acidente
727;336.00;43436;1;0.3924;2;0;2;153;4;275.6;285.3;9.7;1;5;9.55;0;6.8277;2.4252;0.0006;0.0087;286524.0221;19161.6015;0.3924;0.0669;0.0001;43349915.9900;26371.7459;6934.8363;6934.8363;-0.7515;0.0262;2561.3517;4730.2078;0.9959;8.9493;60.5732;0.0316;-15.1125;-49.4900;Pista Escorregadia;Capotamento;1-Acidente
728;336.00;43436;1;0.5417;2;1;2;60;4;349.9;381.1;31.2;1;1;31.20;0;4.8788;1.9706;-0.0004;0.0055;935944.6761;62456.3115;0.4016;0.0667;0.0001;446696771.0000;84577.1279;21763.8698;21763.8698;0.8132;0.0090;8071.9274;15183.9966;0.9987;16.1395;61.6402;0.0105;-17.6497;-50.7985;Pista Escorregadia;Saida de leito carrocavel;1-Acidente
729;337.00;43437;2;0.4785;2;0;2;153;4;565.3;582.4;17.1;1;1;16.95;0;8.4432;4.3856;0.0030;0.0101;508447.0727;33956.4717;0.3970;0.0668;0.0001;34057622.1100;35449.7804;15532.1761;15532.1761;-1.5201;0.0146;4632.1622;8086.0926;0.9975;11.9053;62.8792;0.0167;-17.3849;-49.2342;Pista Escorregadia;Capotamento;1-Acidente
730;337.00;43437;2;0.3542;2;0;2;60;4;189.3;210.8;21.5;1;1;20.71;0;4.3876;2.1146;0.0011;0.0064;621346.9284;41483.1338;0.3986;0.0668;0.0001;185966248.8000;54751.3012;12508.7101;12508.7101;0.7416;0.0111;4977.8164;9777.8793;0.9979;13.1566;63.5462;0.0130;-16.8523;-49.5776;Pista Escorregadia;Saida de leito carrocavel;1-Acidente
731;338.00;43438;3;0.1250;4;0;2;153;4;243.2;275.6;32.4;1;5;32.44;0;6.1876;2.7545;0.0007;0.0096;973222.3101;64941.4284;0.4018;0.0667;0.0001;474841988.9000;89410.8028;27332.7850;27332.7850;1.0030;0.0378;7409.9024;16203.3291;0.9988;16.4572;60.0631;0.0455;-14.9934;-49.4064;Pista Escorregadia;Saida de leito carrocavel;1-Acidente
732;339.00;43439;4;0.8333;4;1;2;60;4;478.3;512.8;34.5;1;5;34.36;0;6.4954;3.6414;0.0000;0.0079;1031105.7910;68800.3863;0.4022;0.0667;0.0001;371748955.3000;84794.4536;12387.6966;12387.6966;-0.4131;0.0123;8847.4709;16258.6588;0.9988;16.9387;63.4189;0.0131;-17.8841;-51.8669;Pista Escorregadia;Danos eventuais;1-Acidente
733;340.00;43440;5;0.6181;2;0;2;60;4;210.8;219.3;8.5;1;1;8.35;0;5.8444;3.5909;-0.0012;0.0121;250528.6330;16761.9072;0.3912;0.0669;0.0001;25399797.9400;21389.6504;3559.9497;3559.9497;-1.0864;0.0215;2291.7507;4076.9323;0.9952;8.3721;61.4503;0.0259;-16.9516;-49.7014;Pista Escorregadia;Colisao com objeto estatico;1-Acidente
734;340.00;43440;5;0.9444;4;1;1;153;4;124.9;142.4;17.5;1;5;17.43;0;6.5752;3.0379;-0.0006;0.0100;522802.1218;34914.2814;0.3972;0.0668;0.0001;71505298.0300;41646.3127;16485.7581;16485.7581;-0.2507;0.0152;4513.6351;8595.5517;0.9977;12.0719;60.8224;0.0182;-13.9583;-49.0879;Defeito na Via;Colisao com objeto estatico;1-Acidente
735;341.00;43441;6;0.2500;1;1;2;153;4;675.5;696.7;21.2;1;1;21.14;0;4.2415;1.8037;-0.0003;0.0055;633835.9377;42315.7689;0.3987;0.0668;0.0001;151943208.7000;54629.9236;19538.2611;19538.2611;0.3705;0.0237;5421.5957;10532.4382;0.9982;13.2878;60.1794;0.0283;-18.2247;-49.2658;Pista Escorregadia;Saida de leito carrocavel;1-Acidente
736;342.00;43442;7;0.7326;2;0;5;154;4;9.0;15.5;6.5;1;5;6.25;0;7.0213;3.1553;0.0050;0.0105;187629.3488;12568.6233;0.3887;0.0670;0.0002;11600910.3100;15125.9059;2138.7184;2138.7184;1.2684;0.0227;1664.3361;2963.8427;0.9932;7.2540;63.3061;0.0272;-18.3993;-49.3196;Defeito na Via;Colisao com objeto estatico;1-Acidente
737;343.00;43443;1;0.0674;4;1;2;153;4;305.1;320.4;15.3;1;5;16.82;0;5.3816;2.6433;-0.0007;0.0069;504685.8409;33705.8265;0.3970;0.0668;0.0001;106305688.3000;43749.5891;14587.1878;14587.1878;-1.1087;0.0192;4400.9466;8205.2146;0.9976;11.8614;61.5079;0.0203;-15.4340;-49.5109;Defeito na Via;Queda de ocupante de veiculo;1-Acidente
738;343.00;43443;1;0.3472;2;1;7;153;4;503.8;513.1;9.3;1;1;9.25;1;5.9983;2.7403;-0.0009;0.0089;277590.3771;18566.0252;0.3921;0.0669;0.0001;6807381.7190;19703.7750;9104.1659;9104.1659;0.0517;0.0512;2400.4498;4578.9902;0.9958;8.8096;60.6226;0.0589;-16.7445;-49.2408;Defeito na Via;Colisao com objeto estatico;1-Acidente
739;343.00;43443;1;0.7292;2;0;1;153;4;142.4;176.5;34.1;1;5;34.18;0;3.8833;2.0332;0.0003;0.0057;1024956.8780;68391.7078;0.4022;0.0667;0.0001;236714910.2000;80575.0150;33145.9037;33145.9037;-0.2216;0.0315;9065.3212;16974.9463;0.9989;16.8885;60.3806;0.0334;-14.0383;-49.0884;Defeito na Via;Saida de leito carrocavel;1-Acidente
740;345.00;43445;3;0.6528;2;1;2;20;4;143.3;180.7;37.4;1;5;34.10;0;2.9901;1.5943;-0.0010;0.0053;1023076.7730;68269.2227;0.4022;0.0667;0.0001;480778640.4000;90137.1552;27731.9355;27731.9355;1.0193;0.0074;8832.5715;16745.4032;0.9988;16.8737;61.0960;0.0084;-14.6980;-46.6488;Pista Escorregadia;Capotamento;1-Acidente
741;346.00;43446;4;0.2535;1;0;1;50;4;280.5;311.7;31.2;1;5;31.03;0;8.9085;4.4913;0.0045;0.0151;930533.7419;62095.8063;0.4015;0.0667;0.0001;385011167.8000;81036.0205;25300.4455;25300.4455;1.0482;0.0188;8054.1504;14873.1966;0.9987;16.0930;62.5645;0.0195;-18.2261;-47.9778;Defeito na Via;Queda de ocupante de veiculo;1-Acidente
742;346.00;43446;4;0.6319;2;1;5;60;4;219.3;226.6;7.3;1;1;7.48;0;6.0911;3.2237;-0.0043;0.0105;224424.4615;15021.6309;0.3903;0.0669;0.0001;20132959.7300;19081.6274;6390.2284;6390.2284;-0.4464;0.0245;1919.0157;3603.6731;0.9945;7.9272;62.2766;0.0295;-17.0331;-49.7777;Defeito na Via;Saida de leito carrocavel;1-Acidente
743;296.00;43396;3;0.2153;1;1;1;50;4;209.8;245.4;35.6;1;5;34.92;0;6.1238;4.3039;0.0090;0.0132;1047319.6180;69881.2920;0.4024;0.0667;0.0001;255951534.3000;77908.3442;30585.8820;30585.8820;1.3855;0.0056;8354.0595;15995.7782;0.9987;17.0711;65.4748;0.0066;-17.8022;-47.7668;Objeto estatico sobre o leito carrocavel;Colisao frontal;1-Acidente
744;355.00;43455;6;0.6319;2;0;2;364;4;152.5;174.8;22.3;1;5;22.56;0;5.9454;2.7318;-0.0011;0.0084;676742.3377;45176.1561;0.3992;0.0668;0.0001;232720421.2000;61241.3759;16608.8861;16608.8861;-0.8578;0.0142;5414.8621;11017.2533;0.9982;13.7290;61.4257;0.0155;-18.1048;-51.4869;Pista Escorregadia;Saida de leito carrocavel;1-Acidente
745;358.00;43458;2;0.4792;2;0;1;154;4;0.0;9.0;9.0;1;5;9.30;1;4.1352;1.7371;0.0015;0.0065;279234.5643;18675.6258;0.3922;0.0669;0.0001;33323994.1900;24584.9757;4036.1917;4036.1917;0.4474;0.0314;2349.5765;4602.6188;0.9958;8.8355;60.6686;0.0379;-18.3650;-49.2395;Defeito na Via;Saida de leito carrocavel;1-Acidente
746;358.00;43458;2;0.9097;4;1;1;60;4;109.2;139.4;30.2;1;1;30.11;0;9.5609;5.7119;-0.0045;0.0130;903351.3893;60283.4356;0.4013;0.0667;0.0001;378986039.0000;77890.5922;19027.6956;19027.6956;0.7552;0.0105;7431.2989;14024.3189;0.9985;15.8566;64.4132;0.0127;-16.5960;-49.1965;Restricao de Visibilidade;Colisao com objeto em moviment;1-Acidente
747;359.00;43459;3;0.6667;2;1;2;153;4;403.0;421.7;18.7;1;2;18.50;0;12.6522;6.5963;0.0002;0.0157;554988.8583;37059.2522;0.3977;0.0668;0.0001;74671244.8500;41062.8135;15807.6725;15807.6725;-1.3411;0.0092;4177.9510;8315.2412;0.9974;12.4364;66.7436;0.0104;-16.1200;-49.0364;Pista Escorregadia;Colisao frontal;1-Acidente
748;359.00;43459;3;0.8021;4;1;2;153;4;503.8;513.1;9.3;1;1;9.25;1;5.9983;2.7403;-0.0009;0.0089;277590.3771;18566.0252;0.3921;0.0669;0.0001;6807381.7190;19703.7750;9104.1659;9104.1659;0.0517;0.0512;2400.4498;4578.9902;0.9958;8.8096;60.6226;0.0589;-16.7633;-49.2399;Pista Escorregadia;Saida de leito carrocavel;1-Acidente
749;359.00;43459;3;0.7292;2;0;2;153;4;533.3;555.5;22.2;1;1;24.09;0;7.6587;3.8221;-0.0017;0.0116;722702.9898;48240.0586;0.3997;0.0667;0.0001;56209149.7200;51218.7005;23184.9716;23184.9716;-1.4855;0.0254;5855.9792;11693.5957;0.9983;14.1863;61.8033;0.0262;-17.0276;-49.2226;Pista Escorregadia;Capotamento;1-Acidente
750;360.00;43460;4;0.6806;2;1;2;153;4;621.7;633.2;11.5;1;1;11.45;0;6.3867;3.0730;0.0036;0.0096;343425.4777;22955.0320;0.3939;0.0668;0.0001;54266998.1900;30216.2263;9226.4120;9226.4120;0.9689;0.0235;2923.5585;5500.1807;0.9964;9.7927;62.4389;0.0259;-17.7845;-49.1864;Pista Escorregadia;Saida de leito carrocavel;1-Acidente
751;361.00;43461;5;0.8438;4;1;2;60;4;61.8;94.2;32.4;1;1;31.79;0;6.6435;3.5155;-0.0006;0.0082;953746.2467;63643.8595;0.4017;0.0667;0.0001;420980145.4000;82611.9925;18293.7215;18293.7215;-0.9114;0.0073;7780.6829;14915.0741;0.9986;16.2922;63.9451;0.0087;-16.2775;-48.7864;Pista Escorregadia;Saida de leito carrocavel;1-Acidente
752;365.00;43465;2;0.7569;2;0;7;70;3;4.0;8.3;4.3;1;5;4.19;0;5.0668;1.6361;0.0019;0.0065;125815.6367;8447.7092;0.3850;0.0671;0.0002;3126914.5410;9579.7337;4010.1088;4010.1088;-1.4209;0.0528;1021.7318;2074.3118;0.9907;5.9540;60.6542;0.0636;-15.9366;-52.2108;Defeito na Via;Colisao traseira;1-Acidente
753;365.00;43465;2;0.8146;3;0;2;40;4;0.0;24.1;24.1;1;1;24.59;1;4.6421;2.4252;0.0026;0.0110;737608.5782;49237.1865;0.3998;0.0668;0.0001;194859822.9000;61797.3030;22069.1327;22069.1327;-1.1809;0.0137;6570.9312;11956.6449;0.9984;14.3324;61.6903;0.0153;-16.0582;-47.9829;Pista Escorregadia;Saida de leito carrocavel;1-Acidente
754;365.00;43465;2;0.6785;2;1;2;153;4;496.8;501.3;4.5;1;1;6.15;1;8.1779;5.2360;0.0039;0.0082;184363.8059;12350.9005;0.3885;0.0670;0.0002;8880756.8080;14554.9349;5726.7055;5726.7055;1.3570;0.0280;1551.3433;2971.9824;0.9934;7.1912;62.0340;0.0337;-16.6939;-49.2319;Objeto estatico sobre o leito carrocavel;Colisao traseira;1-Acidente
755;309.00;43409;2;0.4826;2;1;2;153;4;305.1;320.4;15.3;1;5;16.82;0;5.3816;2.6433;-0.0007;0.0069;504685.8409;33705.8265;0.3970;0.0668;0.0001;106305688.3000;43749.5891;14587.1878;14587.1878;-1.1087;0.0192;4400.9466;8205.2146;0.9976;11.8614;61.5079;0.0203;-15.3485;-49.5683;Pista Escorregadia;Colisao frontal;1-Acidente
756;336.00;43436;1;0.0347;4;0;2;50;4;270.1;280.5;10.4;1;5;10.32;1;5.6586;2.7604;0.0070;0.0110;309648.9968;20703.2676;0.3930;0.0669;0.0001;43260134.5400;26684.5221;7786.4099;7786.4099;-0.5895;0.0165;2554.9680;4878.5092;0.9959;9.3013;63.4721;0.0191;-18.1739;-47.9289;Pista Escorregadia;Colisao lateral;1-Acidente
757;354.00;43454;5;0.6875;2;0;2;60;4;32.4;60.4;28.0;1;1;26.58;1;10.4743;4.4021;0.0056;0.0182;797501.6100;53226.7189;0.4004;0.0667;0.0001;215768657.2000;61641.2359;10751.0209;10751.0209;-1.0607;0.0113;5598.5887;11426.8888;0.9981;14.9006;69.7917;0.0111;-16.0942;-48.5172;Pista Escorregadia;Colisao traseira;1-Acidente
758;35.00;43135;3;0.0800;2;1;2;70;4;167.7;187.7;20.0;1;5;21.79;1;5.2035;2.8457;-0.0013;0.0078;653629.1255;43636.9576;0.3989;0.0668;0.0001;201988201.4000;58698.6562;11019.8639;11019.8639;0.5205;0.0223;5568.9536;10752.7068;0.9982;13.4936;60.7874;0.0228;-15.9283;-49.6110;Não_acidente;Não_acidente;0-Nao_Acidente
759;356.00;43456;1;0.1900;2;0;5;158;4;154.0;157.0;3.0;1;5;2.81;0;6.8790;2.1786;-0.0014;0.0078;84365.1258;5685.3902;0.3811;0.0674;0.0002;1473336.4030;6440.1121;2667.7869;2667.7869;1.4144;0.0737;683.4815;1395.2935;0.9862;4.8935;60.4641;0.0885;-16.9394;-51.8243;Não_acidente;Não_acidente;0-Nao_Acidente
760;35.00;42770;7;0.0900;1;1;2;153;4;533.3;555.5;22.2;1;1;24.09;0;7.6587;3.8221;-0.0017;0.0116;722702.9898;48240.0586;0.3997;0.0667;0.0001;56209149.7200;51218.7005;23184.9716;23184.9716;-1.4855;0.0254;5855.9792;11693.5957;0.9983;14.1863;61.8033;0.0262;-17.1608;-49.2132;Não_acidente;Não_acidente;0-Nao_Acidente
761;41.00;43141;1;0.5400;4;0;0;154;4;9.0;15.5;6.5;1;5;6.25;0;7.0213;3.1553;0.0050;0.0105;187629.3488;12568.6233;0.3887;0.0670;0.0002;11600910.3100;15125.9059;2138.7184;2138.7184;1.2684;0.0227;1664.3361;2963.8427;0.9932;7.2540;63.3061;0.0272;-18.4003;-49.3169;Não_acidente;Não_acidente;0-Nao_Acidente
762;80.00;42815;6;0.5900;1;1;2;251;4;93.0;103.5;10.5;1;5;10.79;0;5.2415;2.5832;0.0013;0.0070;323604.8782;21633.6579;0.3934;0.0669;0.0001;12350962.3000;23230.5628;10431.2462;10431.2462;1.4902;0.0394;2763.9204;5307.7595;0.9963;9.5074;60.9683;0.0439;-15.5249;-48.6247;Não_acidente;Não_acidente;0-Nao_Acidente
763;230.00;42965;3;0.8700;1;0;3;60;4;160.2;162.1;1.9;1;1;2.08;1;2.6488;1.1260;0.0011;0.0039;62262.1598;4210.7948;0.3780;0.0676;0.0003;1798719.0450;5618.5174;987.1792;987.1792;0.4904;0.1813;552.9644;1026.1132;0.9812;4.2188;60.6777;0.2186;-16.7021;-49.3373;Não_acidente;Não_acidente;0-Nao_Acidente
764;227.00;43327;2;0.5500;4;1;0;452;4;39.0;40.9;1.9;1;5;1.52;0;3.4738;1.2500;0.0015;0.0035;45758.3706;3110.5581;0.3747;0.0680;0.0003;887065.0479;4082.9064;627.2577;627.2577;-0.4050;0.6028;411.3325;762.9472;0.9750;3.6353;59.9758;0.7590;-17.9287;-50.5563;Não_acidente;Não_acidente;0-Nao_Acidente
765;155.00;43255;6;0.1400;4;0;5;483;4;281.9;283.4;1.5;2;6;1.60;0;4.6207;1.0764;0.0006;0.0072;47858.7642;3250.5836;0.3752;0.0679;0.0003;844026.5152;3918.4151;1319.5994;1319.5994;1.1713;0.0869;349.6426;763.3738;0.9739;3.7147;62.6937;0.1024;-19.3045;-51.0897;Não_acidente;Não_acidente;0-Nao_Acidente
766;260.00;42995;5;0.2000;2;1;0;483;4;91.3;108.7;17.4;2;6;16.53;1;3.7902;2.0962;0.0004;0.0066;496096.8857;33133.1204;0.3968;0.0668;0.0001;74764559.1900;40312.3558;4900.8969;4900.8969;-0.3281;0.0213;4136.4926;8070.9280;0.9976;11.7603;61.4671;0.0248;-18.4795;-50.0310;Não_acidente;Não_acidente;0-Nao_Acidente
767;175.00;42910;5;0.7800;3;0;1;60;4;478.3;512.8;34.5;1;5;34.36;0;6.4954;3.6414;0.0000;0.0079;1031105.7910;68800.3863;0.4022;0.0667;0.0001;371748955.3000;84794.4536;12387.6966;12387.6966;-0.4131;0.0123;8847.4709;16258.6588;0.9988;16.9387;63.4189;0.0131;-17.8223;-51.9637;Não_acidente;Não_acidente;0-Nao_Acidente
768;52.00;43152;5;0.4400;1;1;3;153;4;503.8;513.1;9.3;1;1;9.25;1;5.9983;2.7403;-0.0009;0.0089;277590.3771;18566.0252;0.3921;0.0669;0.0001;6807381.7190;19703.7750;9104.1659;9104.1659;0.0517;0.0512;2400.4498;4578.9902;0.9958;8.8096;60.6226;0.0589;-16.7756;-49.2369;Não_acidente;Não_acidente;0-Nao_Acidente
769;341.00;43441;6;0.1500;2;0;1;364;4;296.2;299.2;3.0;1;5;2.83;0;5.3211;1.8524;0.0038;0.0068;84799.7830;5713.3237;0.3811;0.0674;0.0002;2767331.7510;6838.1253;2103.4420;2103.4420;-1.1043;0.0411;683.9616;1279.0913;0.9835;4.9049;66.2969;0.0491;-17.5630;-52.5310;Não_acidente;Não_acidente;0-Nao_Acidente
770;18.00;43118;5;0.9200;3;1;4;70;4;0.0;4.0;4.0;1;1;5.30;1;8.5078;4.8424;-0.0042;0.0108;158945.6262;10656.3751;0.3872;0.0670;0.0002;9340310.2860;12239.0755;3207.6719;3207.6719;-0.8241;0.0216;1214.6194;2295.3066;0.9904;6.6823;69.2481;0.0261;-15.7687;-48.2298;Não_acidente;Não_acidente;0-Nao_Acidente
771;150.00;42885;5;0.9100;1;0;4;490;4;125.1;133.2;8.1;2;6;8.12;0;5.6355;2.9014;0.0029;0.0074;243743.2260;16309.5478;0.3910;0.0669;0.0001;15705476.9300;19306.5955;2071.4606;2071.4606;0.2448;0.0482;2312.6556;4003.3787;0.9952;8.2588;60.8844;0.0581;-17.6996;-48.7083;Não_acidente;Não_acidente;0-Nao_Acidente
772;25.00;42760;2;0.3400;4;1;4;50;4;125.2;154.5;29.3;1;5;29.09;0;4.7246;2.2873;-0.0008;0.0085;872584.9596;58232.3305;0.4011;0.0667;0.0001;123431205.0000;62532.1826;26631.2688;26631.2688;0.0269;0.0083;7107.6616;13338.8093;0.9984;15.5848;65.4170;0.0084;-17.1142;-47.7207;Não_acidente;Não_acidente;0-Nao_Acidente
773;169.00;43269;3;0.9900;4;0;7;359;4;12.2;43.9;31.7;2;6;36.10;0;5.0452;2.6505;0.0024;0.0073;1083105.2910;72266.9942;0.4026;0.0667;0.0001;212272919.9000;75739.0986;6841.2735;6841.2735;0.1616;0.0069;9549.9422;15773.8151;0.9986;17.3598;68.6648;0.0069;-17.6026;-52.6695;Não_acidente;Não_acidente;0-Nao_Acidente
774;66.00;42801;5;0.7100;3;1;7;153;4;503.8;513.1;9.3;1;1;9.25;1;5.9983;2.7403;-0.0009;0.0089;277590.3771;18566.0252;0.3921;0.0669;0.0001;6807381.7190;19703.7750;9104.1659;9104.1659;0.0517;0.0512;2400.4498;4578.9902;0.9958;8.8096;60.6226;0.0589;-16.7294;-49.2427;Não_acidente;Não_acidente;0-Nao_Acidente
775;34.00;43134;6;0.8700;1;0;2;158;4;203.1;232.0;28.9;1;5;28.08;0;3.7615;1.6937;0.0016;0.0050;842457.4318;56228.0363;0.4008;0.0667;0.0001;101765345.5000;60410.6213;26342.0882;26342.0882;0.0400;0.0075;7348.9366;13268.0757;0.9985;15.3151;63.4951;0.0091;-17.4517;-51.9026;Não_acidente;Não_acidente;0-Nao_Acidente
776;255.00;42990;1;0.9300;4;1;3;490;4;0.0;11.5;11.5;2;6;11.57;0;5.2476;3.3390;0.0074;0.0175;347224.3545;23208.2832;0.3940;0.0668;0.0001;59243187.8800;30976.9881;8598.7491;8598.7491;-0.6730;0.0399;3330.1406;5551.4779;0.9964;9.8464;62.5463;0.0433;-17.7177;-47.8146;Não_acidente;Não_acidente;0-Nao_Acidente
777;132.00;43232;7;0.1000;2;0;5;80;4;153.0;181.3;28.3;1;5;28.41;0;4.2196;2.1751;0.0024;0.0062;852209.7968;56873.9864;0.4009;0.0667;0.0001;348345675.8000;75955.1994;22485.7762;22485.7762;-0.9580;0.0081;7499.7829;13726.4015;0.9986;15.4021;62.0854;0.0096;-14.6595;-49.1580;Não_acidente;Não_acidente;0-Nao_Acidente
778;81.00;43181;3;0.9800;4;1;5;352;4;10.5;28.0;17.5;2;6;17.43;0;5.9878;2.8462;0.0016;0.0086;522891.5292;34919.4352;0.3972;0.0668;0.0001;136287080.4000;46726.2666;11266.9355;11266.9355;-0.7294;0.0260;4592.8483;8327.3234;0.9976;12.0726;62.7923;0.0249;-16.8161;-49.0556;Não_acidente;Não_acidente;0-Nao_Acidente
779;8.00;43108;1;0.0100;4;0;5;80;3;0.0;7.7;7.7;2;6;7.04;0;5.5849;2.6117;0.0024;0.0081;211264.4330;14144.2882;0.3897;0.0670;0.0001;17834109.1900;17537.1777;5562.3982;5562.3982;0.4856;0.0200;2200.9386;3362.5744;0.9941;7.6932;62.8282;0.0241;-15.1765;-48.3106;Não_acidente;Não_acidente;0-Nao_Acidente
780;319.00;43419;4;0.1000;3;1;1;457;4;189.7;195.3;5.6;2;6;5.40;0;5.5631;1.3912;-0.0008;0.0052;162075.3630;10865.0233;0.3874;0.0670;0.0002;9141336.6490;13657.7366;1827.9210;1827.9210;-0.3700;0.0528;1738.1322;2684.8175;0.9928;6.7470;60.3674;0.0637;-16.6168;-48.7800;Não_acidente;Não_acidente;0-Nao_Acidente
781;365.00;43100;1;0.5400;2;0;7;483;4;281.9;283.4;1.5;2;6;1.60;0;4.6207;1.0764;0.0006;0.0072;47858.7642;3250.5836;0.3752;0.0679;0.0003;844026.5152;3918.4151;1319.5994;1319.5994;1.1713;0.0869;349.6426;763.3738;0.9739;3.7147;62.6937;0.1024;-19.3001;-51.0887;Não_acidente;Não_acidente;0-Nao_Acidente
782;306.00;43041;5;0.5800;4;1;6;153;4;361.0;371.1;10.1;1;5;9.53;0;7.2575;3.2256;-0.0039;0.0104;285999.2307;19126.6409;0.3924;0.0669;0.0001;34359366.7800;25101.5580;8516.1810;8516.1810;-1.1335;0.0329;2538.2112;4717.5699;0.9959;8.9412;60.6243;0.0398;-15.7857;-49.3033;Não_acidente;Não_acidente;0-Nao_Acidente
783;315.00;43415;6;0.5800;1;0;3;80;4;223.0;282.3;59.3;0;3;66.55;0;5.0843;3.0647;0.0006;0.0085;1996218.8650;133140.2727;0.4067;0.0667;0.0000;1663358088.0000;163528.1718;43707.5247;43707.5247;-0.8545;0.0042;13038.9306;29439.3099;0.9993;23.5584;67.8079;0.0042;-14.1148;-49.5017;Não_acidente;Não_acidente;0-Nao_Acidente
784;248.00;43348;1;0.8500;1;1;7;490;4;133.2;160.7;27.5;2;6;27.39;0;6.6614;2.9697;0.0046;0.0105;821976.7898;54858.4451;0.4006;0.0667;0.0001;68456199.2600;56071.3182;2702.2056;2702.2056;-1.5677;0.0113;6599.1752;12725.2448;0.9984;15.1270;64.5942;0.0128;-17.7251;-48.8193;Não_acidente;Não_acidente;0-Nao_Acidente
785;286.00;43386;2;0.0400;4;0;3;251;4;230.8;235.9;5.1;2;6;2.59;1;8.4533;2.5711;0.0024;0.0082;77516.7285;5226.6239;0.3802;0.0674;0.0002;2124807.8100;6249.9655;999.8445;999.8445;1.1415;0.0605;636.8165;1188.6954;0.9825;4.6931;65.2116;0.0725;-15.3112;-49.5916;Não_acidente;Não_acidente;0-Nao_Acidente
786;216.00;42951;6;0.4900;3;1;5;251;4;230.8;235.9;5.1;2;6;2.59;1;8.4533;2.5711;0.0024;0.0082;77516.7285;5226.6239;0.3802;0.0674;0.0002;2124807.8100;6249.9655;999.8445;999.8445;1.1415;0.0605;636.8165;1188.6954;0.9825;4.6931;65.2116;0.0725;-15.3177;-49.5821;Não_acidente;Não_acidente;0-Nao_Acidente
787;193.00;42928;6;0.3200;4;0;6;40;4;0.0;24.1;24.1;1;1;24.59;1;4.6421;2.4252;0.0026;0.0110;737608.5782;49237.1865;0.3998;0.0668;0.0001;194859822.9000;61797.3030;22069.1327;22069.1327;-1.1809;0.0137;6570.9312;11956.6449;0.9984;14.3324;61.6903;0.0153;-16.1987;-47.9228;Não_acidente;Não_acidente;0-Nao_Acidente
788;29.00;42764;3;0.9200;4;1;0;70;4;218.9;231.5;12.6;2;6;12.55;0;8.1552;4.5163;0.0031;0.0133;376375.5237;25153.2324;0.3946;0.0668;0.0001;50481915.6900;30467.3525;4871.9689;4871.9689;1.1032;0.0192;3020.1934;5788.9864;0.9964;10.2500;65.0158;0.0224;-16.0036;-50.0348;Não_acidente;Não_acidente;0-Nao_Acidente
789;321.00;43056;5;0.2000;1;0;7;251;4;312.3;374.6;62.3;2;6;53.14;0;9.0739;8.3233;-0.0007;0.0162;1594198.8920;106339.8758;0.4052;0.0667;0.0001;448619578.8000;114309.3864;9392.8435;9392.8435;1.5296;0.0031;14875.7822;24422.7443;0.9991;21.0555;65.2752;0.0036;-15.2434;-50.1235;Não_acidente;Não_acidente;0-Nao_Acidente
790;324.00;43424;1;0.9400;4;1;1;251;4;14.0;34.0;20.0;1;5;19.72;1;2.7346;1.3368;-0.0002;0.0040;591769.4842;39511.2918;0.3982;0.0668;0.0001;152083741.7000;51551.1665;16630.9762;16630.9762;0.4775;0.0198;5132.9820;9541.2919;0.9979;12.8406;62.0219;0.0189;-16.1106;-47.4926;Não_acidente;Não_acidente;0-Nao_Acidente
791;363.00;43463;7;0.8600;4;0;6;60;4;387.9;393.1;5.2;1;1;5.38;1;4.8521;2.1528;-0.0015;0.0068;161399.2511;10819.9544;0.3873;0.0670;0.0002;2749602.4430;11606.4397;520.4888;520.4888;-1.5684;0.0503;1526.5450;2657.2414;0.9927;6.7331;60.7394;0.0606;-17.8249;-50.9605;Não_acidente;Não_acidente;0-Nao_Acidente
792;87.00;42822;1;0.8000;1;1;7;153;4;531.3;533.3;2.0;1;1;1.03;1;5.7441;2.1249;-0.0015;0.0079;30818.5759;2114.5717;0.3704;0.0686;0.0004;513431.3787;2921.2839;871.5206;871.5206;0.5902;0.4577;269.7319;513.1709;0.9627;3.0113;60.0552;0.5556;-16.9637;-49.2361;Não_acidente;Não_acidente;0-Nao_Acidente