FID;data_conse;data_inver;dia_semana;horario;fase_dia;sentido_vi;condicao_m;vl_br;nm_tipo_tr;vl_km_inic;vl_km_fina;vl_extensa;ds_superfi;ds_legenda;Dist_km;TIPO;S_med;S_sd;CV_med;CV_sd;P_AREA;P_PERIM;P_FRACDIM;P_PERARAT;P_COMPAC;PBOX_AREA;PBOX_PERIM;PBOX_LEN;PBOX_WIDTH;POL_ANGLE;PELLIP_FIT;PGYRATIUS;POLRADIUS;PCIRCLE;PSAHPEIDX;PDENSITY;PRECTFIT;Lat;Long;causa_acid;tipo_acide;Acidente
793;73.00;43173;5;0.1300;4;0;1;158;4;157.0;163.9;6.9;1;5;6.70;0;5.8726;2.2957;-0.0003;0.0077;201045.7265;13463.0486;0.3893;0.0670;0.0001;12823585.7900;16766.8896;6370.4723;6370.4723;1.2656;0.1143;1800.9971;3343.2353;0.9943;7.5065;60.1351;0.1482;-16.9846;-51.8401;Não_acidente;Não_acidente;0-Nao_Acidente
794;217.00;43317;2;0.8700;4;1;4;20;4;3.7;22.0;18.3;1;5;17.79;0;4.6989;2.1676;0.0007;0.0064;533527.0853;35628.4384;0.3974;0.0668;0.0001;42591912.8200;37696.9261;2625.3914;2625.3914;0.0257;0.0121;4128.6522;8449.8276;0.9976;12.1943;63.1406;0.0130;-15.5581;-47.2008;Não_acidente;Não_acidente;0-Nao_Acidente
795;330.00;43065;6;0.4500;3;0;3;158;4;157.0;163.9;6.9;1;5;6.70;0;5.8726;2.2957;-0.0003;0.0077;201045.7265;13463.0486;0.3893;0.0670;0.0001;12823585.7900;16766.8896;6370.4723;6370.4723;1.2656;0.1143;1800.9971;3343.2353;0.9943;7.5065;60.1351;0.1482;-16.9613;-51.8321;Não_acidente;Não_acidente;0-Nao_Acidente
796;328.00;43428;6;0.9100;3;1;2;20;4;229.7;252.5;22.8;1;5;22.98;1;5.0848;3.5498;-0.0038;0.0109;689363.4334;46017.5623;0.3993;0.0668;0.0001;226457994.5000;60788.4659;17317.1057;17317.1057;0.9104;0.0121;4654.6810;11111.9053;0.9982;13.8561;62.0383;0.0127;-14.0634;-46.2824;Não_acidente;Não_acidente;0-Nao_Acidente
797;346.00;43081;4;0.4900;3;0;2;60;4;478.3;512.8;34.5;1;5;34.36;0;6.4954;3.6414;0.0000;0.0079;1031105.7910;68800.3863;0.4022;0.0667;0.0001;371748955.3000;84794.4536;12387.6966;12387.6966;-0.4131;0.0123;8847.4709;16258.6588;0.9988;16.9387;63.4189;0.0131;-17.8134;-52.0314;Não_acidente;Não_acidente;0-Nao_Acidente
798;290.00;43390;2;0.6000;1;1;2;414;4;56.8;59.3;2.5;2;6;4.56;1;4.9212;2.1286;0.0057;0.0071;136999.2153;9193.2790;0.3858;0.0671;0.0002;3751982.9660;10423.7178;862.6896;862.6896;0.1896;0.0842;1260.3610;2226.5558;0.9912;6.2094;61.5297;0.0826;-13.6558;-48.8861;Não_acidente;Não_acidente;0-Nao_Acidente
799;326.00;43426;7;0.0400;3;0;0;457;4;195.3;214.0;18.7;2;6;18.66;0;9.2947;4.5154;-0.0047;0.0155;559742.2009;37375.8749;0.3978;0.0668;0.0001;27010792.7900;38646.4604;1516.9227;1516.9227;-1.5464;0.0183;5551.4274;9014.5561;0.9978;12.4893;62.0932;0.0208;-16.6244;-48.8866;Não_acidente;Não_acidente;0-Nao_Acidente
800;146.00;42881;4;0.4000;4;1;6;60;4;473.1;478.3;5.2;1;1;5.25;1;9.8282;4.9922;-0.0029;0.0137;157599.0832;10566.6344;0.3871;0.0670;0.0002;3735292.7350;11445.6819;751.3412;751.3412;-0.0317;0.0400;1298.0732;2516.0479;0.9921;6.6543;62.6376;0.0483;-17.9172;-51.7194;Não_acidente;Não_acidente;0-Nao_Acidente
801;256.00;42991;7;0.3100;4;0;1;20;4;180.7;185.7;5.0;1;5;9.55;0;4.3183;2.2092;0.0006;0.0053;286481.9730;19158.8030;0.3924;0.0669;0.0001;45377650.9400;27014.8592;7238.4960;7238.4960;0.8564;0.4067;1881.6228;4775.7731;0.9960;8.9487;59.9865;0.5231;-14.4421;-46.4615;Não_acidente;Não_acidente;0-Nao_Acidente
802;252.00;42987;5;0.7600;3;1;0;60;4;109.2;139.4;30.2;1;1;30.11;0;9.5609;5.7119;-0.0045;0.0130;903351.3893;60283.4356;0.4013;0.0667;0.0001;378986039.0000;77890.5922;19027.6956;19027.6956;0.7552;0.0105;7431.2989;14024.3189;0.9985;15.8566;64.4132;0.0127;-16.4649;-49.0654;Não_acidente;Não_acidente;0-Nao_Acidente
803;235.00;42970;7;0.2500;4;0;6;153;4;213.0;243.2;30.2;1;5;30.06;0;5.3313;3.3306;0.0002;0.0089;901889.2376;60186.0243;0.4013;0.0667;0.0001;411623952.9000;83085.1281;25223.4954;25223.4954;-0.5736;0.1014;7366.4033;15009.9179;0.9987;15.8438;60.0862;0.0954;-14.7710;-49.2662;Não_acidente;Não_acidente;0-Nao_Acidente
804;359.00;43459;7;0.8900;1;1;4;70;4;190.8;191.2;0.4;1;1;0.64;1;2.9848;1.4726;0.0028;0.0055;19164.9184;1340.4880;0.3651;0.0699;0.0005;190744.6980;1800.8800;340.8886;340.8886;0.5118;0.3324;172.2122;327.5260;0.9431;2.4207;58.5142;0.3791;-16.0393;-49.7865;Não_acidente;Não_acidente;0-Nao_Acidente
805;214.00;42949;1;0.2900;1;0;0;80;4;46.0;94.3;48.3;1;5;48.32;0;5.0842;2.8679;0.0016;0.0080;1449512.6090;96694.1598;0.4046;0.0667;0.0001;345746597.4000;104806.8925;7741.3955;7741.3955;0.1414;0.0065;11552.3004;22812.3064;0.9991;20.0784;63.5408;0.0071;-15.2134;-48.4958;Não_acidente;Não_acidente;0-Nao_Acidente
806;138.00;43238;4;0.0400;2;1;5;60;2;8.0;21.5;13.5;2;6;11.51;1;6.1034;3.1904;-0.0013;0.0092;345409.4904;23087.2994;0.3939;0.0668;0.0001;36734135.7500;28132.0550;3465.2208;3465.2208;0.2976;0.0189;3245.0796;5650.9061;0.9966;9.8208;61.1246;0.0228;-16.5903;-49.3099;Não_acidente;Não_acidente;0-Nao_Acidente
807;312.00;43047;3;0.5800;2;0;4;80;4;181.3;191.6;10.3;1;5;11.64;0;6.6637;3.2014;-0.0016;0.0101;349278.5087;23345.2378;0.3940;0.0668;0.0001;24638356.1500;26861.3122;11238.2999;11238.2999;-0.1664;0.0231;2907.0121;5748.3440;0.9966;9.8753;60.7616;0.0273;-14.6237;-49.1721;Não_acidente;Não_acidente;0-Nao_Acidente
808;337.00;43437;3;0.4500;1;1;7;50;4;270.1;280.5;10.4;1;5;10.32;1;5.6586;2.7604;0.0070;0.0110;309648.9968;20703.2676;0.3930;0.0669;0.0001;43260134.5400;26684.5221;7786.4099;7786.4099;-0.5895;0.0165;2554.9680;4878.5092;0.9959;9.3013;63.4721;0.0191;-18.1653;-47.9116;Não_acidente;Não_acidente;0-Nao_Acidente
809;24.00;43124;6;0.5700;2;0;5;153;4;533.3;555.5;22.2;1;1;24.09;0;7.6587;3.8221;-0.0017;0.0116;722702.9898;48240.0586;0.3997;0.0667;0.0001;56209149.7200;51218.7005;23184.9716;23184.9716;-1.4855;0.0254;5855.9792;11693.5957;0.9983;14.1863;61.8033;0.0262;-17.1119;-49.2142;Não_acidente;Não_acidente;0-Nao_Acidente
810;256.00;42991;2;0.2300;1;1;7;10;4;66.4;92.5;26.1;2;6;25.65;0;7.2486;3.3964;-0.0063;0.0113;769395.0230;51353.0017;0.4001;0.0667;0.0001;171018209.2000;61428.5372;23408.4301;23408.4301;-0.2664;0.0126;6934.7463;12546.9327;0.9984;14.6363;61.3214;0.0148;-14.8451;-47.5709;Não_acidente;Não_acidente;0-Nao_Acidente
811;356.00;43456;2;0.0000;4;0;5;352;4;103.9;118.8;14.9;2;6;14.36;0;10.0547;4.8351;-0.0083;0.0158;430747.0915;28782.5668;0.3957;0.0668;0.0001;67010413.4300;34006.2259;6206.7691;6206.7691;-0.4986;0.0190;2815.6604;6380.9868;0.9966;10.9637;67.5048;0.0184;-17.2874;-48.5604;Não_acidente;Não_acidente;0-Nao_Acidente
812;320.00;43420;3;0.7900;1;1;6;158;4;3.5;5.5;2.0;1;5;2.01;1;3.5495;1.4757;0.0028;0.0029;60357.7057;4083.8470;0.3777;0.0677;0.0003;1061174.4510;4961.4623;1931.2580;1931.2580;-1.3319;0.1876;551.1591;1000.8763;0.9808;4.1557;60.3049;0.2246;-15.8997;-52.2219;Não_acidente;Não_acidente;0-Nao_Acidente
813;201.00;42936;2;0.6300;1;0;2;452;4;79.2;83.3;4.1;1;5;4.10;0;4.2342;1.9405;0.0003;0.0064;123168.4172;8271.7064;0.3848;0.0672;0.0002;1866750.4270;8905.4927;468.5373;468.5373;-1.5448;0.0559;962.7552;2034.6094;0.9905;5.8923;60.5366;0.0673;-18.0511;-50.2094;Não_acidente;Não_acidente;0-Nao_Acidente
814;53.00;42788;7;0.1900;1;1;7;457;4;161.1;173.8;12.7;2;6;12.71;1;5.1503;2.6476;0.0015;0.0071;381218.9613;25474.5903;0.3947;0.0668;0.0001;65900571.8300;33831.2298;6084.2163;6084.2163;-0.4841;0.0474;5052.5950;6220.8080;0.9969;10.3148;61.2813;0.0500;-16.7602;-48.5228;Não_acidente;Não_acidente;0-Nao_Acidente
815;22.00;43122;6;0.2700;3;0;4;50;4;154.5;163.5;9.0;1;5;8.76;0;2.9619;1.2997;0.0002;0.0059;262805.9584;17580.3973;0.3916;0.0669;0.0001;20546236.1000;21052.5707;7937.9202;7937.9202;1.3116;0.0206;2319.3561;4252.8839;0.9954;8.5734;61.7948;0.0248;-17.2510;-47.7661;Não_acidente;Não_acidente;0-Nao_Acidente
816;43.00;42778;1;0.1200;2;1;6;70;4;98.8;129.0;30.2;0;4;27.41;0;7.9306;4.3819;-0.0015;0.0108;822194.6974;54873.0621;0.4006;0.0667;0.0001;149142480.8000;60921.1451;6129.7841;6129.7841;-1.3497;0.0086;6459.8584;12616.3779;0.9984;15.1291;65.1688;0.0100;-15.7901;-49.0725;Não_acidente;Não_acidente;0-Nao_Acidente
817;173.00;42908;1;0.0900;1;0;4;70;4;191.2;192.9;1.7;2;6;1.77;1;3.1128;0.9572;0.0054;0.0053;53031.6692;3595.4446;0.3763;0.0678;0.0003;1311292.7540;4806.4705;1565.7497;1565.7497;-1.1086;0.2066;480.5999;889.1723;0.9786;3.9032;59.6416;0.2458;-16.0395;-49.7926;Não_acidente;Não_acidente;0-Nao_Acidente
818;332.00;43067;2;0.7200;2;1;7;158;4;282.2;292.6;10.4;2;6;10.51;0;6.9256;3.2557;0.0011;0.0085;315123.2462;21068.2153;0.3932;0.0669;0.0001;31196020.0600;24576.1006;8703.9128;8703.9128;1.2606;0.0157;3793.0045;4967.3194;0.9959;9.3827;63.4393;0.0191;-17.9161;-51.7744;Não_acidente;Não_acidente;0-Nao_Acidente
819;53.00;43153;4;0.7400;1;0;5;352;4;270.0;307.3;37.3;2;6;37.27;0;8.1242;3.8800;0.0071;0.0156;1118533.7910;74631.0805;0.4028;0.0667;0.0001;295072369.6000;82532.7727;9202.6949;9202.6949;-0.2658;0.0130;7103.8480;17417.2426;0.9988;17.6415;64.2199;0.0154;-18.0972;-47.7447;Não_acidente;Não_acidente;0-Nao_Acidente
820;318.00;43053;2;0.3900;3;1;1;158;4;263.3;269.4;6.1;1;1;6.27;1;4.7811;2.0246;0.0004;0.0061;188013.4225;12594.2280;0.3887;0.0670;0.0002;15682491.2200;16296.9548;3116.6742;3116.6742;1.0639;0.0322;1649.5444;3066.1185;0.9936;7.2613;61.3197;0.0388;-17.8579;-51.7304;Não_acidente;Não_acidente;0-Nao_Acidente
821;3.00;42738;3;0.4500;4;0;5;70;4;65.5;67.3;1.8;1;5;4.69;0;4.6506;2.0845;-0.0013;0.0076;140574.4790;9431.6399;0.3860;0.0671;0.0002;9720720.1280;12889.0449;4036.0470;4036.0470;1.0465;0.1501;1339.0928;2341.9428;0.9918;6.2889;60.0247;0.1810;-15.7565;-48.7524;Não_acidente;Não_acidente;0-Nao_Acidente
822;36.00;42771;2;0.6000;4;1;3;153;4;371.1;378.1;7.0;1;5;7.52;0;7.2206;2.8113;-0.0012;0.0085;225489.8343;15092.6556;0.3903;0.0669;0.0001;25665746.6300;20781.2072;6346.5682;6346.5682;0.5727;0.1018;2066.8171;3753.6606;0.9949;7.9459;60.0720;0.1183;-15.8412;-49.2719;Não_acidente;Não_acidente;0-Nao_Acidente
823;301.00;43401;5;0.7800;3;0;1;364;4;113.2;152.5;39.3;1;5;37.95;0;5.4488;2.5747;-0.0004;0.0067;1138648.5520;75970.0088;0.4029;0.0667;0.0001;550243510.2000;98250.3015;17277.2066;17277.2066;1.0913;0.0175;9991.1797;18157.6169;0.9989;17.7987;62.7091;0.0165;-18.2689;-51.2158;Não_acidente;Não_acidente;0-Nao_Acidente
824;344.00;43444;5;0.4500;4;1;5;10;4;37.8;66.4;28.6;2;6;28.64;0;7.7577;5.6065;0.0060;0.0275;859095.6424;57333.0401;0.4009;0.0667;0.0001;52207596.8600;58239.0165;27200.1197;27200.1197;1.5546;0.0131;5576.9079;13990.0174;0.9986;15.4641;61.4078;0.0165;-15.0283;-47.6004;Não_acidente;Não_acidente;0-Nao_Acidente
825;37.00;43137;3;0.3400;1;0;6;60;4;381.1;387.9;6.8;1;1;6.74;1;5.1455;2.1763;0.0004;0.0067;202175.9910;13538.4056;0.3893;0.0670;0.0001;21521970.2200;18702.8657;4092.3180;4092.3180;0.6747;0.0469;1586.9211;3343.5187;0.9942;7.5274;60.4680;0.0558;-17.7996;-50.9176;Não_acidente;Não_acidente;0-Nao_Acidente
826;160.00;42895;2;0.5300;3;1;7;452;4;0.0;39.0;39.0;1;5;39.24;0;4.8529;2.4327;0.0002;0.0066;1177509.6240;78561.1597;0.4032;0.0667;0.0001;542289192.2000;101758.8835;15198.1289;15198.1289;-0.4046;0.0158;9572.2629;19476.1768;0.9990;18.0995;60.4590;0.0189;-17.8544;-50.7617;Não_acidente;Não_acidente;0-Nao_Acidente
827;307.00;43407;4;0.3800;2;0;2;60;4;219.3;226.6;7.3;1;1;7.48;0;6.0911;3.2237;-0.0043;0.0105;224424.4615;15021.6309;0.3903;0.0669;0.0001;20132959.7300;19081.6274;6390.2284;6390.2284;-0.4464;0.0245;1919.0157;3603.6731;0.9945;7.9272;62.2766;0.0295;-16.9903;-49.7593;Não_acidente;Não_acidente;0-Nao_Acidente
828;139.00;43239;1;0.5200;1;1;7;60;2;71.9;80.8;8.9;2;6;8.05;1;10.4291;5.7096;-0.0055;0.0132;241534.3756;16162.2916;0.3909;0.0669;0.0001;29460724.7200;21791.2373;4981.0098;4981.0098;-0.6973;0.0240;2326.0653;3947.5156;0.9951;8.2215;61.1864;0.0290;-16.6104;-49.1786;Não_acidente;Não_acidente;0-Nao_Acidente
829;26.00;42761;4;0.0700;3;0;6;20;4;229.7;252.5;22.8;1;5;22.98;0;5.0848;3.5498;-0.0038;0.0109;689363.4334;46017.5623;0.3993;0.0668;0.0001;226457994.5000;60788.4659;17317.1057;17317.1057;0.9104;0.0121;4654.6810;11111.9053;0.9982;13.8561;62.0383;0.0127;-14.0491;-46.2731;Não_acidente;Não_acidente;0-Nao_Acidente
830;286.00;43386;6;0.3400;3;1;2;20;4;3.7;22.0;18.3;1;5;17.79;0;4.6989;2.1676;0.0007;0.0064;533527.0853;35628.4384;0.3974;0.0668;0.0001;42591912.8200;37696.9261;2625.3914;2625.3914;0.0257;0.0121;4128.6522;8449.8276;0.9976;12.1943;63.1406;0.0130;-15.5692;-47.2406;Não_acidente;Não_acidente;0-Nao_Acidente
831;73.00;43173;5;0.2200;1;0;5;490;4;111.7;114.7;3.0;2;6;3.00;1;4.5475;1.3981;-0.0012;0.0038;90121.8517;6068.1234;0.3818;0.0673;0.0002;1980107.7190;7115.9318;690.5563;690.5563;-1.3511;0.0764;783.9970;1478.1609;0.9869;5.0533;60.9689;0.0919;-17.7193;-48.6036;Não_acidente;Não_acidente;0-Nao_Acidente
832;344.00;43079;7;0.4600;1;1;1;153;4;142.4;176.5;34.1;1;5;34.18;0;3.8833;2.0332;0.0003;0.0057;1024956.8780;68391.7078;0.4022;0.0667;0.0001;236714910.2000;80575.0150;33145.9037;33145.9037;-0.2216;0.0315;9065.3212;16974.9463;0.9989;16.8885;60.3806;0.0334;-14.2369;-49.1357;Não_acidente;Não_acidente;0-Nao_Acidente
833;26.00;43126;6;0.6300;1;0;5;457;4;195.3;214.0;18.7;2;6;18.66;0;9.2947;4.5154;-0.0047;0.0155;559742.2009;37375.8749;0.3978;0.0668;0.0001;27010792.7900;38646.4604;1516.9227;1516.9227;-1.5464;0.0183;5551.4274;9014.5561;0.9978;12.4893;62.0932;0.0208;-16.6167;-48.9486;Não_acidente;Não_acidente;0-Nao_Acidente
834;360.00;43460;3;0.4700;1;1;7;20;4;143.3;180.7;37.4;1;5;34.10;0;2.9901;1.5943;-0.0010;0.0053;1023076.7730;68269.2227;0.4022;0.0667;0.0001;480778640.4000;90137.1552;27731.9355;27731.9355;1.0193;0.0074;8832.5715;16745.4032;0.9988;16.8737;61.0960;0.0084;-14.6341;-46.6234;Não_acidente;Não_acidente;0-Nao_Acidente
835;248.00;42983;5;0.6000;2;0;6;153;4;57.8;68.9;11.1;1;5;13.84;0;3.8493;1.4981;0.0018;0.0070;414886.4227;27719.0956;0.3954;0.0668;0.0001;22859174.6400;30703.0976;13680.6339;13680.6339;-0.1219;0.0650;3637.3895;6904.9233;0.9972;10.7586;60.0856;0.0712;-13.3967;-49.1297;Não_acidente;Não_acidente;0-Nao_Acidente
836;88.00;42823;7;0.0500;4;1;4;60;3;4.4;10.7;6.3;2;6;10.89;0;4.4364;2.6024;0.0015;0.0071;326624.6315;21834.9740;0.3935;0.0669;0.0001;42941902.2100;27853.8640;4608.0559;4608.0559;0.4240;0.0174;2504.2639;5290.6750;0.9963;9.5514;61.7359;0.0210;-17.7306;-50.9734;Não_acidente;Não_acidente;0-Nao_Acidente
837;223.00;42958;5;0.7600;1;0;7;70;4;190.8;191.2;0.4;1;1;0.64;1;2.9848;1.4726;0.0028;0.0055;19164.9184;1340.4880;0.3651;0.0699;0.0005;190744.6980;1800.8800;340.8886;340.8886;0.5118;0.3324;172.2122;327.5260;0.9431;2.4207;58.5142;0.3791;-16.0401;-49.7872;Não_acidente;Não_acidente;0-Nao_Acidente
838;26.00;43126;6;0.6100;2;1;6;352;4;85.9;86.9;1.0;2;6;2.16;1;5.7327;2.5773;-0.0010;0.0083;64872.3622;4384.8237;0.3784;0.0676;0.0003;1797605.0820;5711.4661;1918.9854;1918.9854;-1.0946;0.1721;765.4157;1069.5769;0.9819;4.3039;60.6524;0.2134;-17.1947;-48.7156;Não_acidente;Não_acidente;0-Nao_Acidente
839;254.00;43354;7;0.7400;2;0;1;80;4;46.0;94.3;48.3;1;5;48.32;0;5.0842;2.8679;0.0016;0.0080;1449512.6090;96694.1598;0.4046;0.0667;0.0001;345746597.4000;104806.8925;7741.3955;7741.3955;0.1414;0.0065;11552.3004;22812.3064;0.9991;20.0784;63.5408;0.0071;-15.2198;-48.5319;Não_acidente;Não_acidente;0-Nao_Acidente
840;155.00;42890;5;0.4000;1;1;2;158;4;454.3;455.3;1.0;2;6;1.05;0;3.5375;1.8252;0.0012;0.0052;31338.8228;2149.2548;0.3706;0.0686;0.0004;486525.2517;2906.4239;930.1521;930.1521;1.0850;0.3858;292.9096;522.8325;0.9635;3.0352;59.9405;0.4580;-19.1064;-51.7291;Não_acidente;Não_acidente;0-Nao_Acidente
841;148.00;43248;1;0.6100;2;0;5;50;4;106.7;119.2;12.5;1;5;12.82;0;3.2280;1.2604;0.0014;0.0049;384501.7563;25693.4506;0.3948;0.0668;0.0001;41327229.0300;30260.7375;11553.2648;11553.2648;-0.2463;0.0145;3324.8161;6302.2850;0.9969;10.3589;61.0099;0.0175;-16.8467;-47.6762;Não_acidente;Não_acidente;0-Nao_Acidente
842;293.00;43028;6;0.3700;3;1;7;414;4;284.5;300.0;15.5;1;5;15.34;0;7.0232;3.7727;-0.0048;0.0153;460233.2006;30742.2130;0.3962;0.0668;0.0001;63074341.2800;34292.4238;11801.6976;11801.6976;0.3701;0.0102;3502.3559;6890.2610;0.9969;11.3289;66.7947;0.0119;-15.2012;-48.7018;Não_acidente;Não_acidente;0-Nao_Acidente
843;354.00;43089;2;0.7500;1;0;7;60;4;464.3;465.2;0.9;1;1;0.91;0;4.5270;1.0015;-0.0017;0.0033;27275.0658;1878.3377;0.3690;0.0689;0.0004;429332.8300;2636.3372;587.9557;587.9557;0.6719;0.5848;237.9184;455.8680;0.9582;2.8434;59.8311;0.8155;-17.8870;-51.6528;Não_acidente;Não_acidente;0-Nao_Acidente
844;161.00;43261;7;0.5600;3;1;5;352;4;103.9;118.8;14.9;2;6;14.36;0;10.0547;4.8351;-0.0083;0.0158;430747.0915;28782.5668;0.3957;0.0668;0.0001;67010413.4300;34006.2259;6206.7691;6206.7691;-0.4986;0.0190;2815.6604;6380.9868;0.9966;10.9637;67.5048;0.0184;-17.2940;-48.5223;Não_acidente;Não_acidente;0-Nao_Acidente
845;301.00;43401;7;0.2000;2;0;0;153;4;675.5;696.7;21.2;1;1;21.14;0;4.2415;1.8037;-0.0003;0.0055;633835.9377;42315.7689;0.3987;0.0668;0.0001;151943208.7000;54629.9236;19538.2611;19538.2611;0.3705;0.0237;5421.5957;10532.4382;0.9982;13.2878;60.1794;0.0283;-18.2869;-49.2397;Não_acidente;Não_acidente;0-Nao_Acidente
846;242.00;42977;5;0.2500;1;1;7;70;4;290.1;316.5;26.4;1;5;26.47;1;5.2652;2.4718;0.0005;0.0069;793951.5722;52990.2455;0.4004;0.0667;0.0001;175239324.1000;64462.8771;6924.5777;6924.5777;0.2702;0.0233;7300.2245;13108.8908;0.9985;14.8675;60.5659;0.0283;-15.8160;-50.6155;Não_acidente;Não_acidente;0-Nao_Acidente
847;283.00;43018;3;0.9300;3;0;3;154;4;0.0;9.0;9.0;1;5;9.30;1;4.1352;1.7371;0.0015;0.0065;279234.5643;18675.6258;0.3922;0.0669;0.0001;33323994.1900;24584.9757;4036.1917;4036.1917;0.4474;0.0314;2349.5765;4602.6188;0.9958;8.8355;60.6686;0.0379;-18.3650;-49.2394;Não_acidente;Não_acidente;0-Nao_Acidente
848;101.00;42836;4;0.0300;1;1;5;352;4;103.9;118.8;14.9;2;6;14.36;0;10.0547;4.8351;-0.0083;0.0158;430747.0915;28782.5668;0.3957;0.0668;0.0001;67010413.4300;34006.2259;6206.7691;6206.7691;-0.4986;0.0190;2815.6604;6380.9868;0.9966;10.9637;67.5048;0.0184;-17.2911;-48.5593;Não_acidente;Não_acidente;0-Nao_Acidente
849;278.00;43013;1;0.4900;2;0;7;60;4;473.1;478.3;5.2;1;1;5.25;1;9.8282;4.9922;-0.0029;0.0137;157599.0832;10566.6344;0.3871;0.0670;0.0002;3735292.7350;11445.6819;751.3412;751.3412;-0.0317;0.0400;1298.0732;2516.0479;0.9921;6.6543;62.6376;0.0483;-17.9174;-51.7218;Não_acidente;Não_acidente;0-Nao_Acidente
850;318.00;43418;7;0.6000;1;1;2;352;4;28.0;45.3;17.3;2;6;16.62;0;6.3355;3.4085;-0.0010;0.0089;498746.5307;33309.7688;0.3969;0.0668;0.0001;99795834.6200;42665.3874;14404.6781;14404.6781;-1.0989;0.0188;3314.6503;8063.2805;0.9976;11.7916;61.8540;0.0227;-16.9181;-48.9776;Não_acidente;Não_acidente;0-Nao_Acidente
851;178.00;42913;6;0.5400;3;0;6;153;4;323.1;358.2;35.1;1;5;35.45;0;7.6328;4.3067;0.0003;0.0126;1063577.8870;70965.3629;0.4025;0.0667;0.0001;536800012.8000;95031.3004;29014.6531;29014.6531;-0.9897;0.0147;9490.5111;17240.7195;0.9989;17.2029;61.6899;0.0173;-15.5621;-49.4217;Não_acidente;Não_acidente;0-Nao_Acidente
852;37.00;42772;3;0.3900;1;1;3;30;4;185.7;249.5;63.8;2;6;61.06;0;6.5314;3.1616;0.0020;0.0105;1831800.9830;122177.7437;0.4061;0.0667;0.0000;535541246.6000;118239.5568;11168.4291;11168.4291;-0.1279;0.0048;13954.4737;24188.2553;0.9990;22.5680;75.7310;0.0047;-14.4897;-46.0987;Não_acidente;Não_acidente;0-Nao_Acidente
853;189.00;42924;7;0.5700;4;0;5;251;4;103.5;137.5;34.0;2;6;34.31;0;14.0050;10.5984;0.0001;0.0222;1029192.2420;68672.8158;0.4022;0.0667;0.0001;215711001.6000;72345.2395;7531.5193;7531.5193;1.5595;0.0043;8101.1497;16060.0875;0.9987;16.9230;64.0839;0.0051;-15.5109;-48.7871;Não_acidente;Não_acidente;0-Nao_Acidente
854;175.00;43275;7;0.1200;3;1;7;80;4;135.0;153.0;18.0;1;5;22.82;0;7.2432;5.2861;-0.0058;0.0145;684679.1002;45708.7533;0.3993;0.0668;0.0001;220147370.0000;59837.8723;16866.9048;16866.9048;0.6235;0.0148;5687.6410;10879.8929;0.9982;13.8101;62.9307;0.0146;-14.8963;-48.9685;Não_acidente;Não_acidente;0-Nao_Acidente
855;321.00;43056;7;0.1300;4;0;3;251;4;235.9;237.2;1.3;2;6;0.72;1;9.0127;2.5140;-0.0116;0.0152;21702.1063;1506.8051;0.3664;0.0694;0.0005;268216.3436;2090.2927;452.8137;452.8137;-0.9281;0.4977;218.9391;363.1502;0.9476;2.5571;59.7607;0.6086;-15.3101;-49.5900;Não_acidente;Não_acidente;0-Nao_Acidente
856;268.00;43003;2;0.1200;3;1;3;60;2;8.0;21.5;13.5;2;6;11.51;1;6.1034;3.1904;-0.0013;0.0092;345409.4904;23087.2994;0.3939;0.0668;0.0001;36734135.7500;28132.0550;3465.2208;3465.2208;0.2976;0.0189;3245.0796;5650.9061;0.9966;9.8208;61.1246;0.0228;-16.5878;-49.2921;Não_acidente;Não_acidente;0-Nao_Acidente
857;233.00;43333;6;0.4700;4;0;6;352;4;162.9;197.1;34.2;2;6;32.56;0;6.7370;2.9123;0.0011;0.0089;976624.3988;65168.2315;0.4019;0.0667;0.0001;184064812.4000;71116.9877;29269.9740;29269.9740;-1.3970;0.0120;9326.7869;15186.0531;0.9987;16.4859;64.3106;0.0130;-17.5543;-48.1849;Não_acidente;Não_acidente;0-Nao_Acidente
858;115.00;43215;4;0.6000;3;1;1;10;4;31.6;37.8;6.2;2;6;6.53;0;2.9086;1.0334;0.0003;0.0039;195937.5545;13122.5036;0.3891;0.0670;0.0002;10429293.4800;15831.4607;6245.9655;6245.9655;0.2351;0.0733;2685.4233;3262.0106;0.9941;7.4114;60.0665;0.0883;-15.1809;-47.5868;Não_acidente;Não_acidente;0-Nao_Acidente
859;82.00;42817;4;0.6600;1;0;2;364;4;299.2;310.2;11.0;1;5;8.79;0;5.2959;2.4918;0.0018;0.0074;263817.4341;17649.3503;0.3917;0.0669;0.0001;23314134.0600;21544.1244;7772.4923;7772.4923;0.3718;0.0242;2336.8543;4212.7982;0.9953;8.5905;62.6229;0.0292;-17.5491;-52.5285;Não_acidente;Não_acidente;0-Nao_Acidente
860;11.00;43111;7;0.8900;3;1;0;80;4;181.3;191.6;10.3;1;5;11.64;1;6.6637;3.2014;-0.0016;0.0101;349278.5087;23345.2378;0.3940;0.0668;0.0001;24638356.1500;26861.3122;11238.2999;11238.2999;-0.1664;0.0231;2907.0121;5748.3440;0.9966;9.8753;60.7616;0.0273;-14.5649;-49.1562;Não_acidente;Não_acidente;0-Nao_Acidente
861;98.00;42833;7;0.4600;3;0;6;483;4;241.2;281.9;40.7;2;6;41.02;0;5.3704;2.5663;0.0008;0.0078;1230941.3550;82122.7452;0.4035;0.0667;0.0001;402697908.4000;87520.1756;13160.0432;13160.0432;0.3423;0.0056;7701.8609;17892.8096;0.9988;18.5048;68.7953;0.0057;-19.2368;-50.9488;Não_acidente;Não_acidente;0-Nao_Acidente