FID;data_conse;data_inver;dia_semana;horario;fase_dia;sentido_vi;condicao_m;vl_br;nm_tipo_tr;vl_km_inic;vl_km_fina;vl_extensa;ds_superfi;ds_legenda;Dist_km;TIPO;S_med;S_sd;CV_med;CV_sd;P_AREA;P_PERIM;P_FRACDIM;P_PERARAT;P_COMPAC;PBOX_AREA;PBOX_PERIM;PBOX_LEN;PBOX_WIDTH;POL_ANGLE;PELLIP_FIT;PGYRATIUS;POLRADIUS;PCIRCLE;PSAHPEIDX;PDENSITY;PRECTFIT;Lat;Long;causa_acid;tipo_acide;Acidente
862;160.00;42895;6;0.0100;3;1;1;153;4;675.5;696.7;21.2;1;1;21.14;0;4.2415;1.8037;-0.0003;0.0055;633835.9377;42315.7689;0.3987;0.0668;0.0001;151943208.7000;54629.9236;19538.2611;19538.2611;0.3705;0.0237;5421.5957;10532.4382;0.9982;13.2878;60.1794;0.0283;-18.3226;-49.2281;Não_acidente;Não_acidente;0-Nao_Acidente
863;10.00;42745;4;0.0500;2;0;3;251;4;445.4;453.4;8.0;2;6;8.49;0;2.6396;1.4220;0.0003;0.0045;254814.6952;17047.3434;0.3914;0.0669;0.0001;32224848.6700;23229.0210;4582.7697;4582.7697;-0.6028;0.0576;2382.2522;4196.1091;0.9954;8.4428;60.7264;0.0671;-14.9555;-51.0337;Não_acidente;Não_acidente;0-Nao_Acidente
864;157.00;42892;5;0.6400;3;1;1;483;4;138.0;202.8;64.8;2;6;64.86;0;4.9323;2.4477;0.0002;0.0069;1944909.5260;129720.6319;0.4065;0.0667;0.0000;1370015963.0000;157428.5840;52735.0748;52735.0748;-0.4797;0.0035;22151.0882;29456.9000;0.9993;23.2541;66.0256;0.0036;-18.9192;-50.6602;Não_acidente;Não_acidente;0-Nao_Acidente
865;78.00;42813;6;0.7300;1;0;6;20;4;185.7;214.7;29.0;1;5;29.40;0;6.7272;2.9612;0.0000;0.0094;881872.0819;58851.4724;0.4011;0.0667;0.0001;267467897.2000;68435.1754;22133.0282;22133.0282;-0.4769;0.0049;6229.0690;13160.0825;0.9984;15.6673;67.0111;0.0059;-14.4181;-46.4549;Não_acidente;Não_acidente;0-Nao_Acidente
866;334.00;43434;6;0.5000;4;1;6;364;4;62.6;89.6;27.0;1;5;26.30;0;5.4860;2.1758;-0.0004;0.0066;788683.6271;52638.9074;0.4003;0.0667;0.0001;264640062.1000;68820.6206;22806.6997;22806.6997;-1.0898;0.0099;6818.1066;12865.0727;0.9985;14.8182;61.3042;0.0120;-18.5450;-51.0540;Não_acidente;Não_acidente;0-Nao_Acidente
867;41.00;42776;4;0.3500;1;0;7;70;4;473.4;475.6;2.2;1;1;2.15;1;3.4032;1.1823;0.0001;0.0046;64619.6730;4367.9782;0.3784;0.0676;0.0003;388183.8173;4661.0568;180.5527;180.5527;-0.0707;0.5737;528.1903;1077.2935;0.9823;4.2957;59.9833;0.7940;-15.8968;-52.2388;Não_acidente;Não_acidente;0-Nao_Acidente
868;236.00;43336;7;0.5000;1;1;7;251;4;166.7;174.1;7.4;2;6;5.50;1;4.7005;2.0570;0.0000;0.0066;164988.3445;11059.2197;0.3875;0.0670;0.0002;5024837.8290;8986.3642;2097.1471;2097.1471;1.4929;0.0284;1144.1341;1724.5312;0.9823;6.8067;95.6714;0.0329;-15.3345;-49.1084;Não_acidente;Não_acidente;0-Nao_Acidente
869;8.00;42743;7;0.5100;2;0;0;364;4;16.0;22.0;6.0;1;5;5.66;0;6.1381;2.7065;-0.0009;0.0068;169807.7053;11380.5138;0.3878;0.0670;0.0002;16187513.3900;16093.5069;4030.2216;4030.2216;-0.7874;0.6024;1420.4790;2830.1584;0.9933;6.9044;59.9994;0.8354;-18.9218;-50.6579;Não_acidente;Não_acidente;0-Nao_Acidente
870;216.00;43316;2;0.0900;4;1;0;50;4;311.7;314.2;2.5;1;5;2.23;0;10.5925;5.3152;-0.0004;0.0109;66802.4365;4512.0310;0.3787;0.0675;0.0003;2184814.1970;5914.3863;1440.7329;1440.7329;0.8296;0.1348;593.3037;1047.0421;0.9806;4.3643;63.8011;0.1413;-18.4157;-48.0800;Não_acidente;Não_acidente;0-Nao_Acidente
871;202.00;42937;3;0.5200;2;0;0;10;4;66.4;92.5;26.1;2;6;25.65;0;7.2486;3.3964;-0.0063;0.0113;769395.0230;51353.0017;0.4001;0.0667;0.0001;171018209.2000;61428.5372;23408.4301;23408.4301;-0.2664;0.0126;6934.7463;12546.9327;0.9984;14.6363;61.3214;0.0148;-14.8384;-47.5701;Não_acidente;Não_acidente;0-Nao_Acidente
872;200.00;43300;4;0.4200;1;1;6;153;4;513.1;515.8;2.7;1;1;2.78;1;5.0132;3.0427;0.0034;0.0068;83277.8816;5611.8588;0.3810;0.0674;0.0002;1373135.8790;6475.0083;2735.5432;2735.5432;1.3922;0.3129;670.4983;1387.3482;0.9862;4.8616;60.0267;0.3780;-16.8283;-49.2425;Não_acidente;Não_acidente;0-Nao_Acidente
873;41.00;42776;4;0.3100;1;0;7;70;4;67.3;98.8;31.5;0;4;31.51;0;10.3386;7.6502;-0.0082;0.0178;945121.2977;63072.0812;0.4016;0.0667;0.0001;61636447.0900;63321.5421;2083.9438;2083.9438;-0.0417;0.0202;5487.8726;14838.5199;0.9986;16.2193;63.6938;0.0198;-15.7801;-48.8521;Não_acidente;Não_acidente;0-Nao_Acidente
874;46.00;42781;2;0.8100;3;1;2;70;4;98.8;129.0;30.2;0;4;27.41;0;7.9306;4.3819;-0.0015;0.0108;822194.6974;54873.0621;0.4006;0.0667;0.0001;149142480.8000;60921.1451;6129.7841;6129.7841;-1.3497;0.0086;6459.8584;12616.3779;0.9984;15.1291;65.1688;0.0100;-15.8220;-49.1794;Não_acidente;Não_acidente;0-Nao_Acidente
875;30.00;42765;1;0.6200;4;0;7;153;4;361.0;371.1;10.1;1;5;9.53;0;7.2575;3.2256;-0.0039;0.0104;285999.2307;19126.6409;0.3924;0.0669;0.0001;34359366.7800;25101.5580;8516.1810;8516.1810;-1.1335;0.0329;2538.2112;4717.5699;0.9959;8.9412;60.6243;0.0398;-15.7861;-49.3032;Não_acidente;Não_acidente;0-Nao_Acidente
876;142.00;43242;2;0.1600;4;1;5;60;2;66.4;71.9;5.5;2;6;5.41;1;8.6521;4.1024;0.0005;0.0141;162314.9471;10880.9964;0.3874;0.0670;0.0002;6514820.6670;13008.3262;5267.3269;5267.3269;-0.2328;0.1400;1954.9238;2704.4627;0.9929;6.7520;60.0174;0.1688;-16.6872;-49.1540;Não_acidente;Não_acidente;0-Nao_Acidente
877;353.00;43088;3;0.1200;4;0;7;457;4;61.4;74.4;13.0;2;6;14.63;0;7.8254;3.8759;0.0150;0.0126;438897.8564;29319.8488;0.3959;0.0668;0.0001;66419166.6400;33055.7820;9632.7511;9632.7511;-0.9822;0.0146;3319.5130;6006.7051;0.9961;11.0642;73.0680;0.0150;-16.9840;-47.9951;Não_acidente;Não_acidente;0-Nao_Acidente
878;314.00;43414;2;0.8000;3;1;2;60;4;60.4;61.8;1.4;1;1;1.31;1;7.6465;5.5458;0.0216;0.0237;39195.2164;2673.0144;0.3730;0.0682;0.0003;381892.9789;3106.1163;306.3116;306.3116;1.4105;0.1318;298.7821;644.7479;0.9700;3.3754;60.7915;0.1558;-16.1913;-48.7087;Não_acidente;Não_acidente;0-Nao_Acidente
879;28.00;42763;4;0.7000;3;0;7;158;4;154.0;157.0;3.0;1;5;2.81;0;6.8790;2.1786;-0.0014;0.0078;84365.1258;5685.3902;0.3811;0.0674;0.0002;1473336.4030;6440.1121;2667.7869;2667.7869;1.4144;0.0737;683.4815;1395.2935;0.9862;4.8935;60.4641;0.0885;-16.9472;-51.8246;Não_acidente;Não_acidente;0-Nao_Acidente
880;227.00;43327;3;0.3300;1;1;2;154;4;9.0;15.5;6.5;1;5;6.25;1;7.0213;3.1553;0.0050;0.0105;187629.3488;12568.6233;0.3887;0.0670;0.0002;11600910.3100;15125.9059;2138.7184;2138.7184;1.2684;0.0227;1664.3361;2963.8427;0.9932;7.2540;63.3061;0.0272;-18.3992;-49.3032;Não_acidente;Não_acidente;0-Nao_Acidente
881;148.00;42883;6;0.3100;2;0;0;80;4;282.3;306.4;24.1;0;3;27.06;0;3.4478;1.7619;0.0007;0.0055;811814.7559;54180.9837;0.4005;0.0667;0.0001;366554306.7000;76590.1160;19418.7481;19418.7481;-0.8029;0.0972;5858.9775;13527.9167;0.9986;15.0334;60.0103;0.1111;-13.7765;-49.8533;Não_acidente;Não_acidente;0-Nao_Acidente
882;352.00;43452;2;0.4700;2;1;5;60;4;252.7;304.4;51.7;1;1;52.08;0;3.7630;2.0663;-0.0009;0.0055;1562350.4010;104216.8948;0.4051;0.0667;0.0001;1171983546.0000;139406.6711;28320.5728;28320.5728;-0.9647;0.0063;13478.0451;25123.4416;0.9992;20.8444;62.1870;0.0073;-17.2178;-50.1778;Não_acidente;Não_acidente;0-Nao_Acidente
883;48.00;43148;6;0.1200;4;0;3;364;4;235.5;259.4;23.9;1;5;23.82;0;3.8211;1.8211;0.0009;0.0080;714657.0542;47703.8033;0.3996;0.0668;0.0001;260300172.2000;65104.3026;14128.8760;14128.8760;-0.6728;0.0202;5606.7369;11706.0623;0.9983;14.1073;61.0502;0.0233;-17.6919;-52.1968;Não_acidente;Não_acidente;0-Nao_Acidente
884;149.00;43249;4;0.9600;2;1;1;414;4;300.0;317.0;17.0;1;5;17.79;0;3.6645;1.8476;-0.0004;0.0056;533703.2886;35640.2186;0.3974;0.0668;0.0001;93341812.2900;44372.6365;16544.4312;16544.4312;-1.2187;0.0243;4005.4942;8794.6430;0.9978;12.1964;60.6850;0.0257;-15.2371;-48.6922;Não_acidente;Não_acidente;0-Nao_Acidente
885;321.00;43056;6;0.5000;2;0;1;352;4;239.4;254.6;15.2;2;6;18.34;0;6.3702;2.6078;0.0013;0.0085;549851.3747;36714.3754;0.3976;0.0668;0.0001;90670114.5100;43872.8023;16411.6654;16411.6654;-1.2129;0.0182;5374.3052;8705.8065;0.9977;12.3781;63.1592;0.0202;-18.0339;-47.9922;Não_acidente;Não_acidente;0-Nao_Acidente
886;27.00;42762;4;0.4800;1;1;6;153;4;361.0;371.1;10.1;1;5;9.53;0;7.2575;3.2256;-0.0039;0.0104;285999.2307;19126.6409;0.3924;0.0669;0.0001;34359366.7800;25101.5580;8516.1810;8516.1810;-1.1335;0.0329;2538.2112;4717.5699;0.9959;8.9412;60.6243;0.0398;-15.7736;-49.3070;Não_acidente;Não_acidente;0-Nao_Acidente
887;255.00;43355;2;0.5100;2;0;1;452;4;139.1;181.1;42.0;1;5;42.03;0;5.7049;2.9849;-0.0006;0.0075;1261334.7330;84148.9500;0.4036;0.0667;0.0001;587678862.5000;106819.6690;15503.4110;15503.4110;-0.3590;0.0132;10338.2668;20551.0013;0.9990;18.7315;61.3758;0.0137;-18.3802;-49.3483;Não_acidente;Não_acidente;0-Nao_Acidente
888;176.00;43276;3;0.9100;1;1;6;50;4;95.7;106.7;11.0;1;5;10.60;0;4.5388;1.4948;0.0031;0.0044;317853.8229;21250.2536;0.3932;0.0669;0.0001;55655353.8600;29841.2573;7429.7188;7429.7188;0.7724;0.0829;3025.8634;5273.4166;0.9964;9.4230;60.2747;0.0933;-16.8041;-47.6559;Não_acidente;Não_acidente;0-Nao_Acidente
889;36.00;43136;1;0.0600;2;0;7;10;4;94.1;105.5;11.4;2;6;10.62;0;5.5334;1.9796;-0.0006;0.0054;318452.7942;21290.1865;0.3933;0.0669;0.0001;29585285.3400;25712.8992;9854.1245;9854.1245;1.2616;0.0425;2483.3275;5174.0868;0.9962;9.4319;61.5476;0.0388;-14.6205;-47.4999;Não_acidente;Não_acidente;0-Nao_Acidente
890;210.00;42945;5;0.2700;4;1;3;490;4;125.1;133.2;8.1;2;6;8.12;0;5.6355;2.9014;0.0029;0.0074;243743.2260;16309.5478;0.3910;0.0669;0.0001;15705476.9300;19306.5955;2071.4606;2071.4606;0.2448;0.0482;2312.6556;4003.3787;0.9952;8.2588;60.8844;0.0581;-17.6999;-48.7265;Não_acidente;Não_acidente;0-Nao_Acidente
891;225.00;42960;4;0.3500;2;0;4;364;4;174.8;192.7;17.9;1;5;19.10;0;9.2279;4.8478;-0.0014;0.0105;572980.8374;38258.9433;0.3979;0.0668;0.0001;112620257.6000;43120.9751;8884.6177;8884.6177;-0.5761;0.0181;4193.7866;8008.9463;0.9972;12.6358;71.5426;0.0200;-17.9715;-51.6059;Não_acidente;Não_acidente;0-Nao_Acidente
892;82.00;43182;1;0.9100;4;1;7;158;4;119.9;151.9;32.0;1;5;41.42;0;5.3772;2.9977;0.0000;0.0079;1242712.1260;82907.4732;0.4035;0.0667;0.0001;456437135.7000;96373.2171;35231.0857;35231.0857;1.2800;0.0041;10110.1648;19197.9352;0.9989;18.5930;64.7316;0.0049;-16.8564;-51.7817;Não_acidente;Não_acidente;0-Nao_Acidente
893;66.00;43166;6;0.8200;3;0;1;457;4;179.2;189.7;10.5;2;6;10.72;0;4.4056;1.7332;0.0015;0.0045;321550.6671;21496.6394;0.3933;0.0669;0.0001;47207492.4100;27502.1028;6619.8672;6619.8672;0.7721;0.0265;3178.2014;4921.2166;0.9958;9.4773;65.3397;0.0256;-16.6454;-48.7177;Não_acidente;Não_acidente;0-Nao_Acidente
894;289.00;43024;7;0.5300;3;1;5;364;4;16.0;22.0;6.0;1;5;5.66;0;6.1381;2.7065;-0.0009;0.0068;169807.7053;11380.5138;0.3878;0.0670;0.0002;16187513.3900;16093.5069;4030.2216;4030.2216;-0.7874;0.6024;1420.4790;2830.1584;0.9933;6.9044;59.9994;0.8354;-18.9384;-50.6408;Não_acidente;Não_acidente;0-Nao_Acidente
895;64.00;43164;2;0.6500;3;0;5;483;4;281.9;283.4;1.5;2;6;1.60;0;4.6207;1.0764;0.0006;0.0072;47858.7642;3250.5836;0.3752;0.0679;0.0003;844026.5152;3918.4151;1319.5994;1319.5994;1.1713;0.0869;349.6426;763.3738;0.9739;3.7147;62.6937;0.1024;-19.2981;-51.0873;Não_acidente;Não_acidente;0-Nao_Acidente
896;232.00;43332;5;0.1000;2;1;2;153;4;513.1;515.8;2.7;1;1;2.78;1;5.0132;3.0427;0.0034;0.0068;83277.8816;5611.8588;0.3810;0.0674;0.0002;1373135.8790;6475.0083;2735.5432;2735.5432;1.3922;0.3129;670.4983;1387.3482;0.9862;4.8616;60.0267;0.3780;-16.8160;-49.2400;Não_acidente;Não_acidente;0-Nao_Acidente
897;277.00;43012;6;0.6600;1;0;3;364;4;174.8;192.7;17.9;1;5;19.10;0;9.2279;4.8478;-0.0014;0.0105;572980.8374;38258.9433;0.3979;0.0668;0.0001;112620257.6000;43120.9751;8884.6177;8884.6177;-0.5761;0.0181;4193.7866;8008.9463;0.9972;12.6358;71.5426;0.0200;-17.9915;-51.5812;Não_acidente;Não_acidente;0-Nao_Acidente
898;250.00;43350;7;0.4900;3;1;3;70;4;65.5;67.3;1.8;1;5;4.69;1;4.6506;2.0845;-0.0013;0.0076;140574.4790;9431.6399;0.3860;0.0671;0.0002;9720720.1280;12889.0449;4036.0470;4036.0470;1.0465;0.1501;1339.0928;2341.9428;0.9918;6.2889;60.0247;0.1810;-15.7737;-48.7632;Não_acidente;Não_acidente;0-Nao_Acidente
899;362.00;43097;6;0.8200;1;0;6;70;4;472.1;473.4;1.3;1;5;1.28;1;5.7380;1.8411;-0.0023;0.0097;38394.2619;2621.5963;0.3729;0.0683;0.0003;142797.5730;2778.7307;111.7706;111.7706;-0.0615;0.4969;356.6841;640.0847;0.9702;3.3448;59.9831;0.6327;-15.8982;-52.2219;Não_acidente;Não_acidente;0-Nao_Acidente
900;203.00;42938;5;0.7000;1;1;7;158;4;263.3;269.4;6.1;1;1;6.27;0;4.7811;2.0246;0.0004;0.0061;188013.4225;12594.2280;0.3887;0.0670;0.0002;15682491.2200;16296.9548;3116.6742;3116.6742;1.0639;0.0322;1649.5444;3066.1185;0.9936;7.2613;61.3197;0.0388;-17.8371;-51.7617;Não_acidente;Não_acidente;0-Nao_Acidente
901;61.00;43161;2;0.9400;1;0;3;153;4;490.4;496.8;6.4;1;1;4.79;1;5.2686;2.2202;-0.0008;0.0059;143601.8445;9633.5844;0.3862;0.0671;0.0002;6887480.8390;11810.4171;4305.5238;4305.5238;1.2293;0.0349;1184.6305;2316.8389;0.9915;6.3555;61.9818;0.0420;-16.6204;-49.2063;Não_acidente;Não_acidente;0-Nao_Acidente
902;70.00;42805;6;0.9400;2;1;0;60;4;387.9;393.1;5.2;1;1;5.38;0;4.8521;2.1528;-0.0015;0.0068;161399.2511;10819.9544;0.3873;0.0670;0.0002;2749602.4430;11606.4397;520.4888;520.4888;-1.5684;0.0503;1526.5450;2657.2414;0.9927;6.7331;60.7394;0.0606;-17.8223;-51.0008;Não_acidente;Não_acidente;0-Nao_Acidente
903;356.00;43091;3;0.4600;2;0;4;70;4;194.5;196.4;1.9;2;6;1.65;1;7.1949;2.2966;0.0037;0.0079;49619.6801;3367.9787;0.3756;0.0679;0.0003;509112.6027;3850.1790;316.4954;316.4954;-0.1557;0.1375;429.3735;817.5512;0.9764;3.7799;60.6931;0.1650;-16.0211;-49.8240;Não_acidente;Não_acidente;0-Nao_Acidente
904;247.00;43347;2;0.7600;3;1;3;457;4;93.4;149.4;56.0;2;6;45.61;0;6.6319;4.6538;0.0020;0.0107;1368197.7440;91273.1219;0.4042;0.0667;0.0001;119851212.2000;91842.8325;2777.9703;2777.9703;-0.0280;0.0121;11042.6103;21696.2836;0.9991;19.5078;63.0614;0.0140;-16.7977;-48.0890;Não_acidente;Não_acidente;0-Nao_Acidente
905;291.00;43391;3;0.3400;2;0;1;20;4;105.3;143.3;38.0;1;5;36.87;0;3.2020;1.5534;0.0002;0.0048;1106256.6240;73810.3206;0.4027;0.0667;0.0001;527434870.6000;95948.3016;17062.8487;17062.8487;-1.1042;0.0054;9546.6314;18120.2278;0.9989;17.5440;61.0509;0.0066;-14.8849;-46.8654;Não_acidente;Não_acidente;0-Nao_Acidente
906;92.00;43192;3;0.8200;4;1;7;80;3;0.0;7.7;7.7;2;6;7.04;0;5.5849;2.6117;0.0024;0.0081;211264.4330;14144.2882;0.3897;0.0670;0.0001;17834109.1900;17537.1777;5562.3982;5562.3982;0.4856;0.0200;2200.9386;3362.5744;0.9941;7.6932;62.8282;0.0241;-15.1652;-48.3119;Não_acidente;Não_acidente;0-Nao_Acidente
907;15.00;42750;5;0.0200;1;0;5;251;4;230.8;235.9;5.1;2;6;2.59;1;8.4533;2.5711;0.0024;0.0082;77516.7285;5226.6239;0.3802;0.0674;0.0002;2124807.8100;6249.9655;999.8445;999.8445;1.1415;0.0605;636.8165;1188.6954;0.9825;4.6931;65.2116;0.0725;-15.3192;-49.5746;Não_acidente;Não_acidente;0-Nao_Acidente
908;283.00;43018;5;0.9100;2;1;1;153;4;531.3;533.3;2.0;1;1;1.03;1;5.7441;2.1249;-0.0015;0.0079;30818.5759;2114.5717;0.3704;0.0686;0.0004;513431.3787;2921.2839;871.5206;871.5206;0.5902;0.4577;269.7319;513.1709;0.9627;3.0113;60.0552;0.5556;-16.9647;-49.2353;Não_acidente;Não_acidente;0-Nao_Acidente
909;222.00;42957;4;0.6600;4;0;0;364;4;174.8;192.7;17.9;1;5;19.10;0;9.2279;4.8478;-0.0014;0.0105;572980.8374;38258.9433;0.3979;0.0668;0.0001;112620257.6000;43120.9751;8884.6177;8884.6177;-0.5761;0.0181;4193.7866;8008.9463;0.9972;12.6358;71.5426;0.0200;-17.9214;-51.6911;Não_acidente;Não_acidente;0-Nao_Acidente
910;300.00;43400;1;0.5800;3;1;6;490;4;63.3;99.1;35.8;2;6;34.98;0;8.6079;6.4857;-0.0056;0.0149;1049475.7850;70025.0307;0.4024;0.0667;0.0001;233974657.9000;73333.3765;8227.0664;8227.0664;-1.5458;0.0039;8625.3634;15534.9831;0.9986;17.0886;67.5556;0.0046;-17.7622;-48.3764;Não_acidente;Não_acidente;0-Nao_Acidente
911;41.00;42776;1;0.3700;2;0;1;251;4;139.5;166.7;27.2;2;6;27.95;0;5.3881;2.6448;-0.0003;0.0075;838397.2649;55953.1495;0.4008;0.0667;0.0001;306388123.1000;72842.3150;13186.9292;13186.9292;-0.5193;0.0138;6464.6762;13465.3303;0.9985;15.2771;62.2634;0.0180;-15.3510;-49.0495;Não_acidente;Não_acidente;0-Nao_Acidente
912;174.00;42909;1;0.8700;1;1;3;80;4;2.1;46.0;43.9;1;5;43.04;0;5.8165;3.7064;-0.0021;0.0112;1291195.5740;86140.9312;0.4038;0.0667;0.0001;361925451.1000;93449.9274;36922.7218;36922.7218;-1.3643;0.0057;8362.3921;19889.2558;0.9990;18.9519;64.9193;0.0064;-15.2547;-48.2673;Não_acidente;Não_acidente;0-Nao_Acidente
913;48.00;42783;5;0.8700;4;0;1;457;4;228.7;238.9;10.2;2;6;10.18;1;5.3626;2.6628;0.0024;0.0055;305333.0608;20416.7143;0.3929;0.0669;0.0001;36248374.6400;25634.8860;4212.5119;4212.5119;-1.1584;0.0191;2955.9467;4840.9689;0.9959;9.2372;63.0727;0.0219;-16.6344;-49.1356;Não_acidente;Não_acidente;0-Nao_Acidente
914;324.00;43059;5;0.1700;4;1;6;153;4;496.8;501.3;4.5;1;1;6.15;1;8.1779;5.2360;0.0039;0.0082;184363.8059;12350.9005;0.3885;0.0670;0.0002;8880756.8080;14554.9349;5726.7055;5726.7055;1.3570;0.0280;1551.3433;2971.9824;0.9934;7.1912;62.0340;0.0337;-16.6649;-49.2241;Não_acidente;Não_acidente;0-Nao_Acidente
915;171.00;42906;3;0.3400;4;0;4;70;3;0.0;4.0;4.0;2;6;3.93;0;4.7598;1.7217;-0.0005;0.0061;117968.5068;7924.5335;0.3844;0.0672;0.0002;4892710.9540;9232.2228;1648.9577;1648.9577;-1.0021;0.0534;817.2788;1708.2777;0.9871;5.7681;69.0570;0.0506;-15.9147;-52.2132;Não_acidente;Não_acidente;0-Nao_Acidente
916;300.00;43400;4;0.7400;1;1;2;153;4;533.3;555.5;22.2;1;1;24.09;0;7.6587;3.8221;-0.0017;0.0116;722702.9898;48240.0586;0.3997;0.0667;0.0001;56209149.7200;51218.7005;23184.9716;23184.9716;-1.4855;0.0254;5855.9792;11693.5957;0.9983;14.1863;61.8033;0.0262;-17.0531;-49.2268;Não_acidente;Não_acidente;0-Nao_Acidente
917;22.00;42757;3;0.8400;4;0;0;70;3;0.0;4.0;4.0;2;6;3.93;0;4.7598;1.7217;-0.0005;0.0061;117968.5068;7924.5335;0.3844;0.0672;0.0002;4892710.9540;9232.2228;1648.9577;1648.9577;-1.0021;0.0534;817.2788;1708.2777;0.9871;5.7681;69.0570;0.0506;-15.9141;-52.2081;Não_acidente;Não_acidente;0-Nao_Acidente
918;10.00;42745;7;0.6800;3;1;5;60;2;5.0;8.0;3.0;2;6;2.55;1;5.4552;3.4107;0.0005;0.0081;76433.8080;5155.5872;0.3801;0.0675;0.0002;1103979.6220;5907.4679;439.0055;439.0055;1.4018;0.3039;882.9709;1273.7276;0.9850;4.6620;60.0080;0.3668;-16.5873;-49.2621;Não_acidente;Não_acidente;0-Nao_Acidente
919;79.00;42814;4;0.4600;3;0;4;490;4;117.0;125.1;8.1;2;6;8.11;0;5.5853;2.8894;-0.0008;0.0088;243397.4835;16286.4980;0.3910;0.0669;0.0001;16214558.6300;18809.9667;2273.7329;2273.7329;-0.2568;0.0206;2203.4991;3887.9253;0.9949;8.2530;62.6034;0.0242;-17.7150;-48.6766;Não_acidente;Não_acidente;0-Nao_Acidente
920;141.00;42876;3;0.7700;3;1;6;50;4;270.1;280.5;10.4;1;5;10.32;0;5.6586;2.7604;0.0070;0.0110;309648.9968;20703.2676;0.3930;0.0669;0.0001;43260134.5400;26684.5221;7786.4099;7786.4099;-0.5895;0.0165;2554.9680;4878.5092;0.9959;9.3013;63.4721;0.0191;-18.1475;-47.9069;Não_acidente;Não_acidente;0-Nao_Acidente
921;298.00;43398;4;0.9900;1;0;4;490;4;111.7;114.7;3.0;2;6;3.00;1;4.5475;1.3981;-0.0012;0.0038;90121.8517;6068.1234;0.3818;0.0673;0.0002;1980107.7190;7115.9318;690.5563;690.5563;-1.3511;0.0764;783.9970;1478.1609;0.9869;5.0533;60.9689;0.0919;-17.7191;-48.6056;Não_acidente;Não_acidente;0-Nao_Acidente
922;357.00;43457;5;0.8900;1;1;2;154;4;34.1;35.1;1.0;2;6;1.67;1;3.3839;1.6731;0.0004;0.0045;50183.7751;3405.4979;0.3757;0.0679;0.0003;1079607.0730;4266.3263;825.7721;825.7721;0.4900;0.0830;439.0922;794.6934;0.9747;3.8005;63.1486;0.0982;-18.4910;-49.4713;Não_acidente;Não_acidente;0-Nao_Acidente
923;267.00;43367;3;0.0500;2;0;0;153;4;275.6;285.3;9.7;1;5;9.55;0;6.8277;2.4252;0.0006;0.0087;286524.0221;19161.6015;0.3924;0.0669;0.0001;43349915.9900;26371.7459;6934.8363;6934.8363;-0.7515;0.0262;2561.3517;4730.2078;0.9959;8.9493;60.5732;0.0316;-15.1188;-49.4981;Não_acidente;Não_acidente;0-Nao_Acidente
924;127.00;43227;1;0.1800;1;1;1;70;4;67.3;98.8;31.5;0;4;31.51;0;10.3386;7.6502;-0.0082;0.0178;945121.2977;63072.0812;0.4016;0.0667;0.0001;61636447.0900;63321.5421;2083.9438;2083.9438;-0.0417;0.0202;5487.8726;14838.5199;0.9986;16.2193;63.6938;0.0198;-15.7782;-48.9405;Não_acidente;Não_acidente;0-Nao_Acidente
925;67.00;43167;3;0.6800;2;0;0;153;4;421.7;436.9;15.2;1;1;15.01;1;6.7221;2.9513;0.0009;0.0088;450167.0603;30071.1405;0.3961;0.0668;0.0001;103819188.2000;40806.8235;10707.2892;10707.2892;-0.8480;0.0167;3793.1754;7285.4226;0.9973;11.2048;61.7901;0.0188;-16.2777;-48.9644;Não_acidente;Não_acidente;0-Nao_Acidente
926;99.00;42834;2;0.6000;3;1;2;483;4;57.4;91.3;33.9;2;6;33.94;0;3.9952;1.5924;-0.0005;0.0052;1019023.2590;67994.8805;0.4022;0.0667;0.0001;103532894.8000;71671.8455;3169.3870;3169.3870;1.5488;0.0092;11789.4777;16434.0903;0.9988;16.8393;62.0067;0.0111;-18.4982;-49.6925;Não_acidente;Não_acidente;0-Nao_Acidente
927;52.00;42787;1;0.6000;1;0;3;251;4;445.4;453.4;8.0;2;6;8.49;1;2.6396;1.4220;0.0003;0.0045;254814.6952;17047.3434;0.3914;0.0669;0.0001;32224848.6700;23229.0210;4582.7697;4582.7697;-0.6028;0.0576;2382.2522;4196.1091;0.9954;8.4428;60.7264;0.0671;-14.9291;-51.0681;Não_acidente;Não_acidente;0-Nao_Acidente
928;14.00;43114;4;0.0100;1;1;1;158;4;232.0;263.3;31.3;1;5;30.71;0;5.7817;2.7494;0.0002;0.0088;921244.2961;61476.2898;0.4014;0.0667;0.0001;287088303.6000;75880.6586;27501.2163;27501.2163;-1.2235;0.0131;8142.7279;14953.7321;0.9987;16.0125;61.6063;0.0150;-17.6236;-51.8604;Não_acidente;Não_acidente;0-Nao_Acidente
929;355.00;43455;7;0.4000;3;0;2;251;4;75.1;93.0;17.9;2;6;18.44;0;4.9325;2.8579;0.0003;0.0059;553171.0790;36938.0709;0.3977;0.0668;0.0001;162573632.2000;51102.2275;13576.3198;13576.3198;0.8470;0.0182;4722.2852;9099.5183;0.9979;12.4161;60.7912;0.0211;-15.5649;-48.6074;Não_acidente;Não_acidente;0-Nao_Acidente
930;200.00;42935;2;0.8700;1;1;6;60;4;512.8;592.2;79.4;2;6;79.43;0;7.0906;4.1595;-0.0008;0.0115;2383256.9890;158943.7713;0.4078;0.0667;0.0000;1933100711.0000;190171.7278;29453.4414;29453.4414;-1.1514;0.0064;15928.4015;36295.2295;0.9994;25.7394;65.6631;0.0061;-17.8932;-52.3474;Não_acidente;Não_acidente;0-Nao_Acidente
931;212.00;42947;5;0.4700;4;0;4;10;4;105.5;160.9;55.4;2;6;55.35;0;6.4978;3.9597;-0.0019;0.0098;1660055.8860;110730.3933;0.4055;0.0667;0.0001;236554956.4000;111814.8364;51295.8362;51295.8362;0.0214;0.0072;13567.1266;25848.2858;0.9992;21.4855;64.2231;0.0073;-14.5829;-47.4845;Não_acidente;Não_acidente;0-Nao_Acidente