FID;data_conse;data_inver;dia_semana;horario;fase_dia;sentido_vi;condicao_m;vl_br;nm_tipo_tr;vl_km_inic;vl_km_fina;vl_extensa;ds_superfi;ds_legenda;Dist_km;TIPO;S_med;S_sd;CV_med;CV_sd;P_AREA;P_PERIM;P_FRACDIM;P_PERARAT;P_COMPAC;PBOX_AREA;PBOX_PERIM;PBOX_LEN;PBOX_WIDTH;POL_ANGLE;PELLIP_FIT;PGYRATIUS;POLRADIUS;PCIRCLE;PSAHPEIDX;PDENSITY;PRECTFIT;Lat;Long;causa_acid;tipo_acide;Acidente
1002;364.00;43099;2;0.7100;1;1;0;452;4;79.2;83.3;4.1;1;5;4.10;0;4.2342;1.9405;0.0003;0.0064;123168.4172;8271.7064;0.3848;0.0672;0.0002;1866750.4270;8905.4927;468.5373;468.5373;-1.5448;0.0559;962.7552;2034.6094;0.9905;5.8923;60.5366;0.0673;-18.0510;-50.2087;Não_acidente;Não_acidente;0-Nao_Acidente
1003;200.00;43300;1;0.1600;3;0;1;352;4;0.0;4.4;4.4;2;6;4.25;1;5.7920;2.8562;0.0031;0.0075;127505.2729;8560.3504;0.3851;0.0671;0.0002;5125749.8820;10495.5733;1297.5954;1297.5954;-0.2849;0.0734;1542.8001;2078.8479;0.9906;5.9933;61.3346;0.0914;-16.7093;-49.2253;Não_acidente;Não_acidente;0-Nao_Acidente
1004;279.00;43014;1;0.0700;3;1;4;352;4;239.4;254.6;15.2;2;6;18.34;1;6.3702;2.6078;0.0013;0.0085;549851.3747;36714.3754;0.3976;0.0668;0.0001;90670114.5100;43872.8023;16411.6654;16411.6654;-1.2129;0.0182;5374.3052;8705.8065;0.9977;12.3781;63.1592;0.0202;-18.1634;-47.9404;Não_acidente;Não_acidente;0-Nao_Acidente
1005;63.00;43163;1;0.5900;3;0;4;158;4;186.9;203.1;16.2;1;5;17.25;0;7.3596;4.4008;0.0045;0.0121;517579.0081;34565.9089;0.3972;0.0668;0.0001;36763869.1100;36060.0041;15686.3108;15686.3108;-1.4750;0.0179;4004.9081;7958.9976;0.9974;12.0116;65.0307;0.0165;-17.2147;-51.8902;Não_acidente;Não_acidente;0-Nao_Acidente
1006;28.00;42763;2;0.5700;3;1;6;490;4;166.7;171.5;4.8;2;6;4.77;1;4.5309;1.7444;-0.0002;0.0052;143107.6713;9600.3979;0.3862;0.0671;0.0002;5038470.8520;11193.8624;1127.2568;1127.2568;0.2270;0.0493;1632.6230;2308.8690;0.9915;6.3445;61.9817;0.0573;-17.7381;-49.1124;Não_acidente;Não_acidente;0-Nao_Acidente
1007;213.00;43313;5;0.2300;1;0;2;154;4;35.1;39.1;4.0;2;6;3.93;1;3.1443;1.3492;-0.0008;0.0048;118048.2372;7929.8825;0.3844;0.0672;0.0002;5307688.1440;10063.7615;1504.8678;1504.8678;1.1928;0.0536;933.5043;1932.4248;0.9899;5.7700;61.0881;0.0645;-18.4821;-49.4917;Não_acidente;Não_acidente;0-Nao_Acidente
1008;97.00;42832;2;0.4100;3;1;2;70;4;0.0;4.0;4.0;1;1;5.30;1;8.5078;4.8424;-0.0042;0.0108;158945.6262;10656.3751;0.3872;0.0670;0.0002;9340310.2860;12239.0755;3207.6719;3207.6719;-0.8241;0.0216;1214.6194;2295.3066;0.9904;6.6823;69.2481;0.0261;-15.7631;-48.2328;Não_acidente;Não_acidente;0-Nao_Acidente
1009;28.00;42763;6;0.8000;1;0;1;40;4;24.1;95.7;71.6;1;5;70.82;0;5.9605;4.0446;0.0062;0.0132;2124722.4680;141708.2175;0.4071;0.0667;0.0000;1757213738.0000;174931.1231;56196.4229;56196.4229;-1.1043;0.0036;17117.7420;32383.0929;0.9994;24.3043;65.6121;0.0040;-16.7288;-47.6313;Não_acidente;Não_acidente;0-Nao_Acidente
1010;29.00;43129;1;0.7600;4;1;3;60;4;0.0;4.8;4.8;1;1;4.87;0;14.7598;7.1262;0.0047;0.0177;146130.1025;9801.9938;0.3864;0.0671;0.0002;8037121.5180;12312.2340;4276.9424;4276.9424;1.1694;0.0719;1345.4987;2368.8716;0.9917;6.4104;61.6876;0.0865;-16.0897;-48.2741;Não_acidente;Não_acidente;0-Nao_Acidente
1011;347.00;43082;4;0.5700;3;0;1;352;4;197.1;239.4;42.3;2;6;43.71;0;8.2289;3.3171;0.0031;0.0139;1311018.0440;87458.2032;0.4039;0.0667;0.0001;615897188.7000;103942.1033;33689.4446;33689.4446;-1.1045;0.0067;9942.8550;19322.8264;0.9989;19.0957;67.8482;0.0082;-17.8280;-48.1302;Não_acidente;Não_acidente;0-Nao_Acidente
1012;30.00;43130;2;0.8800;3;1;5;158;4;9.8;39.7;29.9;1;5;30.04;0;3.7112;1.5908;0.0006;0.0054;901294.3420;60146.2899;0.4013;0.0667;0.0001;165154692.1000;67044.1499;27521.0415;27521.0415;-1.4022;0.0098;7450.6892;14174.6875;0.9986;15.8386;63.5848;0.0104;-16.1737;-52.1716;Não_acidente;Não_acidente;0-Nao_Acidente
1013;340.00;43075;5;0.5000;4;0;4;60;4;189.3;210.8;21.5;1;1;20.71;0;4.3876;2.1146;0.0011;0.0064;621346.9284;41483.1338;0.3986;0.0668;0.0001;185966248.8000;54751.3012;12508.7101;12508.7101;0.7416;0.0111;4977.8164;9777.8793;0.9979;13.1566;63.5462;0.0130;-16.9014;-49.6426;Não_acidente;Não_acidente;0-Nao_Acidente
1014;66.00;42801;2;0.0900;2;1;0;153;4;124.9;142.4;17.5;1;5;17.43;0;6.5752;3.0379;-0.0006;0.0100;522802.1218;34914.2814;0.3972;0.0668;0.0001;71505298.0300;41646.3127;16485.7581;16485.7581;-0.2507;0.0152;4513.6351;8595.5517;0.9977;12.0719;60.8224;0.0182;-13.9288;-49.0720;Não_acidente;Não_acidente;0-Nao_Acidente
1015;282.00;43382;5;0.6800;3;0;7;158;4;270.7;273.6;2.9;1;5;2.99;1;5.9033;3.7686;-0.0020;0.0114;89808.4654;6046.9088;0.3817;0.0673;0.0002;3178116.8930;7796.5622;2737.1963;2737.1963;1.1842;0.1692;735.6648;1484.4640;0.9870;5.0445;60.4989;0.1959;-17.8756;-51.7308;Não_acidente;Não_acidente;0-Nao_Acidente
1016;244.00;42979;7;0.4000;4;1;2;70;4;290.1;316.5;26.4;1;5;26.47;0;5.2652;2.4718;0.0005;0.0069;793951.5722;52990.2455;0.4004;0.0667;0.0001;175239324.1000;64462.8771;6924.5777;6924.5777;0.2702;0.0233;7300.2245;13108.8908;0.9985;14.8675;60.5659;0.0283;-15.8177;-50.6298;Não_acidente;Não_acidente;0-Nao_Acidente
1017;215.00;43315;6;0.2000;1;0;1;153;4;565.3;582.4;17.1;1;1;16.95;0;8.4432;4.3856;0.0030;0.0101;508447.0727;33956.4717;0.3970;0.0668;0.0001;34057622.1100;35449.7804;15532.1761;15532.1761;-1.5201;0.0146;4632.1622;8086.0926;0.9975;11.9053;62.8792;0.0167;-17.3788;-49.2375;Não_acidente;Não_acidente;0-Nao_Acidente
1018;230.00;42965;3;0.2800;2;1;6;50;4;311.7;314.2;2.5;1;5;2.23;0;10.5925;5.3152;-0.0004;0.0109;66802.4365;4512.0310;0.3787;0.0675;0.0003;2184814.1970;5914.3863;1440.7329;1440.7329;0.8296;0.1348;593.3037;1047.0421;0.9806;4.3643;63.8011;0.1413;-18.4220;-48.0716;Não_acidente;Não_acidente;0-Nao_Acidente
1019;56.00;42791;3;0.7000;4;0;7;153;4;667.1;675.5;8.4;1;1;8.37;0;7.5023;3.4964;0.0009;0.0086;251081.3610;16798.7458;0.3912;0.0669;0.0001;12358075.6200;19283.4804;8119.7658;8119.7658;-0.1750;0.0422;2000.3982;4143.0831;0.9953;8.3813;60.6025;0.0509;-18.1441;-49.2880;Não_acidente;Não_acidente;0-Nao_Acidente
1020;270.00;43005;5;0.9900;3;1;5;359;4;0.0;12.2;12.2;2;6;12.17;0;7.2369;3.4843;0.0001;0.0101;364946.0390;24389.2651;0.3944;0.0668;0.0001;29496541.9600;26516.3684;2827.9975;2827.9975;0.2403;0.0346;2794.5056;5527.1108;0.9962;10.0931;66.0284;0.0356;-17.5989;-52.6174;Não_acidente;Não_acidente;0-Nao_Acidente
1021;137.00;43237;2;0.4200;1;0;3;490;4;133.2;160.7;27.5;2;6;27.39;0;6.6614;2.9697;0.0046;0.0105;821976.7898;54858.4451;0.4006;0.0667;0.0001;68456199.2600;56071.3182;2702.2056;2702.2056;-1.5677;0.0113;6599.1752;12725.2448;0.9984;15.1270;64.5942;0.0128;-17.7128;-49.0090;Não_acidente;Não_acidente;0-Nao_Acidente
1022;238.00;43338;4;0.3900;2;1;7;60;4;631.5;639.8;8.3;2;6;8.29;0;3.9219;1.9672;-0.0007;0.0089;248679.0053;16638.6006;0.3912;0.0669;0.0001;29742468.8500;22682.5944;4117.0120;4117.0120;1.0556;0.4725;3271.2632;4145.0618;0.9954;8.3414;59.9940;0.6029;-18.4158;-52.6260;Não_acidente;Não_acidente;0-Nao_Acidente
1023;111.00;43211;5;0.2500;4;0;0;153;4;0.0;31.9;31.9;1;5;31.60;0;3.4842;1.6375;0.0022;0.0056;947210.3435;63207.3594;0.4016;0.0667;0.0001;313716697.3000;80266.0758;29497.7694;29497.7694;-0.3613;0.0204;8251.8000;15761.3660;0.9988;16.2362;60.0970;0.0247;-12.9444;-49.1335;Não_acidente;Não_acidente;0-Nao_Acidente
1024;84.00;43184;2;0.6400;1;1;5;158;4;90.0;94.0;4.0;1;5;2.50;0;4.5925;2.0989;0.0008;0.0064;75022.8930;5061.5262;0.3799;0.0675;0.0002;769288.8787;5515.8076;2443.0099;2443.0099;-1.4892;0.1324;717.9050;1231.6931;0.9843;4.6198;60.9104;0.1572;-16.4473;-51.7943;Não_acidente;Não_acidente;0-Nao_Acidente
1025;260.00;43360;4;0.5700;4;0;7;70;4;196.4;218.9;22.5;2;6;22.48;0;5.3045;2.6401;0.0005;0.0095;674415.5569;45020.7058;0.3992;0.0668;0.0001;44879244.4400;47956.1011;2046.3153;2046.3153;-0.0789;0.0354;5447.5235;11089.2430;0.9983;13.7053;60.8171;0.0328;-16.0102;-49.9313;Não_acidente;Não_acidente;0-Nao_Acidente
1026;286.00;43021;4;0.5900;4;1;5;154;4;9.0;15.5;6.5;1;5;6.25;0;7.0213;3.1553;0.0050;0.0105;187629.3488;12568.6233;0.3887;0.0670;0.0002;11600910.3100;15125.9059;2138.7184;2138.7184;1.2684;0.0227;1664.3361;2963.8427;0.9932;7.2540;63.3061;0.0272;-18.3826;-49.3452;Não_acidente;Não_acidente;0-Nao_Acidente
1027;140.00;43240;7;0.3700;3;0;4;60;4;639.8;668.9;29.1;2;6;29.07;0;4.3719;2.2515;-0.0005;0.0081;871557.8355;58163.8561;0.4010;0.0667;0.0001;94603005.4100;63700.9820;28535.1796;28535.1796;1.5106;0.0101;6952.9505;14402.9227;0.9987;15.5756;60.5126;0.0122;-18.5473;-52.6303;Não_acidente;Não_acidente;0-Nao_Acidente
1028;102.00;42837;5;0.9600;4;1;7;154;4;9.0;15.5;6.5;1;5;6.25;0;7.0213;3.1553;0.0050;0.0105;187629.3488;12568.6233;0.3887;0.0670;0.0002;11600910.3100;15125.9059;2138.7184;2138.7184;1.2684;0.0227;1664.3361;2963.8427;0.9932;7.2540;63.3061;0.0272;-18.3837;-49.3439;Não_acidente;Não_acidente;0-Nao_Acidente
1029;267.00;43367;4;0.0800;1;0;3;153;4;598.2;621.7;23.5;1;1;23.56;0;7.3179;3.7872;-0.0002;0.0127;706595.5289;47166.4349;0.3995;0.0668;0.0001;144160711.3000;57737.3640;22446.1753;22446.1753;-1.2780;0.0278;5531.0345;11710.0440;0.9984;14.0277;60.3410;0.0332;-17.7034;-49.1550;Não_acidente;Não_acidente;0-Nao_Acidente
1030;40.00;42775;7;0.5900;2;1;2;158;4;163.9;186.9;23.0;1;5;21.51;0;6.2905;3.2384;0.0022;0.0101;645296.3448;43079.7566;0.3988;0.0668;0.0001;97053538.2800;50866.7300;20757.8563;20757.8563;1.3316;0.0295;5338.5738;10641.1021;0.9982;13.4071;60.6419;0.0313;-17.0485;-51.8532;Não_acidente;Não_acidente;0-Nao_Acidente
1031;81.00;43181;5;0.2200;2;0;6;70;4;356.5;374.5;18.0;1;5;17.92;0;4.4149;2.1967;0.0013;0.0054;537453.3342;35890.2209;0.3974;0.0668;0.0001;44420438.6900;39377.2681;2599.3092;2599.3092;0.0262;0.0107;4684.9186;8668.8952;0.9977;12.2390;61.9979;0.0130;-15.9318;-51.3320;Não_acidente;Não_acidente;0-Nao_Acidente
1032;358.00;43093;6;0.3600;2;1;3;70;4;290.1;316.5;26.4;1;5;26.47;0;5.2652;2.4718;0.0005;0.0069;793951.5722;52990.2455;0.4004;0.0667;0.0001;175239324.1000;64462.8771;6924.5777;6924.5777;0.2702;0.0233;7300.2245;13108.8908;0.9985;14.8675;60.5659;0.0283;-15.8233;-50.6468;Não_acidente;Não_acidente;0-Nao_Acidente
1033;342.00;43077;4;0.4700;3;0;7;452;4;134.7;139.1;4.4;1;5;4.29;0;5.3937;2.2007;-0.0002;0.0067;128673.0016;8638.2001;0.3852;0.0671;0.0002;7977967.4600;11716.6396;2153.2667;2153.2667;-0.5072;0.0997;1078.1322;2139.4335;0.9911;6.0203;60.1435;0.1203;-18.2298;-49.7320;Não_acidente;Não_acidente;0-Nao_Acidente
1034;122.00;43222;6;0.9400;4;1;2;251;4;0.0;12.0;12.0;1;5;12.41;0;3.1083;1.5230;0.0021;0.0043;372295.3573;24884.4060;0.3945;0.0668;0.0001;57567854.9200;32760.4447;5106.2717;5106.2717;-0.4104;0.0475;3644.0825;6197.3683;0.9969;10.1959;60.0731;0.0574;-16.2187;-47.3950;Não_acidente;Não_acidente;0-Nao_Acidente
1035;101.00;42836;4;0.6600;4;0;3;153;4;421.7;436.9;15.2;1;1;15.01;1;6.7221;2.9513;0.0009;0.0088;450167.0603;30071.1405;0.3961;0.0668;0.0001;103819188.2000;40806.8235;10707.2892;10707.2892;-0.8480;0.0167;3793.1754;7285.4226;0.9973;11.2048;61.7901;0.0188;-16.1923;-49.0316;Não_acidente;Não_acidente;0-Nao_Acidente
1036;293.00;43028;4;0.0500;3;1;1;490;4;63.3;99.1;35.8;2;6;34.98;0;8.6079;6.4857;-0.0056;0.0149;1049475.7850;70025.0307;0.4024;0.0667;0.0001;233974657.9000;73333.3765;8227.0664;8227.0664;-1.5458;0.0039;8625.3634;15534.9831;0.9986;17.0886;67.5556;0.0046;-17.7459;-48.3513;Não_acidente;Não_acidente;0-Nao_Acidente
1037;289.00;43024;4;0.3600;2;0;3;352;4;118.8;125.1;6.3;2;6;5.78;1;6.9311;2.7158;0.0004;0.0070;173421.5345;11621.4394;0.3880;0.0670;0.0002;8015491.9070;14042.8231;1434.7570;1434.7570;-0.2570;0.1378;1540.2805;2881.9166;0.9934;6.9767;60.1758;0.1547;-17.3297;-48.4331;Não_acidente;Não_acidente;0-Nao_Acidente
1038;313.00;43413;5;0.5000;2;1;1;60;4;162.1;189.3;27.2;1;1;27.25;1;5.7783;3.1522;0.0010;0.0093;817537.6396;54562.5896;0.4006;0.0667;0.0001;323537826.5000;73165.6057;14969.1221;14969.1221;0.5885;0.0098;6859.1972;13360.0011;0.9985;15.0862;61.1929;0.0118;-16.8242;-49.5349;Não_acidente;Não_acidente;0-Nao_Acidente
1039;44.00;42779;3;0.5700;4;0;4;364;4;89.6;113.2;23.6;1;5;23.74;0;5.1426;2.0715;0.0009;0.0073;711861.6402;47518.4597;0.3996;0.0668;0.0001;176007323.6000;59895.4793;21917.1726;21917.1726;-1.2161;0.0272;6210.4026;11671.9963;0.9983;14.0801;60.9889;0.0307;-18.4227;-51.0927;Não_acidente;Não_acidente;0-Nao_Acidente
1040;355.00;43455;6;0.0600;4;1;3;154;4;15.5;34.1;18.6;2;6;18.05;0;5.6688;3.4377;0.0008;0.0070;541493.7187;36159.5812;0.3975;0.0668;0.0001;147535897.1000;48668.5106;11457.8336;11457.8336;0.7687;0.0182;4522.4521;8651.2571;0.9977;12.2848;62.5913;0.0192;-18.3912;-49.3583;Não_acidente;Não_acidente;0-Nao_Acidente
1041;300.00;43035;4;0.9800;3;0;6;457;4;93.4;149.4;56.0;2;6;45.61;0;6.6319;4.6538;0.0020;0.0107;1368197.7440;91273.1219;0.4042;0.0667;0.0001;119851212.2000;91842.8325;2777.9703;2777.9703;-0.0280;0.0121;11042.6103;21696.2836;0.9991;19.5078;63.0614;0.0140;-16.7990;-48.1190;Não_acidente;Não_acidente;0-Nao_Acidente
1042;125.00;42860;7;0.3100;1;1;5;20;4;31.0;72.8;41.8;1;5;41.83;0;10.4369;10.7547;-0.0082;0.0233;1254847.2050;83716.4716;0.4036;0.0667;0.0001;299636980.4000;92122.3163;38221.7144;38221.7144;-1.4509;0.0057;9981.5824;19648.0370;0.9990;18.6834;63.8663;0.0062;-15.3993;-47.0997;Não_acidente;Não_acidente;0-Nao_Acidente
1043;283.00;43383;6;0.8400;1;0;5;251;4;181.4;202.8;21.4;2;6;22.27;0;5.8602;2.3049;-0.0009;0.0063;667890.4891;44586.0058;0.3991;0.0668;0.0001;82403805.7600;46518.0186;4360.2837;4360.2837;0.0894;0.0077;6414.1515;10263.8366;0.9980;13.6391;65.0722;0.0089;-15.3348;-49.2110;Não_acidente;Não_acidente;0-Nao_Acidente
1044;41.00;43141;6;0.2200;1;1;3;153;4;490.4;496.8;6.4;1;1;4.79;1;5.2686;2.2202;-0.0008;0.0059;143601.8445;9633.5844;0.3862;0.0671;0.0002;6887480.8390;11810.4171;4305.5238;4305.5238;1.2293;0.0349;1184.6305;2316.8389;0.9915;6.3555;61.9818;0.0420;-16.6452;-49.2103;Não_acidente;Não_acidente;0-Nao_Acidente
1045;96.00;42831;1;0.8100;2;0;3;70;4;472.1;473.4;1.3;1;5;1.28;1;5.7380;1.8411;-0.0023;0.0097;38394.2619;2621.5963;0.3729;0.0683;0.0003;142797.5730;2778.7307;111.7706;111.7706;-0.0615;0.4969;356.6841;640.0847;0.9702;3.3448;59.9831;0.6327;-15.8973;-52.2321;Não_acidente;Não_acidente;0-Nao_Acidente
1046;226.00;43326;7;0.2400;4;1;5;70;3;0.0;4.0;4.0;2;6;3.93;0;4.7598;1.7217;-0.0005;0.0061;117968.5068;7924.5335;0.3844;0.0672;0.0002;4892710.9540;9232.2228;1648.9577;1648.9577;-1.0021;0.0534;817.2788;1708.2777;0.9871;5.7681;69.0570;0.0506;-15.9028;-52.2009;Não_acidente;Não_acidente;0-Nao_Acidente
1047;312.00;43047;3;0.9500;4;0;4;490;4;114.7;115.3;0.6;2;6;0.62;1;5.2610;1.6767;0.0072;0.0055;18711.2926;1307.4195;0.3647;0.0699;0.0005;159871.5104;1716.6864;273.2333;273.2333;0.4048;0.6366;312.2154;312.2154;0.9389;2.3895;59.9307;1.0000;-17.7253;-48.6221;Não_acidente;Não_acidente;0-Nao_Acidente
1048;191.00;42926;7;0.4000;3;1;7;490;4;115.3;117.0;1.7;2;6;1.65;1;6.7642;1.6589;0.0037;0.0077;49544.1816;3362.9454;0.3756;0.0679;0.0003;1250471.3960;4611.1009;872.7407;872.7407;-0.5354;0.5052;748.9890;826.4997;0.9769;3.7771;59.9446;0.6617;-17.7244;-48.6327;Não_acidente;Não_acidente;0-Nao_Acidente
1049;328.00;43063;4;0.0600;2;0;6;154;4;15.5;34.1;18.6;2;6;18.05;0;5.6688;3.4377;0.0008;0.0070;541493.7187;36159.5812;0.3975;0.0668;0.0001;147535897.1000;48668.5106;11457.8336;11457.8336;0.7687;0.0182;4522.4521;8651.2571;0.9977;12.2848;62.5913;0.0192;-18.3949;-49.3661;Não_acidente;Não_acidente;0-Nao_Acidente
1050;153.00;43253;3;0.4500;2;1;2;457;4;29.5;61.4;31.9;2;6;30.75;0;6.7485;4.5489;0.0069;0.0154;922512.2307;61560.5621;0.4015;0.0667;0.0001;249875283.8000;66341.2187;11565.6386;11565.6386;0.4264;0.0052;5692.5123;12455.0559;0.9981;16.0235;74.0673;0.0062;-17.0387;-47.9252;Não_acidente;Não_acidente;0-Nao_Acidente
1051;299.00;43399;6;0.6900;2;0;1;50;4;265.1;270.1;5.0;1;5;5.21;0;5.5619;2.1123;0.0017;0.0074;156199.0977;10473.2732;0.3870;0.0671;0.0002;12027034.0300;14254.7273;4383.9221;4383.9221;1.0076;0.0659;1386.3383;2591.4718;0.9926;6.6250;60.2743;0.0795;-18.1098;-47.8887;Não_acidente;Não_acidente;0-Nao_Acidente
1052;290.00;43390;6;0.4900;3;1;6;80;4;0.0;2.1;2.1;1;5;2.87;0;8.7186;3.7789;-0.0107;0.0136;86196.7389;5806.4493;0.3813;0.0674;0.0002;2576199.0410;6993.2214;1055.2162;1055.2162;-0.3319;0.0577;815.8437;1407.7512;0.9862;4.9443;61.2301;0.0691;-15.5035;-48.2058;Não_acidente;Não_acidente;0-Nao_Acidente
1053;211.00;42946;2;0.9000;3;0;1;153;4;555.5;565.3;9.8;1;1;9.79;0;8.1502;3.2131;-0.0003;0.0122;293645.9316;19636.3955;0.3926;0.0669;0.0001;29389649.4000;23466.2411;8108.6308;8108.6308;1.1331;0.0204;2233.9453;4501.3200;0.9954;9.0592;65.2355;0.0234;-17.2237;-49.2292;Não_acidente;Não_acidente;0-Nao_Acidente
1054;314.00;43049;1;0.3000;3;1;2;158;4;94.0;119.9;25.9;1;5;20.14;0;5.6966;4.1813;0.0008;0.0131;604202.7248;40340.1817;0.3983;0.0668;0.0001;125524203.4000;48619.6271;16868.4570;16868.4570;-1.1667;0.0228;4545.0986;9268.4530;0.9978;12.9744;65.1892;0.0216;-16.4823;-51.7851;Não_acidente;Não_acidente;0-Nao_Acidente
1055;246.00;42981;7;0.2100;1;0;5;479;4;0.0;20.7;20.7;2;6;20.00;0;8.2942;7.1113;0.0130;0.0211;599695.3909;40039.2867;0.3983;0.0668;0.0001;149822750.3000;50204.5239;9774.7775;9774.7775;0.9751;0.0140;5294.1206;9217.3567;0.9978;12.9259;65.0615;0.0163;-15.8183;-46.8798;Não_acidente;Não_acidente;0-Nao_Acidente
1056;188.00;42923;4;0.1000;4;1;3;70;4;65.5;67.3;1.8;1;5;4.69;1;4.6506;2.0845;-0.0013;0.0076;140574.4790;9431.6399;0.3860;0.0671;0.0002;9720720.1280;12889.0449;4036.0470;4036.0470;1.0465;0.1501;1339.0928;2341.9428;0.9918;6.2889;60.0247;0.1810;-15.7714;-48.7619;Não_acidente;Não_acidente;0-Nao_Acidente
1057;44.00;42779;6;0.2800;1;0;1;158;4;282.2;292.6;10.4;2;6;10.51;0;6.9256;3.2557;0.0011;0.0085;315123.2462;21068.2153;0.3932;0.0669;0.0001;31196020.0600;24576.1006;8703.9128;8703.9128;1.2606;0.0157;3793.0045;4967.3194;0.9959;9.3827;63.4393;0.0191;-17.9883;-51.7953;Não_acidente;Não_acidente;0-Nao_Acidente
1058;204.00;43304;5;0.5900;2;1;2;153;4;107.5;124.9;17.4;1;5;17.30;1;5.4824;2.2308;0.0011;0.0084;518745.3617;34643.0242;0.3972;0.0668;0.0001;56687098.4500;40229.6306;16725.5671;16725.5671;-0.1940;0.0445;4559.3653;8603.2175;0.9978;12.0248;60.2967;0.0460;-13.7279;-49.0226;Não_acidente;Não_acidente;0-Nao_Acidente
1059;114.00;43214;1;0.9900;1;0;2;80;4;282.3;306.4;24.1;0;3;27.06;0;3.4478;1.7619;0.0007;0.0055;811814.7559;54180.9837;0.4005;0.0667;0.0001;366554306.7000;76590.1160;19418.7481;19418.7481;-0.8029;0.0972;5858.9775;13527.9167;0.9986;15.0334;60.0103;0.1111;-13.7541;-49.8753;Não_acidente;Não_acidente;0-Nao_Acidente
1060;176.00;42911;5;0.0800;1;1;1;364;4;22.0;57.6;35.6;1;5;35.53;0;4.3722;1.7741;-0.0013;0.0053;1066449.9510;71157.2456;0.4025;0.0667;0.0001;528315904.6000;94440.7046;18213.4630;18213.4630;-0.5424;0.0061;9521.7702;17494.6110;0.9989;17.2262;60.9588;0.0073;-18.9016;-50.7103;Não_acidente;Não_acidente;0-Nao_Acidente
1061;228.00;42963;6;0.1600;1;0;1;153;4;31.9;57.8;25.9;1;5;25.73;0;4.0933;1.9882;0.0027;0.0072;771196.2033;51473.0303;0.4002;0.0667;0.0001;216895374.3000;65778.9598;23761.4399;23761.4399;-1.1958;0.0251;6615.9612;12765.0416;0.9985;14.6534;60.4147;0.0295;-13.2826;-49.1275;Não_acidente;Não_acidente;0-Nao_Acidente
1062;189.00;42924;5;0.0900;1;1;6;80;4;130.0;135.0;5.0;1;5;4.09;0;5.2016;1.6269;-0.0041;0.0062;122701.8347;8240.1223;0.3848;0.0672;0.0002;5545220.9480;10574.1524;3844.8177;3844.8177;-1.2223;0.3085;1109.0957;2047.8785;0.9907;5.8810;59.9166;0.3827;-15.0189;-48.8980;Não_acidente;Não_acidente;0-Nao_Acidente
1063;163.00;42898;1;0.0900;2;0;1;10;4;94.1;105.5;11.4;2;6;10.62;0;5.5334;1.9796;-0.0006;0.0054;318452.7942;21290.1865;0.3933;0.0669;0.0001;29585285.3400;25712.8992;9854.1245;9854.1245;1.2616;0.0425;2483.3275;5174.0868;0.9962;9.4319;61.5476;0.0388;-14.6076;-47.4965;Não_acidente;Não_acidente;0-Nao_Acidente
1064;138.00;42873;3;0.0800;1;1;1;483;4;281.9;283.4;1.5;2;6;1.60;0;4.6207;1.0764;0.0006;0.0072;47858.7642;3250.5836;0.3752;0.0679;0.0003;844026.5152;3918.4151;1319.5994;1319.5994;1.1713;0.0869;349.6426;763.3738;0.9739;3.7147;62.6937;0.1024;-19.2988;-51.0879;Não_acidente;Não_acidente;0-Nao_Acidente
1065;314.00;43414;1;0.5100;3;0;5;158;4;119.9;151.9;32.0;1;5;41.42;0;5.3772;2.9977;0.0000;0.0079;1242712.1260;82907.4732;0.4035;0.0667;0.0001;456437135.7000;96373.2171;35231.0857;35231.0857;1.2800;0.0041;10110.1648;19197.9352;0.9989;18.5930;64.7316;0.0049;-16.8467;-51.7804;Não_acidente;Não_acidente;0-Nao_Acidente
1066;208.00;43308;1;0.8300;2;1;2;354;4;0.0;62.0;62.0;2;6;132.08;0;8.2326;5.3566;-0.0003;0.0150;3962110.7530;264200.1031;0.4109;0.0667;0.0000;2920204247.0000;279845.4153;114395.4261;114395.4261;0.1411;0.0014;57369.7491;64655.4260;0.9997;33.1825;61.2804;0.0017;-16.8651;-47.5943;Não_acidente;Não_acidente;0-Nao_Acidente
1067;322.00;43422;3;0.7600;2;0;1;352;4;125.1;139.3;14.2;2;6;15.21;0;6.1521;2.6919;0.0007;0.0078;456306.9831;30480.4682;0.3962;0.0668;0.0001;45996911.0700;35814.5577;3108.0644;3108.0644;-1.3539;0.0320;3969.1601;7578.0832;0.9975;11.2806;60.2140;0.0387;-17.3272;-48.4065;Não_acidente;Não_acidente;0-Nao_Acidente
1068;81.00;43181;6;0.4400;2;1;2;154;4;0.0;9.0;9.0;1;5;9.30;1;4.1352;1.7371;0.0015;0.0065;279234.5643;18675.6258;0.3922;0.0669;0.0001;33323994.1900;24584.9757;4036.1917;4036.1917;0.4474;0.0314;2349.5765;4602.6188;0.9958;8.8355;60.6686;0.0379;-18.3603;-49.2238;Não_acidente;Não_acidente;0-Nao_Acidente
1069;60.00;42795;7;0.6400;3;0;5;158;4;3.5;5.5;2.0;1;5;2.01;1;3.5495;1.4757;0.0028;0.0029;60357.7057;4083.8470;0.3777;0.0677;0.0003;1061174.4510;4961.4623;1931.2580;1931.2580;-1.3319;0.1876;551.1591;1000.8763;0.9808;4.1557;60.3049;0.2246;-15.8987;-52.2220;Não_acidente;Não_acidente;0-Nao_Acidente
1070;276.00;43011;5;0.5900;4;1;6;60;4;94.2;100.1;5.9;1;1;5.91;1;5.5455;2.4981;0.0036;0.0068;177441.3404;11889.4228;0.3882;0.0670;0.0002;16756394.7200;16492.2554;4616.2787;4616.2787;-0.6732;0.1108;1578.3260;2935.8750;0.9934;7.0562;60.4390;0.1207;-16.3810;-48.9518;Não_acidente;Não_acidente;0-Nao_Acidente