FID;data_conse;data_inver;dia_semana;horario;fase_dia;sentido_vi;condicao_m;vl_br;nm_tipo_tr;vl_km_inic;vl_km_fina;vl_extensa;ds_superfi;ds_legenda;Dist_km;TIPO;S_med;S_sd;CV_med;CV_sd;P_AREA;P_PERIM;P_FRACDIM;P_PERARAT;P_COMPAC;PBOX_AREA;PBOX_PERIM;PBOX_LEN;PBOX_WIDTH;POL_ANGLE;PELLIP_FIT;PGYRATIUS;POLRADIUS;PCIRCLE;PSAHPEIDX;PDENSITY;PRECTFIT;Lat;Long;causa_acid;tipo_acide;Acidente
1071;269.00;43369;3;0.1000;3;0;5;70;3;4.0;8.3;4.3;1;5;4.19;0;5.0668;1.6361;0.0019;0.0065;125815.6367;8447.7092;0.3850;0.0671;0.0002;3126914.5410;9579.7337;4010.1088;4010.1088;-1.4209;0.0528;1021.7318;2074.3118;0.9907;5.9540;60.6542;0.0636;-15.9318;-52.2109;Não_acidente;Não_acidente;0-Nao_Acidente
1072;55.00;43155;6;0.2800;3;1;0;457;4;173.8;179.2;5.4;2;6;5.44;1;6.0123;1.4180;-0.0006;0.0054;163320.7620;10948.0508;0.3874;0.0670;0.0002;10223075.2800;14058.6329;2055.2929;2055.2929;-0.4045;0.0530;1230.8191;2704.4383;0.9929;6.7726;60.3899;0.0640;-16.7065;-48.6261;Não_acidente;Não_acidente;0-Nao_Acidente
1073;167.00;42902;7;0.1300;4;0;3;158;4;94.0;119.9;25.9;1;5;20.14;0;5.6966;4.1813;0.0008;0.0131;604202.7248;40340.1817;0.3983;0.0668;0.0001;125524203.4000;48619.6271;16868.4570;16868.4570;-1.1667;0.0228;4545.0986;9268.4530;0.9978;12.9744;65.1892;0.0216;-16.5632;-51.7572;Não_acidente;Não_acidente;0-Nao_Acidente
1074;17.00;43117;2;0.7900;1;1;3;158;4;151.9;154.0;2.1;1;5;2.28;0;6.6924;2.6354;0.0002;0.0095;68363.4794;4617.5659;0.3790;0.0675;0.0003;692001.9969;4945.8358;321.6755;321.6755;0.0481;0.1015;660.0418;1120.7673;0.9827;4.4151;60.9970;0.1176;-16.9317;-51.8046;Não_acidente;Não_acidente;0-Nao_Acidente
1075;67.00;42802;2;0.2000;2;0;5;70;4;167.7;187.7;20.0;1;5;21.79;0;5.2035;2.8457;-0.0013;0.0078;653629.1255;43636.9576;0.3989;0.0668;0.0001;201988201.4000;58698.6562;11019.8639;11019.8639;0.5205;0.0223;5568.9536;10752.7068;0.9982;13.4936;60.7874;0.0228;-15.9407;-49.6275;Não_acidente;Não_acidente;0-Nao_Acidente
1076;262.00;43362;5;0.2400;3;1;3;50;4;209.8;245.4;35.6;1;5;34.92;0;6.1238;4.3039;0.0090;0.0132;1047319.6180;69881.2920;0.4024;0.0667;0.0001;255951534.3000;77908.3442;30585.8820;30585.8820;1.3855;0.0056;8354.0595;15995.7782;0.9987;17.0711;65.4748;0.0066;-17.6927;-47.7247;Não_acidente;Não_acidente;0-Nao_Acidente
1077;57.00;42792;7;0.8000;4;0;6;154;4;15.5;34.1;18.6;2;6;18.05;0;5.6688;3.4377;0.0008;0.0070;541493.7187;36159.5812;0.3975;0.0668;0.0001;147535897.1000;48668.5106;11457.8336;11457.8336;0.7687;0.0182;4522.4521;8651.2571;0.9977;12.2848;62.5913;0.0192;-18.3885;-49.3527;Não_acidente;Não_acidente;0-Nao_Acidente
1078;320.00;43420;2;0.4600;2;1;2;70;4;374.5;424.0;49.5;1;5;49.46;0;3.7408;1.9661;0.0010;0.0061;1483623.6110;98968.2409;0.4047;0.0667;0.0001;423766048.8000;109931.6159;9274.5553;9274.5553;1.4390;0.0043;12655.8388;23283.2600;0.9991;20.3130;63.7206;0.0052;-15.8570;-51.6072;Não_acidente;Não_acidente;0-Nao_Acidente
1079;303.00;43403;6;0.8900;3;0;4;158;4;232.0;263.3;31.3;1;5;30.71;0;5.7817;2.7494;0.0002;0.0088;921244.2961;61476.2898;0.4014;0.0667;0.0001;287088303.6000;75880.6586;27501.2163;27501.2163;-1.2235;0.0131;8142.7279;14953.7321;0.9987;16.0125;61.6063;0.0150;-17.6154;-51.8626;Não_acidente;Não_acidente;0-Nao_Acidente
1080;69.00;42804;2;0.6400;2;1;1;70;4;218.9;231.5;12.6;2;6;12.55;0;8.1552;4.5163;0.0031;0.0133;376375.5237;25153.2324;0.3946;0.0668;0.0001;50481915.6900;30467.3525;4871.9689;4871.9689;1.1032;0.0192;3020.1934;5788.9864;0.9964;10.2500;65.0158;0.0224;-15.9840;-50.0806;Não_acidente;Não_acidente;0-Nao_Acidente
1081;40.00;42775;7;0.7600;3;0;7;483;4;91.3;108.7;17.4;2;6;16.53;0;3.7902;2.0962;0.0004;0.0066;496096.8857;33133.1204;0.3968;0.0668;0.0001;74764559.1900;40312.3558;4900.8969;4900.8969;-0.3281;0.0213;4136.4926;8070.9280;0.9976;11.7603;61.4671;0.0248;-18.4796;-50.0511;Não_acidente;Não_acidente;0-Nao_Acidente
1082;286.00;43386;6;0.3700;4;1;4;452;4;65.1;79.2;14.1;1;5;14.14;0;4.3530;2.4029;0.0005;0.0049;424297.2818;28346.4771;0.3956;0.0668;0.0001;55484406.6500;35167.5839;4121.4540;4121.4540;-0.2918;0.0497;3573.0074;7053.7944;0.9973;10.8794;60.1516;0.0652;-18.0353;-50.2927;Não_acidente;Não_acidente;0-Nao_Acidente
1083;234.00;43334;3;0.5900;3;0;0;153;4;243.2;275.6;32.4;1;5;32.44;0;6.1876;2.7545;0.0007;0.0096;973222.3101;64941.4284;0.4018;0.0667;0.0001;474841988.9000;89410.8028;27332.7850;27332.7850;1.0030;0.0378;7409.9024;16203.3291;0.9988;16.4572;60.0631;0.0455;-15.0156;-49.4214;Não_acidente;Não_acidente;0-Nao_Acidente
1084;175.00;42910;7;0.6100;2;1;3;153;4;289.8;305.1;15.3;1;5;13.93;0;10.1197;6.1891;-0.0053;0.0115;417786.6971;27912.4466;0.3955;0.0668;0.0001;35149208.2500;30320.6229;12303.4546;12303.4546;1.3331;0.0210;3210.1392;6313.6619;0.9967;10.7959;66.1719;0.0208;-15.2198;-49.5513;Não_acidente;Não_acidente;0-Nao_Acidente
1085;189.00;42924;4;0.4400;2;0;5;251;4;166.7;174.1;7.4;2;6;5.50;1;4.7005;2.0570;0.0000;0.0066;164988.3445;11059.2197;0.3875;0.0670;0.0002;5024837.8290;8986.3642;2097.1471;2097.1471;1.4929;0.0284;1144.1341;1724.5312;0.9823;6.8067;95.6714;0.0329;-15.3448;-49.1213;Não_acidente;Não_acidente;0-Nao_Acidente
1086;231.00;42966;7;0.5200;4;1;2;153;4;176.5;202.7;26.2;1;5;24.78;0;4.7981;2.5881;0.0011;0.0065;743137.2555;49602.5975;0.3999;0.0667;0.0001;33914591.2000;51095.0325;24142.7645;24142.7645;1.5542;0.0187;6793.4923;12255.8539;0.9984;14.3850;60.6353;0.0226;-14.4789;-49.1546;Não_acidente;Não_acidente;0-Nao_Acidente
1087;225.00;43325;2;0.0300;1;0;2;70;4;16.0;65.5;49.5;1;5;49.34;0;9.2960;4.6736;0.0103;0.0186;1480198.1360;98739.7467;0.4047;0.0667;0.0001;238401271.9000;98801.8772;5420.6376;5420.6376;0.0011;0.0065;11100.1013;22505.3867;0.9991;20.2895;65.7708;0.0066;-15.7685;-48.5654;Não_acidente;Não_acidente;0-Nao_Acidente
1088;354.00;43454;5;0.4400;1;1;0;490;4;55.1;63.3;8.2;2;6;8.66;1;5.4980;2.2983;0.0023;0.0072;259580.4265;17361.0995;0.3915;0.0669;0.0001;6021326.5030;17710.6755;742.1669;742.1669;-0.0481;0.0461;2509.6590;4242.2199;0.9954;8.5189;61.1898;0.0490;-17.7266;-48.1597;Não_acidente;Não_acidente;0-Nao_Acidente
1089;349.00;43449;6;0.1400;3;0;2;352;4;52.6;71.4;18.8;2;6;19.51;0;7.3108;4.2100;-0.0001;0.0083;585336.8012;39082.4492;0.3981;0.0668;0.0001;177411111.1000;53434.9345;12336.6509;12336.6509;-0.6884;0.0224;4495.1582;9465.5852;0.9979;12.7708;61.8384;0.0223;-17.0576;-48.9226;Não_acidente;Não_acidente;0-Nao_Acidente
1090;330.00;43430;7;0.8400;2;1;4;60;2;38.7;50.9;12.2;1;1;12.15;1;4.7264;2.3770;0.0020;0.0082;364350.2289;24349.9989;0.3944;0.0668;0.0001;44686798.4400;30068.7017;4078.9887;4078.9887;1.2504;0.0211;3044.0131;5962.6342;0.9967;10.0851;61.1056;0.0255;-16.7717;-49.3094;Não_acidente;Não_acidente;0-Nao_Acidente
1091;295.00;43395;5;0.1900;2;0;5;60;4;162.1;189.3;27.2;1;1;27.25;0;5.7783;3.1522;0.0010;0.0093;817537.6396;54562.5896;0.4006;0.0667;0.0001;323537826.5000;73165.6057;14969.1221;14969.1221;0.5885;0.0098;6859.1972;13360.0011;0.9985;15.0862;61.1929;0.0118;-16.7470;-49.4231;Não_acidente;Não_acidente;0-Nao_Acidente
1092;134.00;43234;7;0.4600;4;1;3;352;4;239.4;254.6;15.2;2;6;18.34;1;6.3702;2.6078;0.0013;0.0085;549851.3747;36714.3754;0.3976;0.0668;0.0001;90670114.5100;43872.8023;16411.6654;16411.6654;-1.2129;0.0182;5374.3052;8705.8065;0.9977;12.3781;63.1592;0.0202;-18.1515;-47.9473;Não_acidente;Não_acidente;0-Nao_Acidente
1093;300.00;43035;4;0.9600;3;0;3;40;4;95.7;157.3;61.6;1;5;61.54;0;5.2215;3.3647;0.0032;0.0081;1846169.2170;123138.4791;0.4062;0.0667;0.0000;1491824757.0000;157550.4198;31670.1788;31670.1788;-0.5691;0.0071;15097.8049;28577.3623;0.9993;22.6568;64.6025;0.0070;-16.9493;-47.3075;Não_acidente;Não_acidente;0-Nao_Acidente
1094;225.00;42960;6;0.5900;3;1;7;40;4;95.7;157.3;61.6;1;5;61.54;0;5.2215;3.3647;0.0032;0.0081;1846169.2170;123138.4791;0.4062;0.0667;0.0000;1491824757.0000;157550.4198;31670.1788;31670.1788;-0.5691;0.0071;15097.8049;28577.3623;0.9993;22.6568;64.6025;0.0070;-17.0080;-47.2222;Não_acidente;Não_acidente;0-Nao_Acidente
1095;66.00;43166;6;0.8100;1;0;5;60;4;473.1;478.3;5.2;1;1;5.25;0;9.8282;4.9922;-0.0029;0.0137;157599.0832;10566.6344;0.3871;0.0670;0.0002;3735292.7350;11445.6819;751.3412;751.3412;-0.0317;0.0400;1298.0732;2516.0479;0.9921;6.6543;62.6376;0.0483;-17.9150;-51.7641;Não_acidente;Não_acidente;0-Nao_Acidente
1096;155.00;42890;7;0.6800;3;1;6;60;4;210.8;219.3;8.5;1;1;8.35;0;5.8444;3.5909;-0.0012;0.0121;250528.6330;16761.9072;0.3912;0.0669;0.0001;25399797.9400;21389.6504;3559.9497;3559.9497;-1.0864;0.0215;2291.7507;4076.9323;0.9952;8.3721;61.4503;0.0259;-16.9767;-49.7419;Não_acidente;Não_acidente;0-Nao_Acidente
1097;67.00;42802;7;0.3800;4;0;2;414;4;392.9;409.3;16.4;1;5;17.26;0;10.5277;5.7669;-0.0047;0.0149;517919.8350;34587.9872;0.3972;0.0668;0.0001;80213454.8600;40442.6333;14802.3485;14802.3485;1.2144;0.0169;4329.4331;7904.4093;0.9974;12.0153;65.5229;0.0189;-15.9601;-48.8161;Não_acidente;Não_acidente;0-Nao_Acidente
1098;75.00;43175;3;0.2600;1;1;4;251;4;312.3;374.6;62.3;2;6;53.14;0;9.0739;8.3233;-0.0007;0.0162;1594198.8920;106339.8758;0.4052;0.0667;0.0001;448619578.8000;114309.3864;9392.8435;9392.8435;1.5296;0.0031;14875.7822;24422.7443;0.9991;21.0555;65.2752;0.0036;-15.2563;-50.0565;Não_acidente;Não_acidente;0-Nao_Acidente
1099;8.00;43108;6;0.1700;4;0;5;60;3;0.0;4.4;4.4;2;6;7.53;0;5.8897;2.4536;0.0000;0.0083;226019.5997;15127.9733;0.3903;0.0669;0.0001;4971692.0910;16327.4814;662.8100;662.8100;-0.0851;0.1366;1985.1507;3763.2603;0.9949;7.9551;60.0595;0.1652;-17.7285;-50.8740;Não_acidente;Não_acidente;0-Nao_Acidente
1100;25.00;43125;3;0.2500;2;1;5;490;4;99.1;111.7;12.6;2;6;13.22;0;8.0677;3.5121;-0.0006;0.0081;396561.3132;26497.4202;0.3950;0.0668;0.0001;38402137.2600;28327.9834;3653.7998;3653.7998;0.1876;0.0137;3308.2413;5736.8498;0.9962;10.5193;69.1253;0.0157;-17.7275;-48.5482;Não_acidente;Não_acidente;0-Nao_Acidente
1101;85.00;43185;1;0.8300;2;0;6;479;4;20.7;66.6;45.9;2;6;42.84;0;4.6964;2.8305;0.0001;0.0069;1285069.8770;85731.1289;0.4038;0.0667;0.0001;390763914.0000;98920.9391;9870.2012;9870.2012;-0.2295;0.0057;13003.7246;20413.4222;0.9990;18.9067;62.9522;0.0061;-15.7957;-46.9487;Não_acidente;Não_acidente;0-Nao_Acidente
1102;32.00;43132;5;0.9100;2;1;7;40;4;24.1;95.7;71.6;1;5;70.82;0;5.9605;4.0446;0.0062;0.0132;2124722.4680;141708.2175;0.4071;0.0667;0.0000;1757213738.0000;174931.1231;56196.4229;56196.4229;-1.1043;0.0036;17117.7420;32383.0929;0.9994;24.3043;65.6121;0.0040;-16.4377;-47.8147;Não_acidente;Não_acidente;0-Nao_Acidente
1103;79.00;42814;1;0.0900;4;0;4;158;4;3.5;5.5;2.0;1;5;2.01;1;3.5495;1.4757;0.0028;0.0029;60357.7057;4083.8470;0.3777;0.0677;0.0003;1061174.4510;4961.4623;1931.2580;1931.2580;-1.3319;0.1876;551.1591;1000.8763;0.9808;4.1557;60.3049;0.2246;-15.9146;-52.2180;Não_acidente;Não_acidente;0-Nao_Acidente
1104;185.00;42920;2;0.0300;3;1;4;60;4;100.1;109.2;9.1;1;1;9.26;0;6.0212;2.9460;0.0035;0.0101;277808.7984;18580.5866;0.3921;0.0669;0.0001;35499151.7900;23867.5341;5643.5460;5643.5460;0.7046;0.0157;2347.0098;4430.9799;0.9955;8.8131;62.6969;0.0190;-16.4345;-49.0186;Não_acidente;Não_acidente;0-Nao_Acidente
1105;52.00;42787;5;0.2300;3;0;7;40;4;24.1;95.7;71.6;1;5;70.82;0;5.9605;4.0446;0.0062;0.0132;2124722.4680;141708.2175;0.4071;0.0667;0.0000;1757213738.0000;174931.1231;56196.4229;56196.4229;-1.1043;0.0036;17117.7420;32383.0929;0.9994;24.3043;65.6121;0.0040;-16.5333;-47.8009;Não_acidente;Não_acidente;0-Nao_Acidente
1106;171.00;42906;1;0.1600;1;1;3;70;3;0.0;4.0;4.0;2;6;3.93;0;4.7598;1.7217;-0.0005;0.0061;117968.5068;7924.5335;0.3844;0.0672;0.0002;4892710.9540;9232.2228;1648.9577;1648.9577;-1.0021;0.0534;817.2788;1708.2777;0.9871;5.7681;69.0570;0.0506;-15.9139;-52.2077;Não_acidente;Não_acidente;0-Nao_Acidente
1107;175.00;43275;5;0.0900;1;0;3;153;4;320.4;323.1;2.7;1;5;2.61;0;4.4153;2.3333;0.0001;0.0062;78212.4974;5274.1996;0.3803;0.0674;0.0002;2171940.8960;6703.0473;2473.4064;2473.4064;-1.2336;0.4234;748.4801;1306.8554;0.9854;4.7147;59.8479;0.5426;-15.4591;-49.5016;Não_acidente;Não_acidente;0-Nao_Acidente
1108;226.00;42961;4;0.9300;2;1;4;80;4;282.3;306.4;24.1;0;3;27.06;0;3.4478;1.7619;0.0007;0.0055;811814.7559;54180.9837;0.4005;0.0667;0.0001;366554306.7000;76590.1160;19418.7481;19418.7481;-0.8029;0.0972;5858.9775;13527.9167;0.9986;15.0334;60.0103;0.1111;-13.8301;-49.8027;Não_acidente;Não_acidente;0-Nao_Acidente
1109;168.00;43268;5;0.0200;3;0;2;60;4;473.1;478.3;5.2;1;1;5.25;1;9.8282;4.9922;-0.0029;0.0137;157599.0832;10566.6344;0.3871;0.0670;0.0002;3735292.7350;11445.6819;751.3412;751.3412;-0.0317;0.0400;1298.0732;2516.0479;0.9921;6.6543;62.6376;0.0483;-17.9172;-51.7199;Não_acidente;Não_acidente;0-Nao_Acidente
1110;335.00;43435;6;0.3600;3;1;1;60;4;30.4;32.4;2.0;1;1;3.29;1;3.8768;1.2234;0.0010;0.0053;98824.8585;6648.3191;0.3827;0.0673;0.0002;2195866.1160;7492.3964;727.3966;727.3966;-0.1237;0.0513;721.7758;1588.1874;0.9875;5.2871;62.2249;0.0621;-16.0898;-48.5028;Não_acidente;Não_acidente;0-Nao_Acidente
1111;36.00;43136;6;0.8100;3;0;3;70;4;424.0;472.1;48.1;1;5;48.32;0;4.4096;2.6867;0.0008;0.0073;1449500.3070;96693.3437;0.4046;0.0667;0.0001;201633802.2000;102280.4257;4305.1931;4305.1931;0.0227;0.0079;9483.2484;23515.6807;0.9992;20.0783;61.6397;0.0082;-15.8933;-51.8193;Não_acidente;Não_acidente;0-Nao_Acidente
1112;296.00;43031;2;0.2000;3;1;4;60;4;473.1;478.3;5.2;1;1;5.25;0;9.8282;4.9922;-0.0029;0.0137;157599.0832;10566.6344;0.3871;0.0670;0.0002;3735292.7350;11445.6819;751.3412;751.3412;-0.0317;0.0400;1298.0732;2516.0479;0.9921;6.6543;62.6376;0.0483;-17.9177;-51.7523;Não_acidente;Não_acidente;0-Nao_Acidente
1113;256.00;42991;3;0.7800;4;0;7;60;4;252.7;304.4;51.7;1;1;52.08;0;3.7630;2.0663;-0.0009;0.0055;1562350.4010;104216.8948;0.4051;0.0667;0.0001;1171983546.0000;139406.6711;28320.5728;28320.5728;-0.9647;0.0063;13478.0451;25123.4416;0.9992;20.8444;62.1870;0.0073;-17.2007;-50.0884;Não_acidente;Não_acidente;0-Nao_Acidente
1114;91.00;43191;5;0.4800;1;1;0;158;4;292.6;330.9;38.3;2;6;38.33;0;6.0612;3.0168;0.0013;0.0099;1149505.3000;76693.6866;0.4030;0.0667;0.0001;516150198.7000;97996.0919;33667.0069;33667.0069;-0.4290;0.0070;9344.4471;18637.8105;0.9989;17.8832;61.6760;0.0085;-18.1450;-51.9052;Não_acidente;Não_acidente;0-Nao_Acidente
1115;134.00;43234;6;0.3600;2;0;5;10;4;37.8;66.4;28.6;2;6;28.64;0;7.7577;5.6065;0.0060;0.0275;859095.6424;57333.0401;0.4009;0.0667;0.0001;52207596.8600;58239.0165;27200.1197;27200.1197;1.5546;0.0131;5576.9079;13990.0174;0.9986;15.4641;61.4078;0.0165;-14.9748;-47.6063;Não_acidente;Não_acidente;0-Nao_Acidente
1116;108.00;42843;5;0.0500;1;1;3;352;4;270.0;307.3;37.3;2;6;37.27;0;8.1242;3.8800;0.0071;0.0156;1118533.7910;74631.0805;0.4028;0.0667;0.0001;295072369.6000;82532.7727;9202.6949;9202.6949;-0.2658;0.0130;7103.8480;17417.2426;0.9988;17.6415;64.2199;0.0154;-18.1075;-47.6892;Não_acidente;Não_acidente;0-Nao_Acidente
1117;18.00;43118;1;0.5600;3;0;0;414;4;409.3;439.6;30.3;1;5;30.39;0;9.5054;5.6891;-0.0022;0.0131;911772.1511;60845.0150;0.4014;0.0667;0.0001;257978625.7000;71702.6464;25884.9781;25884.9781;1.1825;0.0114;6676.9844;14349.1864;0.9986;15.9302;63.5417;0.0117;-16.1917;-48.9062;Não_acidente;Não_acidente;0-Nao_Acidente
1118;278.00;43378;4;0.2300;1;1;3;70;4;0.0;4.0;4.0;1;1;5.30;1;8.5078;4.8424;-0.0042;0.0108;158945.6262;10656.3751;0.3872;0.0670;0.0002;9340310.2860;12239.0755;3207.6719;3207.6719;-0.8241;0.0216;1214.6194;2295.3066;0.9904;6.6823;69.2481;0.0261;-15.7604;-48.2435;Não_acidente;Não_acidente;0-Nao_Acidente
1119;243.00;42978;4;0.0200;1;0;3;50;4;154.5;163.5;9.0;1;5;8.76;0;2.9619;1.2997;0.0002;0.0059;262805.9584;17580.3973;0.3916;0.0669;0.0001;20546236.1000;21052.5707;7937.9202;7937.9202;1.3116;0.0206;2319.3561;4252.8839;0.9954;8.5734;61.7948;0.0248;-17.2773;-47.7628;Não_acidente;Não_acidente;0-Nao_Acidente
1120;200.00;42935;4;0.2200;1;1;6;80;3;0.0;7.7;7.7;2;6;7.04;0;5.5849;2.6117;0.0024;0.0081;211264.4330;14144.2882;0.3897;0.0670;0.0001;17834109.1900;17537.1777;5562.3982;5562.3982;0.4856;0.0200;2200.9386;3362.5744;0.9941;7.6932;62.8282;0.0241;-15.1670;-48.3118;Não_acidente;Não_acidente;0-Nao_Acidente
1121;293.00;43028;4;0.7900;3;0;0;251;4;256.4;276.1;19.7;2;6;19.72;0;5.3862;2.6725;-0.0021;0.0073;591508.5121;39496.4112;0.3982;0.0668;0.0001;78541813.2400;46057.3986;4163.2657;4163.2657;-0.1808;0.0231;6859.1027;9701.0772;0.9980;12.8386;60.9735;0.0268;-15.1721;-49.7285;Não_acidente;Não_acidente;0-Nao_Acidente
1122;164.00;43264;4;0.0100;3;1;2;158;4;157.0;163.9;6.9;1;5;6.70;0;5.8726;2.2957;-0.0003;0.0077;201045.7265;13463.0486;0.3893;0.0670;0.0001;12823585.7900;16766.8896;6370.4723;6370.4723;1.2656;0.1143;1800.9971;3343.2353;0.9943;7.5065;60.1351;0.1482;-16.9605;-51.8318;Não_acidente;Não_acidente;0-Nao_Acidente
1123;38.00;42773;7;0.1800;4;0;5;251;4;75.1;93.0;17.9;2;6;18.44;0;4.9325;2.8579;0.0003;0.0059;553171.0790;36938.0709;0.3977;0.0668;0.0001;162573632.2000;51102.2275;13576.3198;13576.3198;0.8470;0.0182;4722.2852;9099.5183;0.9979;12.4161;60.7912;0.0211;-15.4660;-48.5260;Não_acidente;Não_acidente;0-Nao_Acidente
1124;127.00;43227;6;0.6500;4;1;1;153;4;660.1;667.1;7.0;1;1;6.99;0;7.1838;5.0511;0.0020;0.0086;209575.4120;14031.6942;0.3897;0.0670;0.0001;6753507.0890;15621.7314;6820.7199;6820.7199;-0.1279;0.0646;1776.9812;3446.0894;0.9944;7.6627;60.8154;0.0765;-18.0861;-49.2704;Não_acidente;Não_acidente;0-Nao_Acidente
1125;177.00;43277;1;0.5400;3;0;1;483;4;91.3;108.7;17.4;2;6;16.53;0;3.7902;2.0962;0.0004;0.0066;496096.8857;33133.1204;0.3968;0.0668;0.0001;74764559.1900;40312.3558;4900.8969;4900.8969;-0.3281;0.0213;4136.4926;8070.9280;0.9976;11.7603;61.4671;0.0248;-18.4845;-50.0443;Não_acidente;Não_acidente;0-Nao_Acidente
1126;309.00;43409;1;0.1500;4;1;4;452;4;83.3;87.7;4.4;1;5;4.42;0;3.1882;1.4966;-0.0002;0.0038;132542.8214;8896.1883;0.3855;0.0671;0.0002;8229866.3020;12032.5352;2103.1461;2103.1461;-0.4902;0.5380;1027.4129;2208.8868;0.9914;6.1089;60.0044;0.6561;-18.0681;-50.1516;Não_acidente;Não_acidente;0-Nao_Acidente
1127;221.00;42956;4;0.9000;1;0;6;352;4;45.9;52.6;6.7;2;6;6.65;0;4.8140;1.6521;0.0003;0.0059;199496.5664;13359.7704;0.3892;0.0670;0.0001;8498943.5580;15182.0898;6225.9642;6225.9642;-1.3954;0.0281;2388.7315;3266.5851;0.9940;7.4778;61.0719;0.0339;-16.9846;-48.9622;Não_acidente;Não_acidente;0-Nao_Acidente
1128;323.00;43058;4;0.9600;1;1;3;50;4;125.2;154.5;29.3;1;5;29.09;0;4.7246;2.2873;-0.0008;0.0085;872584.9596;58232.3305;0.4011;0.0667;0.0001;123431205.0000;62532.1826;26631.2688;26631.2688;0.0269;0.0083;7107.6616;13338.8093;0.9984;15.5848;65.4170;0.0084;-17.1274;-47.7221;Não_acidente;Não_acidente;0-Nao_Acidente
1129;21.00;43121;6;0.8600;2;0;7;414;4;201.7;203.5;1.8;1;5;2.43;1;10.6316;3.4707;-0.0057;0.0070;72983.9031;4925.5347;0.3796;0.0675;0.0002;1786579.3570;6024.9711;811.8452;811.8452;0.3034;0.0905;605.0140;1202.2277;0.9839;4.5581;60.7072;0.1085;-14.4665;-48.4795;Não_acidente;Não_acidente;0-Nao_Acidente
1130;334.00;43434;5;0.7300;4;1;0;452;4;139.1;181.1;42.0;1;5;42.03;0;5.7049;2.9849;-0.0006;0.0075;1261334.7330;84148.9500;0.4036;0.0667;0.0001;587678862.5000;106819.6690;15503.4110;15503.4110;-0.3590;0.0132;10338.2668;20551.0013;0.9990;18.7315;61.3758;0.0137;-18.2996;-49.5621;Não_acidente;Não_acidente;0-Nao_Acidente
1131;352.00;43087;2;0.9300;3;0;6;153;4;565.3;582.4;17.1;1;1;16.95;1;8.4432;4.3856;0.0030;0.0101;508447.0727;33956.4717;0.3970;0.0668;0.0001;34057622.1100;35449.7804;15532.1761;15532.1761;-1.5201;0.0146;4632.1622;8086.0926;0.9975;11.9053;62.8792;0.0167;-17.2565;-49.2418;Não_acidente;Não_acidente;0-Nao_Acidente
1132;223.00;42958;6;0.7700;3;1;6;10;4;227.0;289.0;62.0;2;6;83.58;1;17.7987;17.7175;-0.0027;0.0295;2506280.0560;167145.3258;0.4081;0.0667;0.0000;2722851126.0000;222288.3117;74687.6401;74687.6401;-1.1092;0.0129;35685.9422;41720.2943;0.9995;26.3949;60.0734;0.0156;-13.7752;-47.2688;Não_acidente;Não_acidente;0-Nao_Acidente
1133;264.00;42999;6;0.0700;2;0;7;251;4;277.6;278.9;1.3;2;6;1.30;1;7.2126;1.8956;-0.0029;0.0078;38858.9651;2649.2417;0.3729;0.0682;0.0003;513463.0086;2976.1383;543.7237;543.7237;-0.5712;0.1300;323.9727;540.2634;0.9576;3.3598;71.9260;0.1445;-15.1597;-49.8146;Não_acidente;Não_acidente;0-Nao_Acidente
1134;203.00;42938;6;0.7600;3;1;4;251;4;303.9;312.3;8.4;2;6;8.40;0;7.4786;2.9494;0.0050;0.0135;251834.0530;16848.8908;0.3913;0.0669;0.0001;29801738.9600;21973.1152;6105.1390;6105.1390;0.8775;0.0216;2272.0457;4060.8343;0.9951;8.3937;62.0153;0.0260;-15.2569;-50.0451;Não_acidente;Não_acidente;0-Nao_Acidente
1135;335.00;43070;7;0.3200;4;0;0;158;4;90.0;94.0;4.0;1;5;2.50;0;4.5925;2.0989;0.0008;0.0064;75022.8930;5061.5262;0.3799;0.0675;0.0002;769288.8787;5515.8076;2443.0099;2443.0099;-1.4892;0.1324;717.9050;1231.6931;0.9843;4.6198;60.9104;0.1572;-16.4585;-51.7929;Não_acidente;Não_acidente;0-Nao_Acidente
1136;40.00;43140;3;0.3800;3;1;6;364;4;299.2;310.2;11.0;1;5;8.79;0;5.2959;2.4918;0.0018;0.0074;263817.4341;17649.3503;0.3917;0.0669;0.0001;23314134.0600;21544.1244;7772.4923;7772.4923;0.3718;0.0242;2336.8543;4212.7982;0.9953;8.5905;62.6229;0.0292;-17.5058;-52.5393;Não_acidente;Não_acidente;0-Nao_Acidente
1137;175.00;42910;3;0.1000;2;0;6;154;4;0.0;9.0;9.0;1;5;9.30;1;4.1352;1.7371;0.0015;0.0065;279234.5643;18675.6258;0.3922;0.0669;0.0001;33323994.1900;24584.9757;4036.1917;4036.1917;0.4474;0.0314;2349.5765;4602.6188;0.9958;8.8355;60.6686;0.0379;-18.3669;-49.2459;Não_acidente;Não_acidente;0-Nao_Acidente
1138;128.00;43228;3;0.9600;2;1;6;452;4;134.7;139.1;4.4;1;5;4.29;0;5.3937;2.2007;-0.0002;0.0067;128673.0016;8638.2001;0.3852;0.0671;0.0002;7977967.4600;11716.6396;2153.2667;2153.2667;-0.5072;0.0997;1078.1322;2139.4335;0.9911;6.0203;60.1435;0.1203;-18.2395;-49.7121;Não_acidente;Não_acidente;0-Nao_Acidente
1139;149.00;43249;1;0.8400;1;0;6;153;4;107.5;124.9;17.4;1;5;17.30;0;5.4824;2.2308;0.0011;0.0084;518745.3617;34643.0242;0.3972;0.0668;0.0001;56687098.4500;40229.6306;16725.5671;16725.5671;-0.1940;0.0445;4559.3653;8603.2175;0.9978;12.0248;60.2967;0.0460;-13.8018;-49.0371;Não_acidente;Não_acidente;0-Nao_Acidente
1140;157.00;42892;5;0.0400;3;1;5;60;4;473.1;478.3;5.2;1;1;5.25;0;9.8282;4.9922;-0.0029;0.0137;157599.0832;10566.6344;0.3871;0.0670;0.0002;3735292.7350;11445.6819;751.3412;751.3412;-0.0317;0.0400;1298.0732;2516.0479;0.9921;6.6543;62.6376;0.0483;-17.9152;-51.7590;Não_acidente;Não_acidente;0-Nao_Acidente