FID;data_conse;data_inver;dia_semana;horario;fase_dia;sentido_vi;condicao_m;vl_br;nm_tipo_tr;vl_km_inic;vl_km_fina;vl_extensa;ds_superfi;ds_legenda;Dist_km;TIPO;S_med;S_sd;CV_med;CV_sd;P_AREA;P_PERIM;P_FRACDIM;P_PERARAT;P_COMPAC;PBOX_AREA;PBOX_PERIM;PBOX_LEN;PBOX_WIDTH;POL_ANGLE;PELLIP_FIT;PGYRATIUS;POLRADIUS;PCIRCLE;PSAHPEIDX;PDENSITY;PRECTFIT;Lat;Long;causa_acid;tipo_acide;Acidente
1141;266.00;43366;6;0.9200;4;0;3;20;4;31.0;72.8;41.8;1;5;41.83;0;10.4369;10.7547;-0.0082;0.0233;1254847.2050;83716.4716;0.4036;0.0667;0.0001;299636980.4000;92122.3163;38221.7144;38221.7144;-1.4509;0.0057;9981.5824;19648.0370;0.9990;18.6834;63.8663;0.0062;-15.2902;-47.1510;Não_acidente;Não_acidente;0-Nao_Acidente
1142;359.00;43459;3;0.4900;2;1;6;414;4;300.0;317.0;17.0;1;5;17.79;0;3.6645;1.8476;-0.0004;0.0056;533703.2886;35640.2186;0.3974;0.0668;0.0001;93341812.2900;44372.6365;16544.4312;16544.4312;-1.2187;0.0243;4005.4942;8794.6430;0.9978;12.1964;60.6850;0.0257;-15.2695;-48.6856;Não_acidente;Não_acidente;0-Nao_Acidente
1143;79.00;42814;5;0.0400;4;0;5;154;4;39.1;41.0;1.9;2;6;1.83;0;3.9635;2.5494;0.0025;0.0055;54961.2141;3724.0075;0.3767;0.0678;0.0003;1045941.6750;4407.2002;1511.7045;1511.7045;1.2319;0.0880;383.8166;844.0496;0.9754;3.9712;65.1161;0.1043;-18.4912;-49.5175;Não_acidente;Não_acidente;0-Nao_Acidente
1144;13.00;43113;7;0.0300;3;1;7;153;4;696.7;703.6;6.9;1;1;7.25;1;4.3966;2.4623;-0.0005;0.0071;217367.9569;14551.1894;0.3900;0.0669;0.0001;16079941.2200;18269.9984;6754.3035;6754.3035;-1.2266;0.0737;1939.9126;3607.4725;0.9947;7.8026;60.2549;0.0812;-18.4063;-49.1996;Não_acidente;Não_acidente;0-Nao_Acidente
1145;114.00;43214;5;0.4300;1;0;4;479;4;20.7;66.6;45.9;2;6;42.84;0;4.6964;2.8305;0.0001;0.0069;1285069.8770;85731.1289;0.4038;0.0667;0.0001;390763914.0000;98920.9391;9870.2012;9870.2012;-0.2295;0.0057;13003.7246;20413.4222;0.9990;18.9067;62.9522;0.0061;-15.7255;-47.2524;Não_acidente;Não_acidente;0-Nao_Acidente
1146;285.00;43020;1;0.7400;4;1;5;80;4;335.8;363.0;27.2;0;3;30.81;0;3.3764;2.3575;0.0003;0.0053;923542.6479;61628.1450;0.4015;0.0667;0.0001;207457262.2000;71133.4642;28213.6511;28213.6511;-1.3424;0.0159;9356.6483;15186.9557;0.9987;16.0321;60.8116;0.0182;-13.5045;-50.1050;Não_acidente;Não_acidente;0-Nao_Acidente
1147;146.00;42881;3;0.3100;1;0;4;158;4;362.9;426.9;64.0;2;6;64.46;0;4.8690;2.1614;-0.0007;0.0069;1933360.2650;128950.6856;0.4065;0.0667;0.0000;1012002796.0000;138933.5157;48676.2916;48676.2916;-1.2966;0.0019;16064.2850;28758.4251;0.9993;23.1850;67.2276;0.0024;-18.5858;-52.0954;Não_acidente;Não_acidente;0-Nao_Acidente
1148;206.00;43306;1;0.3500;2;1;2;80;4;130.0;135.0;5.0;1;5;4.09;0;5.2016;1.6269;-0.0041;0.0062;122701.8347;8240.1223;0.3848;0.0672;0.0002;5545220.9480;10574.1524;3844.8177;3844.8177;-1.2223;0.3085;1109.0957;2047.8785;0.9907;5.8810;59.9166;0.3827;-15.0114;-48.9008;Não_acidente;Não_acidente;0-Nao_Acidente
1149;70.00;42805;7;0.7500;1;0;1;60;4;189.3;210.8;21.5;1;1;20.71;0;4.3876;2.1146;0.0011;0.0064;621346.9284;41483.1338;0.3986;0.0668;0.0001;185966248.8000;54751.3012;12508.7101;12508.7101;0.7416;0.0111;4977.8164;9777.8793;0.9979;13.1566;63.5462;0.0130;-16.8701;-49.6102;Não_acidente;Não_acidente;0-Nao_Acidente
1150;20.00;42755;5;0.2800;2;1;0;483;4;218.6;241.2;22.6;2;6;22.53;0;4.6799;2.2558;-0.0005;0.0070;675433.3479;45088.8833;0.3992;0.0668;0.0001;213299208.6000;59967.5731;18376.8092;18376.8092;1.0303;0.0140;6367.8993;10903.7700;0.9982;13.7157;61.9449;0.0146;-19.1609;-50.7806;Não_acidente;Não_acidente;0-Nao_Acidente
1151;101.00;43201;2;0.7700;1;0;0;457;4;161.1;173.8;12.7;2;6;12.71;1;5.1503;2.6476;0.0015;0.0071;381218.9613;25474.5903;0.3947;0.0668;0.0001;65900571.8300;33831.2298;6084.2163;6084.2163;-0.4841;0.0474;5052.5950;6220.8080;0.9969;10.3148;61.2813;0.0500;-16.7084;-48.6226;Não_acidente;Não_acidente;0-Nao_Acidente
1152;252.00;42987;5;0.4100;4;1;1;153;4;436.9;445.2;8.3;1;1;8.65;1;6.1786;2.8924;-0.0007;0.0092;259393.5311;17352.9203;0.3915;0.0669;0.0001;17893343.1000;19760.4979;7491.8859;7491.8859;0.1904;0.0165;2139.8802;4062.0816;0.9950;8.5179;63.8573;0.0198;-16.3308;-48.9223;Não_acidente;Não_acidente;0-Nao_Acidente
1153;280.00;43015;4;0.4500;3;0;1;352;4;239.4;254.6;15.2;2;6;18.34;1;6.3702;2.6078;0.0013;0.0085;549851.3747;36714.3754;0.3976;0.0668;0.0001;90670114.5100;43872.8023;16411.6654;16411.6654;-1.2129;0.0182;5374.3052;8705.8065;0.9977;12.3781;63.1592;0.0202;-18.1635;-47.9406;Não_acidente;Não_acidente;0-Nao_Acidente
1154;339.00;43439;7;0.2100;1;1;7;251;4;277.6;278.9;1.3;2;6;1.30;1;7.2126;1.8956;-0.0029;0.0078;38858.9651;2649.2417;0.3729;0.0682;0.0003;513463.0086;2976.1383;543.7237;543.7237;-0.5712;0.1300;323.9727;540.2634;0.9576;3.3598;71.9260;0.1445;-15.1626;-49.8096;Não_acidente;Não_acidente;0-Nao_Acidente
1155;62.00;43162;5;0.8700;2;0;5;251;4;312.3;374.6;62.3;2;6;53.14;0;9.0739;8.3233;-0.0007;0.0162;1594198.8920;106339.8758;0.4052;0.0667;0.0001;448619578.8000;114309.3864;9392.8435;9392.8435;1.5296;0.0031;14875.7822;24422.7443;0.9991;21.0555;65.2752;0.0036;-15.2052;-50.1925;Não_acidente;Não_acidente;0-Nao_Acidente
1156;13.00;43113;5;0.6800;3;1;6;70;4;194.5;196.4;1.9;2;6;1.65;1;7.1949;2.2966;0.0037;0.0079;49619.6801;3367.9787;0.3756;0.0679;0.0003;509112.6027;3850.1790;316.4954;316.4954;-0.1557;0.1375;429.3735;817.5512;0.9764;3.7799;60.6931;0.1650;-16.0233;-49.8148;Não_acidente;Não_acidente;0-Nao_Acidente
1157;146.00;43246;1;0.0700;4;0;6;50;4;209.8;245.4;35.6;1;5;34.92;0;6.1238;4.3039;0.0090;0.0132;1047319.6180;69881.2920;0.4024;0.0667;0.0001;255951534.3000;77908.3442;30585.8820;30585.8820;1.3855;0.0056;8354.0595;15995.7782;0.9987;17.0711;65.4748;0.0066;-17.7990;-47.7658;Não_acidente;Não_acidente;0-Nao_Acidente
1158;39.00;42774;7;0.0900;4;1;7;70;4;192.9;194.5;1.6;2;6;1.70;1;4.8058;1.8412;0.0033;0.0045;51060.1920;3464.0128;0.3759;0.0678;0.0003;847817.3869;4289.5444;522.6638;522.6638;-0.2980;0.2405;425.3187;846.6054;0.9773;3.8325;60.3117;0.2550;-16.0245;-49.8117;Não_acidente;Não_acidente;0-Nao_Acidente
1159;234.00;43334;2;0.2000;1;0;6;352;4;239.4;254.6;15.2;2;6;18.34;1;6.3702;2.6078;0.0013;0.0085;549851.3747;36714.3754;0.3976;0.0668;0.0001;90670114.5100;43872.8023;16411.6654;16411.6654;-1.2129;0.0182;5374.3052;8705.8065;0.9977;12.3781;63.1592;0.0202;-18.1691;-47.9440;Não_acidente;Não_acidente;0-Nao_Acidente
1160;343.00;43078;7;0.0500;2;1;5;70;4;67.3;98.8;31.5;0;4;31.51;0;10.3386;7.6502;-0.0082;0.0178;945121.2977;63072.0812;0.4016;0.0667;0.0001;61636447.0900;63321.5421;2083.9438;2083.9438;-0.0417;0.0202;5487.8726;14838.5199;0.9986;16.2193;63.6938;0.0198;-15.7873;-48.9198;Não_acidente;Não_acidente;0-Nao_Acidente
1161;100.00;42835;6;0.6800;3;0;3;50;4;119.2;125.2;6.0;1;5;6.11;0;2.3794;1.0251;0.0015;0.0043;183176.9526;12271.7969;0.3885;0.0670;0.0002;17417561.7200;16765.9689;4580.1376;4580.1376;0.8756;0.0338;1633.0881;2991.8052;0.9935;7.1682;61.2262;0.0407;-16.9503;-47.7326;Não_acidente;Não_acidente;0-Nao_Acidente
1162;177.00;42912;6;0.0300;1;1;5;20;4;22.0;31.0;9.0;1;5;9.07;1;5.1146;1.7008;-0.0002;0.0057;272057.7930;18197.1863;0.3919;0.0669;0.0001;37065232.7400;24369.6844;5863.5937;5863.5937;0.7794;0.0188;2352.4370;4423.8202;0.9956;8.7220;61.4984;0.0227;-15.4971;-47.1091;Não_acidente;Não_acidente;0-Nao_Acidente
1163;364.00;43099;3;0.9500;2;0;7;153;4;555.5;565.3;9.8;1;1;9.79;0;8.1502;3.2131;-0.0003;0.0122;293645.9316;19636.3955;0.3926;0.0669;0.0001;29389649.4000;23466.2411;8108.6308;8108.6308;1.1331;0.0204;2233.9453;4501.3200;0.9954;9.0592;65.2355;0.0234;-17.2070;-49.2109;Não_acidente;Não_acidente;0-Nao_Acidente
1164;214.00;42949;5;0.3900;2;1;6;60;4;139.4;143.7;4.3;1;1;4.25;1;4.4952;2.2291;0.0000;0.0061;127401.8187;8553.4534;0.3851;0.0671;0.0002;3008906.8170;9542.2879;747.8764;747.8764;0.1147;0.0512;1060.4761;2032.7749;0.9902;5.9909;62.6738;0.0576;-16.6223;-49.2412;Não_acidente;Não_acidente;0-Nao_Acidente
1165;334.00;43069;7;0.8800;3;0;4;352;4;125.1;139.3;14.2;2;6;15.21;0;6.1521;2.6919;0.0007;0.0078;456306.9831;30480.4682;0.3962;0.0668;0.0001;45996911.0700;35814.5577;3108.0644;3108.0644;-1.3539;0.0320;3969.1601;7578.0832;0.9975;11.2806;60.2140;0.0387;-17.3253;-48.3784;Não_acidente;Não_acidente;0-Nao_Acidente
1166;119.00;42854;4;0.2100;1;1;7;60;3;12.9;13.4;0.5;2;6;0.49;1;7.4200;2.1155;0.0063;0.0038;14789.9514;1045.9966;0.3621;0.0707;0.0006;130261.3743;1453.8629;320.5011;320.5011;0.6568;0.5114;170.5947;248.6621;0.9239;2.1502;59.4781;0.6159;-17.8482;-51.7324;Não_acidente;Não_acidente;0-Nao_Acidente
1167;363.00;43098;2;0.0000;2;0;3;70;4;167.7;187.7;20.0;1;5;21.79;0;5.2035;2.8457;-0.0013;0.0078;653629.1255;43636.9576;0.3989;0.0668;0.0001;201988201.4000;58698.6562;11019.8639;11019.8639;0.5205;0.0223;5568.9536;10752.7068;0.9982;13.4936;60.7874;0.0228;-15.9891;-49.7184;Não_acidente;Não_acidente;0-Nao_Acidente
1168;238.00;43338;5;0.2900;1;1;1;483;4;217.4;218.6;1.2;2;6;0.88;1;4.1294;1.1059;0.0010;0.0029;26393.6160;1819.5737;0.3686;0.0689;0.0004;201786.2351;2190.6206;234.3822;234.3822;0.2416;0.5304;383.2392;440.0485;0.9566;2.8000;59.9789;0.6956;-19.0131;-50.6814;Não_acidente;Não_acidente;0-Nao_Acidente
1169;215.00;42950;2;0.1200;1;0;1;251;4;75.1;93.0;17.9;2;6;18.44;0;4.9325;2.8579;0.0003;0.0059;553171.0790;36938.0709;0.3977;0.0668;0.0001;162573632.2000;51102.2275;13576.3198;13576.3198;0.8470;0.0182;4722.2852;9099.5183;0.9979;12.4161;60.7912;0.0211;-15.5373;-48.5760;Não_acidente;Não_acidente;0-Nao_Acidente
1170;197.00;43297;3;0.4400;1;1;4;70;4;65.5;67.3;1.8;1;5;4.69;0;4.6506;2.0845;-0.0013;0.0076;140574.4790;9431.6399;0.3860;0.0671;0.0002;9720720.1280;12889.0449;4036.0470;4036.0470;1.0465;0.1501;1339.0928;2341.9428;0.9918;6.2889;60.0247;0.1810;-15.7605;-48.7557;Não_acidente;Não_acidente;0-Nao_Acidente
1171;57.00;42792;3;0.5700;2;0;3;414;4;284.5;300.0;15.5;1;5;15.34;0;7.0232;3.7727;-0.0048;0.0153;460233.2006;30742.2130;0.3962;0.0668;0.0001;63074341.2800;34292.4238;11801.6976;11801.6976;0.3701;0.0102;3502.3559;6890.2610;0.9969;11.3289;66.7947;0.0119;-15.1287;-48.7112;Não_acidente;Não_acidente;0-Nao_Acidente
1172;170.00;43270;6;0.8400;2;1;6;158;4;232.0;263.3;31.3;1;5;30.71;0;5.7817;2.7494;0.0002;0.0088;921244.2961;61476.2898;0.4014;0.0667;0.0001;287088303.6000;75880.6586;27501.2163;27501.2163;-1.2235;0.0131;8142.7279;14953.7321;0.9987;16.0125;61.6063;0.0150;-17.5931;-51.8671;Não_acidente;Não_acidente;0-Nao_Acidente
1173;251.00;43351;7;0.6400;4;0;1;154;4;39.1;41.0;1.9;2;6;1.83;0;3.9635;2.5494;0.0025;0.0055;54961.2141;3724.0075;0.3767;0.0678;0.0003;1045941.6750;4407.2002;1511.7045;1511.7045;1.2319;0.0880;383.8166;844.0496;0.9754;3.9712;65.1161;0.1043;-18.4825;-49.5164;Não_acidente;Não_acidente;0-Nao_Acidente
1174;47.00;42782;5;0.1800;4;1;0;251;4;181.4;202.8;21.4;2;6;22.27;0;5.8602;2.3049;-0.0009;0.0063;667890.4891;44586.0058;0.3991;0.0668;0.0001;82403805.7600;46518.0186;4360.2837;4360.2837;0.0894;0.0077;6414.1515;10263.8366;0.9980;13.6391;65.0722;0.0089;-15.3259;-49.3542;Não_acidente;Não_acidente;0-Nao_Acidente
1175;270.00;43005;3;0.6400;1;0;0;70;4;424.0;472.1;48.1;1;5;48.32;0;4.4096;2.6867;0.0008;0.0073;1449500.3070;96693.3437;0.4046;0.0667;0.0001;201633802.2000;102280.4257;4305.1931;4305.1931;0.0227;0.0079;9483.2484;23515.6807;0.9992;20.0783;61.6397;0.0082;-15.8999;-51.9426;Não_acidente;Não_acidente;0-Nao_Acidente
1176;240.00;43340;7;0.9900;2;1;5;153;4;696.7;703.6;6.9;1;1;7.25;1;4.3966;2.4623;-0.0005;0.0071;217367.9569;14551.1894;0.3900;0.0669;0.0001;16079941.2200;18269.9984;6754.3035;6754.3035;-1.2266;0.0737;1939.9126;3607.4725;0.9947;7.8026;60.2549;0.0812;-18.4099;-49.1966;Não_acidente;Não_acidente;0-Nao_Acidente
1177;352.00;43087;3;0.4000;1;0;5;154;4;0.0;9.0;9.0;1;5;9.30;1;4.1352;1.7371;0.0015;0.0065;279234.5643;18675.6258;0.3922;0.0669;0.0001;33323994.1900;24584.9757;4036.1917;4036.1917;0.4474;0.0314;2349.5765;4602.6188;0.9958;8.8355;60.6686;0.0379;-18.3597;-49.2217;Não_acidente;Não_acidente;0-Nao_Acidente
1178;18.00;42753;3;0.1300;2;1;0;153;4;496.8;501.3;4.5;1;1;6.15;1;8.1779;5.2360;0.0039;0.0082;184363.8059;12350.9005;0.3885;0.0670;0.0002;8880756.8080;14554.9349;5726.7055;5726.7055;1.3570;0.0280;1551.3433;2971.9824;0.9934;7.1912;62.0340;0.0337;-16.6705;-49.2274;Não_acidente;Não_acidente;0-Nao_Acidente
1179;192.00;43292;4;0.5900;3;0;5;251;4;397.4;445.4;48.0;2;6;48.64;0;2.8176;1.2597;0.0003;0.0046;1459282.9460;97347.5190;0.4046;0.0667;0.0001;672811514.0000;118016.7885;15444.1070;15444.1070;-0.3322;0.0048;11664.8356;23226.0595;0.9991;20.1463;62.8296;0.0055;-14.9921;-50.7766;Não_acidente;Não_acidente;0-Nao_Acidente
1180;108.00;43208;5;0.9800;2;1;3;364;4;235.5;259.4;23.9;1;5;23.82;0;3.8211;1.8211;0.0009;0.0080;714657.0542;47703.8033;0.3996;0.0668;0.0001;260300172.2000;65104.3026;14128.8760;14128.8760;-0.6728;0.0202;5606.7369;11706.0623;0.9983;14.1073;61.0502;0.0233;-17.7266;-52.1522;Não_acidente;Não_acidente;0-Nao_Acidente
1181;119.00;43219;5;0.1800;3;0;0;251;4;174.1;181.4;7.3;2;6;7.55;0;5.6740;2.6926;-0.0002;0.0060;226392.8405;15152.8560;0.3903;0.0669;0.0001;2606632.0500;15773.8520;345.6486;345.6486;0.0432;0.2713;2309.6517;3774.7502;0.9949;7.9617;59.9756;0.3276;-15.3295;-49.1985;Não_acidente;Não_acidente;0-Nao_Acidente
1182;304.00;43404;1;0.6700;4;1;7;50;4;163.5;207.6;44.1;1;5;44.10;0;3.7751;2.9501;0.0025;0.0065;1322883.3390;88252.2821;0.4040;0.0667;0.0001;314681291.0000;93141.7991;38369.5765;38369.5765;1.4679;0.0044;10574.3608;19692.1927;0.9989;19.1825;67.1781;0.0052;-17.2835;-47.7589;Não_acidente;Não_acidente;0-Nao_Acidente
1183;266.00;43001;1;0.2800;1;0;7;483;4;39.1;57.4;18.3;2;6;18.28;0;5.0850;2.1685;-0.0015;0.0061;548854.8627;36650.3244;0.3976;0.0668;0.0001;43229199.7900;40407.1042;2432.5727;2432.5727;0.0920;0.0164;5438.6288;9038.0741;0.9979;12.3677;60.7270;0.0197;-18.4773;-49.5211;Não_acidente;Não_acidente;0-Nao_Acidente
1184;225.00;43325;1;0.1700;1;1;2;483;4;91.3;108.7;17.4;2;6;16.53;1;3.7902;2.0962;0.0004;0.0066;496096.8857;33133.1204;0.3968;0.0668;0.0001;74764559.1900;40312.3558;4900.8969;4900.8969;-0.3281;0.0213;4136.4926;8070.9280;0.9976;11.7603;61.4671;0.0248;-18.4902;-49.9899;Não_acidente;Não_acidente;0-Nao_Acidente
1185;161.00;42896;2;0.8500;3;0;1;60;4;387.9;393.1;5.2;1;1;5.38;1;4.8521;2.1528;-0.0015;0.0068;161399.2511;10819.9544;0.3873;0.0670;0.0002;2749602.4430;11606.4397;520.4888;520.4888;-1.5684;0.0503;1526.5450;2657.2414;0.9927;6.7331;60.7394;0.0606;-17.8236;-50.9526;Não_acidente;Não_acidente;0-Nao_Acidente
1186;245.00;43345;6;0.2300;4;1;6;158;4;330.9;352.2;21.3;2;6;21.29;0;6.8689;3.3447;0.0039;0.0109;638526.9848;42628.4647;0.3988;0.0668;0.0001;199184886.7000;56672.4847;15413.4207;15413.4207;-0.6756;0.0145;5730.0694;10171.9027;0.9980;13.3368;62.7736;0.0158;-18.2974;-51.9456;Não_acidente;Não_acidente;0-Nao_Acidente
1187;164.00;43264;1;0.3100;4;0;3;60;4;592.2;631.5;39.3;2;6;39.39;0;4.1935;2.1376;-0.0002;0.0057;1181154.0160;78803.5485;0.4032;0.0667;0.0001;228817989.6000;86116.1012;36848.3249;36848.3249;-1.5011;0.0047;13623.4731;19248.4777;0.9990;18.1273;61.3635;0.0057;-18.0621;-52.6688;Não_acidente;Não_acidente;0-Nao_Acidente
1188;174.00;43274;4;0.9700;2;1;2;490;4;160.7;163.3;2.6;2;6;2.58;0;4.6911;1.4471;0.0010;0.0047;77281.6427;5212.1095;0.3802;0.0674;0.0002;1936152.9060;6510.0284;783.3351;783.3351;0.2973;0.6303;827.2372;1288.1734;0.9852;4.6872;59.9932;0.8351;-17.7171;-49.0230;Não_acidente;Não_acidente;0-Nao_Acidente
1189;137.00;43237;2;0.4300;1;0;0;80;4;135.0;153.0;18.0;1;5;22.82;0;7.2432;5.2861;-0.0058;0.0145;684679.1002;45708.7533;0.3993;0.0668;0.0001;220147370.0000;59837.8723;16866.9048;16866.9048;0.6235;0.0148;5687.6410;10879.8929;0.9982;13.8101;62.9307;0.0146;-14.8949;-48.9704;Não_acidente;Não_acidente;0-Nao_Acidente
1190;365.00;43465;1;0.4200;1;1;4;70;4;231.5;268.9;37.4;2;6;37.33;0;7.8767;3.7514;-0.0028;0.0095;1119728.8220;74743.9670;0.4028;0.0668;0.0001;276737445.9000;83534.7899;8258.6678;8258.6678;-0.2086;0.0056;9087.0869;17498.7264;0.9988;17.6587;63.9892;0.0065;-15.9519;-50.1464;Não_acidente;Não_acidente;0-Nao_Acidente
1191;176.00;43276;7;0.7300;2;0;3;50;4;95.7;106.7;11.0;1;5;10.60;0;4.5388;1.4948;0.0031;0.0044;317853.8229;21250.2536;0.3932;0.0669;0.0001;55655353.8600;29841.2573;7429.7188;7429.7188;0.7724;0.0829;3025.8634;5273.4166;0.9964;9.4230;60.2747;0.0933;-16.8150;-47.6682;Não_acidente;Não_acidente;0-Nao_Acidente
1192;127.00;43227;1;0.2100;1;1;0;10;4;161.9;227.0;65.1;2;6;65.10;0;8.6588;5.3548;-0.0049;0.0142;1952856.4600;130250.0778;0.4065;0.0667;0.0000;1190613098.0000;138982.5546;38825.6273;38825.6273;0.8169;0.0035;11888.7787;25426.1308;0.9990;23.3014;76.8051;0.0039;-13.9777;-47.5017;Não_acidente;Não_acidente;0-Nao_Acidente
1193;349.00;43449;5;0.0000;2;0;1;80;4;46.0;94.3;48.3;1;5;48.32;0;5.0842;2.8679;0.0016;0.0080;1449512.6090;96694.1598;0.4046;0.0667;0.0001;345746597.4000;104806.8925;7741.3955;7741.3955;0.1414;0.0065;11552.3004;22812.3064;0.9991;20.0784;63.5408;0.0071;-15.2176;-48.6153;Não_acidente;Não_acidente;0-Nao_Acidente
1194;71.00;43171;5;0.8800;4;1;1;60;2;38.7;50.9;12.2;1;1;12.15;1;4.7264;2.3770;0.0020;0.0082;364350.2289;24349.9989;0.3944;0.0668;0.0001;44686798.4400;30068.7017;4078.9887;4078.9887;1.2504;0.0211;3044.0131;5962.6342;0.9967;10.0851;61.1056;0.0255;-16.7704;-49.3162;Não_acidente;Não_acidente;0-Nao_Acidente
1195;301.00;43401;7;0.0000;1;0;1;60;4;210.8;219.3;8.5;1;1;8.35;0;5.8444;3.5909;-0.0012;0.0121;250528.6330;16761.9072;0.3912;0.0669;0.0001;25399797.9400;21389.6504;3559.9497;3559.9497;-1.0864;0.0215;2291.7507;4076.9323;0.9952;8.3721;61.4503;0.0259;-16.9514;-49.7021;Não_acidente;Não_acidente;0-Nao_Acidente
1196;313.00;43048;5;0.4200;2;1;6;20;4;22.0;31.0;9.0;1;5;9.07;0;5.1146;1.7008;-0.0002;0.0057;272057.7930;18197.1863;0.3919;0.0669;0.0001;37065232.7400;24369.6844;5863.5937;5863.5937;0.7794;0.0188;2352.4370;4423.8202;0.9956;8.7220;61.4984;0.0227;-15.5098;-47.1174;Não_acidente;Não_acidente;0-Nao_Acidente
1197;280.00;43380;4;0.3000;3;0;4;60;4;252.7;304.4;51.7;1;1;52.08;0;3.7630;2.0663;-0.0009;0.0055;1562350.4010;104216.8948;0.4051;0.0667;0.0001;1171983546.0000;139406.6711;28320.5728;28320.5728;-0.9647;0.0063;13478.0451;25123.4416;0.9992;20.8444;62.1870;0.0073;-17.2616;-50.2279;Não_acidente;Não_acidente;0-Nao_Acidente
1198;93.00;42828;7;0.2200;2;1;5;452;4;79.2;83.3;4.1;1;5;4.10;0;4.2342;1.9405;0.0003;0.0064;123168.4172;8271.7064;0.3848;0.0672;0.0002;1866750.4270;8905.4927;468.5373;468.5373;-1.5448;0.0559;962.7552;2034.6094;0.9905;5.8923;60.5366;0.0673;-18.0502;-50.2022;Não_acidente;Não_acidente;0-Nao_Acidente
1199;27.00;43127;2;0.7000;3;0;0;158;4;157.0;163.9;6.9;1;5;6.70;0;5.8726;2.2957;-0.0003;0.0077;201045.7265;13463.0486;0.3893;0.0670;0.0001;12823585.7900;16766.8896;6370.4723;6370.4723;1.2656;0.1143;1800.9971;3343.2353;0.9943;7.5065;60.1351;0.1482;-17.0016;-51.8459;Não_acidente;Não_acidente;0-Nao_Acidente
1200;286.00;43021;6;0.4500;1;1;6;359;4;12.2;43.9;31.7;2;6;36.10;0;5.0452;2.6505;0.0024;0.0073;1083105.2910;72266.9942;0.4026;0.0667;0.0001;212272919.9000;75739.0986;6841.2735;6841.2735;0.1616;0.0069;9549.9422;15773.8151;0.9986;17.3598;68.6648;0.0069;-17.5960;-52.6566;Não_acidente;Não_acidente;0-Nao_Acidente
1201;50.00;43150;1;0.6600;1;0;7;158;4;292.6;330.9;38.3;2;6;38.33;0;6.0612;3.0168;0.0013;0.0099;1149505.3000;76693.6866;0.4030;0.0667;0.0001;516150198.7000;97996.0919;33667.0069;33667.0069;-0.4290;0.0070;9344.4471;18637.8105;0.9989;17.8832;61.6760;0.0085;-18.1357;-51.9042;Não_acidente;Não_acidente;0-Nao_Acidente
1202;196.00;43296;4;0.2900;4;1;7;10;4;160.9;161.9;1.0;2;6;0.97;1;6.7096;2.3755;-0.0016;0.0030;29121.9025;2001.4602;0.3698;0.0687;0.0004;100875.1251;2148.3284;970.1895;970.1895;-1.4944;0.6366;485.5968;485.5968;0.9607;2.9321;59.9714;1.0000;-14.1422;-47.5217;Não_acidente;Não_acidente;0-Nao_Acidente
1203;212.00;42947;1;0.6500;2;0;2;364;4;16.0;22.0;6.0;1;5;5.66;0;6.1381;2.7065;-0.0009;0.0068;169807.7053;11380.5138;0.3878;0.0670;0.0002;16187513.3900;16093.5069;4030.2216;4030.2216;-0.7874;0.6024;1420.4790;2830.1584;0.9933;6.9044;59.9994;0.8354;-18.9255;-50.6541;Não_acidente;Não_acidente;0-Nao_Acidente
1204;73.00;43173;5;0.8600;3;1;1;70;4;472.1;473.4;1.3;1;5;1.28;1;5.7380;1.8411;-0.0023;0.0097;38394.2619;2621.5963;0.3729;0.0683;0.0003;142797.5730;2778.7307;111.7706;111.7706;-0.0615;0.4969;356.6841;640.0847;0.9702;3.3448;59.9831;0.6327;-15.8974;-52.2311;Não_acidente;Não_acidente;0-Nao_Acidente
1205;10.00;43110;6;0.1200;2;0;1;70;4;318.7;320.0;1.3;1;1;1.14;1;4.0471;1.8522;-0.0005;0.0064;34230.1986;2342.0132;0.3716;0.0684;0.0004;304289.6455;2782.8326;271.7740;271.7740;-1.3513;0.4391;248.7339;570.6968;0.9665;3.1646;59.9797;0.5293;-15.8763;-50.8718;Não_acidente;Não_acidente;0-Nao_Acidente
1206;223.00;43323;5;0.6800;2;1;7;153;4;213.0;243.2;30.2;1;5;30.06;0;5.3313;3.3306;0.0002;0.0089;901889.2376;60186.0243;0.4013;0.0667;0.0001;411623952.9000;83085.1281;25223.4954;25223.4954;-0.5736;0.1014;7366.4033;15009.9179;0.9987;15.8438;60.0862;0.0954;-14.7739;-49.2680;Não_acidente;Não_acidente;0-Nao_Acidente
1207;131.00;42866;6;0.5800;3;0;6;158;4;3.5;5.5;2.0;1;5;2.01;1;3.5495;1.4757;0.0028;0.0029;60357.7057;4083.8470;0.3777;0.0677;0.0003;1061174.4510;4961.4623;1931.2580;1931.2580;-1.3319;0.1876;551.1591;1000.8763;0.9808;4.1557;60.3049;0.2246;-15.9006;-52.2217;Não_acidente;Não_acidente;0-Nao_Acidente
1208;348.00;43083;4;0.1700;3;1;3;80;4;153.0;181.3;28.3;1;5;28.41;0;4.2196;2.1751;0.0024;0.0062;852209.7968;56873.9864;0.4009;0.0667;0.0001;348345675.8000;75955.1994;22485.7762;22485.7762;-0.9580;0.0081;7499.7829;13726.4015;0.9986;15.4021;62.0854;0.0096;-14.8183;-49.0404;Não_acidente;Não_acidente;0-Nao_Acidente
1209;185.00;42920;2;0.3900;2;0;3;490;4;0.0;11.5;11.5;2;6;11.57;0;5.2476;3.3390;0.0074;0.0175;347224.3545;23208.2832;0.3940;0.0668;0.0001;59243187.8800;30976.9881;8598.7491;8598.7491;-0.6730;0.0399;3330.1406;5551.4779;0.9964;9.8464;62.5463;0.0433;-17.7168;-47.8141;Não_acidente;Não_acidente;0-Nao_Acidente