FID;data_conse;data_inver;dia_semana;horario;fase_dia;sentido_vi;condicao_m;vl_br;nm_tipo_tr;vl_km_inic;vl_km_fina;vl_extensa;ds_superfi;ds_legenda;Dist_km;TIPO;S_med;S_sd;CV_med;CV_sd;P_AREA;P_PERIM;P_FRACDIM;P_PERARAT;P_COMPAC;PBOX_AREA;PBOX_PERIM;PBOX_LEN;PBOX_WIDTH;POL_ANGLE;PELLIP_FIT;PGYRATIUS;POLRADIUS;PCIRCLE;PSAHPEIDX;PDENSITY;PRECTFIT;Lat;Long;causa_acid;tipo_acide;Acidente
1210;309.00;43409;4;0.7900;4;1;3;153;4;275.6;285.3;9.7;1;5;9.55;0;6.8277;2.4252;0.0006;0.0087;286524.0221;19161.6015;0.3924;0.0669;0.0001;43349915.9900;26371.7459;6934.8363;6934.8363;-0.7515;0.0262;2561.3517;4730.2078;0.9959;8.9493;60.5732;0.0316;-15.1118;-49.4891;Não_acidente;Não_acidente;0-Nao_Acidente
1211;338.00;43073;4;0.0700;3;0;3;490;4;111.7;114.7;3.0;2;6;3.00;1;4.5475;1.3981;-0.0012;0.0038;90121.8517;6068.1234;0.3818;0.0673;0.0002;1980107.7190;7115.9318;690.5563;690.5563;-1.3511;0.0764;783.9970;1478.1609;0.9869;5.0533;60.9689;0.0919;-17.7199;-48.6092;Não_acidente;Não_acidente;0-Nao_Acidente
1212;330.00;43430;3;0.1200;3;1;0;60;4;32.4;60.4;28.0;1;1;26.58;0;10.4743;4.4021;0.0056;0.0182;797501.6100;53226.7189;0.4004;0.0667;0.0001;215768657.2000;61641.2359;10751.0209;10751.0209;-1.0607;0.0113;5598.5887;11426.8888;0.9981;14.9006;69.7917;0.0111;-16.1118;-48.5607;Não_acidente;Não_acidente;0-Nao_Acidente
1213;120.00;43220;6;0.9800;2;0;6;251;4;256.4;276.1;19.7;2;6;19.72;0;5.3862;2.6725;-0.0021;0.0073;591508.5121;39496.4112;0.3982;0.0668;0.0001;78541813.2400;46057.3986;4163.2657;4163.2657;-0.1808;0.0231;6859.1027;9701.0772;0.9980;12.8386;60.9735;0.0268;-15.1775;-49.7037;Não_acidente;Não_acidente;0-Nao_Acidente
1214;95.00;42830;7;0.4900;2;1;3;364;4;57.6;62.6;5.0;1;5;5.54;0;4.3192;1.9237;0.0004;0.0045;166008.3661;11127.2245;0.3876;0.0670;0.0002;13774442.4200;15291.7403;4739.6630;4739.6630;-1.0222;0.5184;1382.5454;2766.8367;0.9931;6.8275;59.9993;0.6943;-18.7338;-50.9471;Não_acidente;Não_acidente;0-Nao_Acidente
1215;295.00;43395;1;0.0500;3;0;5;70;4;472.1;473.4;1.3;1;5;1.28;1;5.7380;1.8411;-0.0023;0.0097;38394.2619;2621.5963;0.3729;0.0683;0.0003;142797.5730;2778.7307;111.7706;111.7706;-0.0615;0.4969;356.6841;640.0847;0.9702;3.3448;59.9831;0.6327;-15.8979;-52.2255;Não_acidente;Não_acidente;0-Nao_Acidente
1216;266.00;43366;3;0.3800;1;1;2;153;4;378.1;403.0;24.9;1;5;24.81;0;7.7011;4.1585;-0.0012;0.0107;744203.6610;49673.5781;0.3999;0.0667;0.0001;300831194.0000;69378.6960;17263.9132;17263.9132;-0.7815;0.0176;6255.8784;12298.5539;0.9984;14.3953;60.5115;0.0198;-16.0383;-49.0816;Não_acidente;Não_acidente;0-Nao_Acidente
1217;361.00;43461;7;0.0800;3;0;4;50;4;245.4;265.1;19.7;1;5;20.48;0;5.7953;2.9598;0.0041;0.0086;614376.6801;41018.4485;0.3985;0.0668;0.0001;137557634.8000;49601.1382;16426.3772;16426.3772;1.0615;0.0099;5230.0380;9400.1230;0.9978;13.0828;65.3584;0.0106;-17.9499;-47.7872;Não_acidente;Não_acidente;0-Nao_Acidente
1218;253.00;43353;4;0.5500;3;1;2;10;4;94.1;105.5;11.4;2;6;10.62;0;5.5334;1.9796;-0.0006;0.0054;318452.7942;21290.1865;0.3933;0.0669;0.0001;29585285.3400;25712.8992;9854.1245;9854.1245;1.2616;0.0425;2483.3275;5174.0868;0.9962;9.4319;61.5476;0.0388;-14.6436;-47.5050;Não_acidente;Não_acidente;0-Nao_Acidente
1219;19.00;42754;1;0.2500;1;0;3;457;4;179.2;189.7;10.5;2;6;10.72;0;4.4056;1.7332;0.0015;0.0045;321550.6671;21496.6394;0.3933;0.0669;0.0001;47207492.4100;27502.1028;6619.8672;6619.8672;0.7721;0.0265;3178.2014;4921.2166;0.9958;9.4773;65.3397;0.0256;-16.6472;-48.7071;Não_acidente;Não_acidente;0-Nao_Acidente
1220;179.00;43279;3;0.2700;3;1;6;490;4;117.0;125.1;8.1;2;6;8.11;0;5.5853;2.8894;-0.0008;0.0088;243397.4835;16286.4980;0.3910;0.0669;0.0001;16214558.6300;18809.9667;2273.7329;2273.7329;-0.2568;0.0206;2203.4991;3887.9253;0.9949;8.2530;62.6034;0.0242;-17.7171;-48.6887;Não_acidente;Não_acidente;0-Nao_Acidente
1221;262.00;43362;4;0.7500;1;0;0;153;4;403.0;421.7;18.7;1;2;18.50;0;12.6522;6.5963;0.0002;0.0157;554988.8583;37059.2522;0.3977;0.0668;0.0001;74671244.8500;41062.8135;15807.6725;15807.6725;-1.3411;0.0092;4177.9510;8315.2412;0.9974;12.4364;66.7436;0.0104;-16.1075;-49.0307;Não_acidente;Não_acidente;0-Nao_Acidente
1222;41.00;43141;2;0.0200;3;1;7;60;4;470.0;473.1;3.1;1;1;3.00;1;7.3199;2.4285;-0.0019;0.0089;90152.3578;6070.1572;0.3818;0.0673;0.0002;1965899.5650;6753.9694;747.6912;747.6912;0.0807;0.0425;798.2458;1377.4626;0.9849;5.0542;65.4481;0.0509;-17.9204;-51.7136;Não_acidente;Não_acidente;0-Nao_Acidente
1223;2.00;42737;3;0.7600;2;0;2;60;4;154.5;160.2;5.7;1;1;4.97;1;4.8500;3.1373;-0.0013;0.0060;148835.8152;9979.1875;0.3866;0.0670;0.0002;3284634.1340;10617.8025;4593.9026;4593.9026;-1.4597;0.0726;1402.9505;2349.8046;0.9914;6.4667;63.3397;0.0829;-16.6563;-49.3297;Não_acidente;Não_acidente;0-Nao_Acidente
1224;272.00;43007;7;0.9200;1;1;6;70;3;4.0;8.3;4.3;1;5;4.19;0;5.0668;1.6361;0.0019;0.0065;125815.6367;8447.7092;0.3850;0.0671;0.0002;3126914.5410;9579.7337;4010.1088;4010.1088;-1.4209;0.0528;1021.7318;2074.3118;0.9907;5.9540;60.6542;0.0636;-15.9516;-52.2110;Não_acidente;Não_acidente;0-Nao_Acidente
1225;126.00;42861;7;0.2000;1;0;3;60;2;0.0;5.0;5.0;2;6;4.25;1;9.2231;4.8658;0.0008;0.0134;127586.4134;8565.7609;0.3851;0.0671;0.0002;4691202.4920;10487.3994;1144.3878;1144.3878;-0.2633;0.1403;1307.9041;2123.0958;0.9910;5.9952;60.0945;0.1694;-16.5987;-49.2069;Não_acidente;Não_acidente;0-Nao_Acidente
1226;151.00;42886;3;0.2500;1;1;7;452;4;139.1;181.1;42.0;1;5;42.03;0;5.7049;2.9849;-0.0006;0.0075;1261334.7330;84148.9500;0.4036;0.0667;0.0001;587678862.5000;106819.6690;15503.4110;15503.4110;-0.3590;0.0132;10338.2668;20551.0013;0.9990;18.7315;61.3758;0.0137;-18.2838;-49.6157;Não_acidente;Não_acidente;0-Nao_Acidente
1227;325.00;43425;3;0.6600;4;0;1;452;4;87.7;134.7;47.0;1;5;47.12;0;3.8189;1.8629;0.0003;0.0059;1413970.9240;94324.5925;0.4044;0.0667;0.0001;726077995.1000;119739.8286;16895.6449;16895.6449;1.1982;0.0094;10569.1628;23336.2983;0.9992;19.8310;60.5911;0.0102;-18.1958;-49.8178;Não_acidente;Não_acidente;0-Nao_Acidente
1228;305.00;43040;2;0.3000;4;1;6;452;4;65.1;79.2;14.1;1;5;14.14;0;4.3530;2.4029;0.0005;0.0049;424297.2818;28346.4771;0.3956;0.0668;0.0001;55484406.6500;35167.5839;4121.4540;4121.4540;-0.2918;0.0497;3573.0074;7053.7944;0.9973;10.8794;60.1516;0.0652;-18.0502;-50.2411;Não_acidente;Não_acidente;0-Nao_Acidente
1229;207.00;42942;3;0.6400;2;0;5;153;4;636.5;660.1;23.6;1;1;23.59;0;4.9220;2.3728;0.0004;0.0056;707293.0299;47212.7668;0.3995;0.0668;0.0001;124864370.0000;56637.6129;22855.6282;22855.6282;1.3293;0.0411;6168.8191;11755.9056;0.9984;14.0346;60.1649;0.0497;-17.9149;-49.2396;Não_acidente;Não_acidente;0-Nao_Acidente
1230;6.00;43106;4;0.9400;1;1;7;20;4;3.7;22.0;18.3;1;5;17.79;0;4.6989;2.1676;0.0007;0.0064;533527.0853;35628.4384;0.3974;0.0668;0.0001;42591912.8200;37696.9261;2625.3914;2625.3914;0.0257;0.0121;4128.6522;8449.8276;0.9976;12.1943;63.1406;0.0130;-15.5548;-47.1901;Não_acidente;Não_acidente;0-Nao_Acidente
1231;135.00;42870;2;0.3000;1;0;7;60;4;139.4;143.7;4.3;1;1;4.25;1;4.4952;2.2291;0.0000;0.0061;127401.8187;8553.4534;0.3851;0.0671;0.0002;3008906.8170;9542.2879;747.8764;747.8764;0.1147;0.0512;1060.4761;2032.7749;0.9902;5.9909;62.6738;0.0576;-16.6214;-49.2146;Não_acidente;Não_acidente;0-Nao_Acidente
1232;167.00;43267;7;0.4800;1;1;2;154;4;35.1;39.1;4.0;2;6;3.93;0;3.1443;1.3492;-0.0008;0.0048;118048.2372;7929.8825;0.3844;0.0672;0.0002;5307688.1440;10063.7615;1504.8678;1504.8678;1.1928;0.0536;933.5043;1932.4248;0.9899;5.7700;61.0881;0.0645;-18.4788;-49.5054;Não_acidente;Não_acidente;0-Nao_Acidente
1233;241.00;43341;1;0.4900;1;0;6;364;4;16.0;22.0;6.0;1;5;5.66;0;6.1381;2.7065;-0.0009;0.0068;169807.7053;11380.5138;0.3878;0.0670;0.0002;16187513.3900;16093.5069;4030.2216;4030.2216;-0.7874;0.6024;1420.4790;2830.1584;0.9933;6.9044;59.9994;0.8354;-18.9232;-50.6565;Não_acidente;Não_acidente;0-Nao_Acidente
1234;218.00;42953;2;0.3700;3;1;3;10;4;37.8;66.4;28.6;2;6;28.64;0;7.7577;5.6065;0.0060;0.0275;859095.6424;57333.0401;0.4009;0.0667;0.0001;52207596.8600;58239.0165;27200.1197;27200.1197;1.5546;0.0131;5576.9079;13990.0174;0.9986;15.4641;61.4078;0.0165;-15.0101;-47.6024;Não_acidente;Não_acidente;0-Nao_Acidente
1235;317.00;43052;1;0.1500;2;0;4;10;4;160.9;161.9;1.0;2;6;0.97;1;6.7096;2.3755;-0.0016;0.0030;29121.9025;2001.4602;0.3698;0.0687;0.0004;100875.1251;2148.3284;970.1895;970.1895;-1.4944;0.6366;485.5968;485.5968;0.9607;2.9321;59.9714;1.0000;-14.1387;-47.5220;Não_acidente;Não_acidente;0-Nao_Acidente
1236;69.00;43169;3;0.9000;4;1;3;153;4;421.7;436.9;15.2;1;1;15.01;1;6.7221;2.9513;0.0009;0.0088;450167.0603;30071.1405;0.3961;0.0668;0.0001;103819188.2000;40806.8235;10707.2892;10707.2892;-0.8480;0.0167;3793.1754;7285.4226;0.9973;11.2048;61.7901;0.0188;-16.2579;-48.9885;Não_acidente;Não_acidente;0-Nao_Acidente
1237;47.00;43147;3;0.2500;2;0;0;457;4;228.7;238.9;10.2;2;6;10.18;0;5.3626;2.6628;0.0024;0.0055;305333.0608;20416.7143;0.3929;0.0669;0.0001;36248374.6400;25634.8860;4212.5119;4212.5119;-1.1584;0.0191;2955.9467;4840.9689;0.9959;9.2372;63.0727;0.0219;-16.6168;-49.0767;Não_acidente;Não_acidente;0-Nao_Acidente
1238;338.00;43073;4;0.6900;1;1;3;251;4;230.8;235.9;5.1;2;6;2.59;1;8.4533;2.5711;0.0024;0.0082;77516.7285;5226.6239;0.3802;0.0674;0.0002;2124807.8100;6249.9655;999.8445;999.8445;1.1415;0.0605;636.8165;1188.6954;0.9825;4.6931;65.2116;0.0725;-15.3193;-49.5743;Não_acidente;Não_acidente;0-Nao_Acidente
1239;151.00;42886;4;0.6500;2;0;1;153;4;403.0;421.7;18.7;1;2;18.50;0;12.6522;6.5963;0.0002;0.0157;554988.8583;37059.2522;0.3977;0.0668;0.0001;74671244.8500;41062.8135;15807.6725;15807.6725;-1.3411;0.0092;4177.9510;8315.2412;0.9974;12.4364;66.7436;0.0104;-16.1443;-49.0464;Não_acidente;Não_acidente;0-Nao_Acidente
1240;293.00;43393;4;0.2200;3;1;0;70;4;268.9;290.1;21.2;2;6;21.28;0;6.1343;3.0101;-0.0010;0.0084;638351.9399;42616.7889;0.3988;0.0668;0.0001;158416386.7000;53834.5393;8692.2458;8692.2458;-0.4657;0.0160;5410.7859;10206.4944;0.9980;13.3349;62.5437;0.0181;-15.8915;-50.4644;Não_acidente;Não_acidente;0-Nao_Acidente
1241;321.00;43056;2;0.2100;2;0;4;70;4;187.7;190.8;3.1;1;5;1.95;1;4.2838;1.4783;0.0007;0.0042;58458.8184;3957.2546;0.3773;0.0677;0.0003;1762554.7150;5451.0801;1670.3207;1670.3207;1.0139;0.6347;523.1870;974.8593;0.9804;4.0917;59.9664;0.9475;-16.0323;-49.7820;Não_acidente;Não_acidente;0-Nao_Acidente
1242;112.00;43212;2;0.1400;1;1;4;60;4;32.4;60.4;28.0;1;1;26.58;0;10.4743;4.4021;0.0056;0.0182;797501.6100;53226.7189;0.4004;0.0667;0.0001;215768657.2000;61641.2359;10751.0209;10751.0209;-1.0607;0.0113;5598.5887;11426.8888;0.9981;14.9006;69.7917;0.0111;-16.1709;-48.6418;Não_acidente;Não_acidente;0-Nao_Acidente
1243;313.00;43048;4;0.7700;3;0;0;50;4;207.6;209.8;2.2;1;5;2.44;0;4.8096;1.1914;-0.0017;0.0040;73105.3677;4933.6911;0.3796;0.0675;0.0002;2775456.5490;6790.8033;2024.3988;2024.3988;0.5716;0.1634;661.9826;1216.4590;0.9843;4.5618;60.0969;0.1967;-17.6453;-47.7593;Não_acidente;Não_acidente;0-Nao_Acidente
1244;132.00;43232;3;0.5500;2;1;0;153;4;0.0;31.9;31.9;1;5;31.60;0;3.4842;1.6375;0.0022;0.0056;947210.3435;63207.3594;0.4016;0.0667;0.0001;313716697.3000;80266.0758;29497.7694;29497.7694;-0.3613;0.0204;8251.8000;15761.3660;0.9988;16.2362;60.0970;0.0247;-12.8502;-49.1055;Não_acidente;Não_acidente;0-Nao_Acidente
1245;140.00;42875;3;0.0600;2;0;0;80;3;0.0;7.7;7.7;2;6;7.04;0;5.5849;2.6117;0.0024;0.0081;211264.4330;14144.2882;0.3897;0.0670;0.0001;17834109.1900;17537.1777;5562.3982;5562.3982;0.4856;0.0200;2200.9386;3362.5744;0.9941;7.6932;62.8282;0.0241;-15.1613;-48.3118;Não_acidente;Não_acidente;0-Nao_Acidente
1246;195.00;43295;2;0.5800;4;1;0;483;4;218.6;241.2;22.6;2;6;22.53;0;4.6799;2.2558;-0.0005;0.0070;675433.3479;45088.8833;0.3992;0.0668;0.0001;213299208.6000;59967.5731;18376.8092;18376.8092;1.0303;0.0140;6367.8993;10903.7700;0.9982;13.7157;61.9449;0.0146;-19.1255;-50.7569;Não_acidente;Não_acidente;0-Nao_Acidente
1247;263.00;42998;1;0.6900;4;0;7;364;4;259.4;296.2;36.8;1;5;37.07;0;7.8356;3.9084;0.0013;0.0124;1112343.5600;74216.4330;0.4028;0.0667;0.0001;326127976.1000;84333.1350;10203.1699;10203.1699;1.2447;0.0073;8436.1943;16962.8737;0.9988;17.5922;65.5752;0.0081;-17.6644;-52.2316;Não_acidente;Não_acidente;0-Nao_Acidente
1248;87.00;43187;1;0.6500;4;1;1;80;4;363.0;411.4;48.4;1;5;48.88;0;3.8927;2.0758;-0.0013;0.0071;1467269.2170;97877.5415;0.4047;0.0667;0.0001;457027081.5000;110612.1697;10112.6982;10112.6982;1.4605;0.0041;14145.3961;23517.2595;0.9992;20.2008;62.3912;0.0049;-13.2936;-50.3854;Não_acidente;Não_acidente;0-Nao_Acidente
1249;74.00;43174;4;0.8900;4;0;7;153;4;582.4;598.2;15.8;1;1;15.87;0;8.9085;3.1968;0.0008;0.0102;475916.2960;31787.7493;0.3965;0.0668;0.0001;35544190.8500;34659.6363;14952.7115;14952.7115;-1.4608;0.0200;4113.4161;7518.8540;0.9973;11.5195;63.2964;0.0192;-17.4264;-49.2277;Não_acidente;Não_acidente;0-Nao_Acidente
1250;228.00;42963;4;0.4100;1;1;7;251;4;139.5;166.7;27.2;2;6;27.95;0;5.3881;2.6448;-0.0003;0.0075;838397.2649;55953.1495;0.4008;0.0667;0.0001;306388123.1000;72842.3150;13186.9292;13186.9292;-0.5193;0.0138;6464.6762;13465.3303;0.9985;15.2771;62.2634;0.0180;-15.3653;-49.0304;Não_acidente;Não_acidente;0-Nao_Acidente
1251;326.00;43061;4;0.7400;3;0;7;80;4;181.3;191.6;10.3;1;5;11.64;1;6.6637;3.2014;-0.0016;0.0101;349278.5087;23345.2378;0.3940;0.0668;0.0001;24638356.1500;26861.3122;11238.2999;11238.2999;-0.1664;0.0231;2907.0121;5748.3440;0.9966;9.8753;60.7616;0.0273;-14.5647;-49.1562;Não_acidente;Não_acidente;0-Nao_Acidente
1252;15.00;42750;3;0.9800;3;1;7;483;4;218.6;241.2;22.6;2;6;22.53;0;4.6799;2.2558;-0.0005;0.0070;675433.3479;45088.8833;0.3992;0.0668;0.0001;213299208.6000;59967.5731;18376.8092;18376.8092;1.0303;0.0140;6367.8993;10903.7700;0.9982;13.7157;61.9449;0.0146;-19.0603;-50.7312;Não_acidente;Não_acidente;0-Nao_Acidente
1253;194.00;43294;2;0.8400;4;0;4;80;4;306.4;335.8;29.4;0;3;33.03;0;3.2832;1.8320;0.0003;0.0063;990643.0358;66101.5095;0.4020;0.0667;0.0001;423492471.8000;82322.5969;20846.4519;20846.4519;0.8215;0.0051;8016.3330;15345.3375;0.9987;16.6032;64.5566;0.0059;-13.6662;-49.9619;Não_acidente;Não_acidente;0-Nao_Acidente
1254;347.00;43447;2;0.2700;2;1;2;364;4;113.2;152.5;39.3;1;5;37.95;0;5.4488;2.5747;-0.0004;0.0067;1138648.5520;75970.0088;0.4029;0.0667;0.0001;550243510.2000;98250.3015;17277.2066;17277.2066;1.0913;0.0175;9991.1797;18157.6169;0.9989;17.7987;62.7091;0.0165;-18.2368;-51.2763;Não_acidente;Não_acidente;0-Nao_Acidente
1255;231.00;43331;3;0.1500;2;0;7;153;4;142.4;176.5;34.1;1;5;34.18;0;3.8833;2.0332;0.0003;0.0057;1024956.8780;68391.7078;0.4022;0.0667;0.0001;236714910.2000;80575.0150;33145.9037;33145.9037;-0.2216;0.0315;9065.3212;16974.9463;0.9989;16.8885;60.3806;0.0334;-14.2424;-49.1373;Não_acidente;Não_acidente;0-Nao_Acidente
1256;321.00;43056;3;0.7300;1;1;5;80;3;0.0;7.7;7.7;2;6;7.04;0;5.5849;2.6117;0.0024;0.0081;211264.4330;14144.2882;0.3897;0.0670;0.0001;17834109.1900;17537.1777;5562.3982;5562.3982;0.4856;0.0200;2200.9386;3362.5744;0.9941;7.6932;62.8282;0.0241;-15.2092;-48.2848;Não_acidente;Não_acidente;0-Nao_Acidente
1257;349.00;43084;3;0.7100;2;0;0;364;4;0.0;8.0;8.0;1;5;7.34;0;6.4800;2.7630;0.0017;0.0074;220181.5137;14738.8285;0.3901;0.0669;0.0001;25684969.4300;20448.1196;4442.7913;4442.7913;0.8990;0.0801;2028.1196;3662.6950;0.9948;7.8526;60.1146;0.0967;-19.0333;-50.5168;Não_acidente;Não_acidente;0-Nao_Acidente
1258;229.00;43329;5;0.5100;4;1;7;452;4;87.7;134.7;47.0;1;5;47.12;0;3.8189;1.8629;0.0003;0.0059;1413970.9240;94324.5925;0.4044;0.0667;0.0001;726077995.1000;119739.8286;16895.6449;16895.6449;1.1982;0.0094;10569.1628;23336.2983;0.9992;19.8310;60.5911;0.0102;-18.0736;-50.1407;Não_acidente;Não_acidente;0-Nao_Acidente
1259;307.00;43042;2;0.1200;1;0;2;457;4;189.7;195.3;5.6;2;6;5.40;0;5.5631;1.3912;-0.0008;0.0052;162075.3630;10865.0233;0.3874;0.0670;0.0002;9141336.6490;13657.7366;1827.9210;1827.9210;-0.3700;0.0528;1738.1322;2684.8175;0.9928;6.7470;60.3674;0.0637;-16.6154;-48.7832;Não_acidente;Não_acidente;0-Nao_Acidente
1260;302.00;43037;3;0.5400;1;1;3;60;3;4.4;10.7;6.3;2;6;10.89;0;4.4364;2.6024;0.0015;0.0071;326624.6315;21834.9740;0.3935;0.0669;0.0001;42941902.2100;27853.8640;4608.0559;4608.0559;0.4240;0.0174;2504.2639;5290.6750;0.9963;9.5514;61.7359;0.0210;-17.7308;-50.9737;Não_acidente;Não_acidente;0-Nao_Acidente
1261;218.00;42953;5;0.5900;4;0;6;452;4;87.7;134.7;47.0;1;5;47.12;0;3.8189;1.8629;0.0003;0.0059;1413970.9240;94324.5925;0.4044;0.0667;0.0001;726077995.1000;119739.8286;16895.6449;16895.6449;1.1982;0.0094;10569.1628;23336.2983;0.9992;19.8310;60.5911;0.0102;-18.1498;-49.9483;Não_acidente;Não_acidente;0-Nao_Acidente
1262;259.00;43359;2;0.6300;1;1;4;60;4;381.1;387.9;6.8;1;1;6.74;1;5.1455;2.1763;0.0004;0.0067;202175.9910;13538.4056;0.3893;0.0670;0.0001;21521970.2200;18702.8657;4092.3180;4092.3180;0.6747;0.0469;1586.9211;3343.5187;0.9942;7.5274;60.4680;0.0558;-17.8181;-50.9407;Não_acidente;Não_acidente;0-Nao_Acidente
1263;119.00;43219;6;0.8300;2;0;4;154;4;34.1;35.1;1.0;2;6;1.67;1;3.3839;1.6731;0.0004;0.0045;50183.7751;3405.4979;0.3757;0.0679;0.0003;1079607.0730;4266.3263;825.7721;825.7721;0.4900;0.0830;439.0922;794.6934;0.9747;3.8005;63.1486;0.0982;-18.4864;-49.4673;Não_acidente;Não_acidente;0-Nao_Acidente
1264;270.00;43370;2;0.6400;1;1;6;70;3;0.0;4.0;4.0;2;6;3.93;0;4.7598;1.7217;-0.0005;0.0061;117968.5068;7924.5335;0.3844;0.0672;0.0002;4892710.9540;9232.2228;1648.9577;1648.9577;-1.0021;0.0534;817.2788;1708.2777;0.9871;5.7681;69.0570;0.0506;-15.9031;-52.2021;Não_acidente;Não_acidente;0-Nao_Acidente
1265;117.00;43217;7;0.6100;4;0;4;20;4;72.8;105.3;32.5;1;5;32.28;0;3.2553;1.7847;-0.0002;0.0058;968347.7241;64616.4768;0.4018;0.0667;0.0001;487943052.2000;89119.2881;25186.2661;25186.2661;0.9073;0.0165;7893.4689;15956.3351;0.9988;16.4160;60.6874;0.0209;-15.0749;-47.0881;Não_acidente;Não_acidente;0-Nao_Acidente
1266;94.00;42829;7;0.1000;4;1;3;50;4;265.1;270.1;5.0;1;5;5.21;0;5.5619;2.1123;0.0017;0.0074;156199.0977;10473.2732;0.3870;0.0671;0.0002;12027034.0300;14254.7273;4383.9221;4383.9221;1.0076;0.0659;1386.3383;2591.4718;0.9926;6.6250;60.2743;0.0795;-18.0796;-47.8675;Não_acidente;Não_acidente;0-Nao_Acidente
1267;298.00;43398;2;0.6600;3;0;2;80;4;335.8;363.0;27.2;0;3;30.81;0;3.3764;2.3575;0.0003;0.0053;923542.6479;61628.1450;0.4015;0.0667;0.0001;207457262.2000;71133.4642;28213.6511;28213.6511;-1.3424;0.0159;9356.6483;15186.9557;0.9987;16.0321;60.8116;0.0182;-13.5129;-50.1024;Não_acidente;Não_acidente;0-Nao_Acidente
1268;61.00;43161;1;0.5300;2;1;7;60;4;512.8;592.2;79.4;2;6;79.43;0;7.0906;4.1595;-0.0008;0.0115;2383256.9890;158943.7713;0.4078;0.0667;0.0000;1933100711.0000;190171.7278;29453.4414;29453.4414;-1.1514;0.0064;15928.4015;36295.2295;0.9994;25.7394;65.6631;0.0061;-17.8029;-52.0556;Não_acidente;Não_acidente;0-Nao_Acidente
1269;272.00;43372;6;0.4200;1;0;4;60;4;30.4;32.4;2.0;1;1;3.29;1;3.8768;1.2234;0.0010;0.0053;98824.8585;6648.3191;0.3827;0.0673;0.0002;2195866.1160;7492.3964;727.3966;727.3966;-0.1237;0.0513;721.7758;1588.1874;0.9875;5.2871;62.2249;0.0621;-16.0893;-48.5094;Não_acidente;Não_acidente;0-Nao_Acidente
1270;300.00;43400;5;0.6700;2;1;5;251;4;377.2;397.4;20.2;2;6;20.17;0;4.8606;2.4475;-0.0004;0.0072;605182.9167;40405.5279;0.3984;0.0668;0.0001;190423406.6000;55917.4195;16215.1894;16215.1894;-0.9363;0.0503;5390.4788;10034.5905;0.9981;12.9849;60.3097;0.0574;-15.1090;-50.6077;Não_acidente;Não_acidente;0-Nao_Acidente
1271;292.00;43392;4;0.9600;2;0;3;60;4;473.1;478.3;5.2;1;1;5.25;1;9.8282;4.9922;-0.0029;0.0137;157599.0832;10566.6344;0.3871;0.0670;0.0002;3735292.7350;11445.6819;751.3412;751.3412;-0.0317;0.0400;1298.0732;2516.0479;0.9921;6.6543;62.6376;0.0483;-17.9172;-51.7204;Não_acidente;Não_acidente;0-Nao_Acidente
1272;339.00;43439;2;0.4600;3;1;2;50;4;95.7;106.7;11.0;1;5;10.60;1;4.5388;1.4948;0.0031;0.0044;317853.8229;21250.2536;0.3932;0.0669;0.0001;55655353.8600;29841.2573;7429.7188;7429.7188;0.7724;0.0829;3025.8634;5273.4166;0.9964;9.4230;60.2747;0.0933;-16.7757;-47.6241;Não_acidente;Não_acidente;0-Nao_Acidente
1273;255.00;43355;3;0.5700;2;0;6;40;4;95.7;157.3;61.6;1;5;61.54;0;5.2215;3.3647;0.0032;0.0081;1846169.2170;123138.4791;0.4062;0.0667;0.0000;1491824757.0000;157550.4198;31670.1788;31670.1788;-0.5691;0.0071;15097.8049;28577.3623;0.9993;22.6568;64.6025;0.0070;-16.9478;-47.3086;Não_acidente;Não_acidente;0-Nao_Acidente
1274;288.00;43388;6;0.3000;4;1;4;153;4;68.9;107.5;38.6;1;5;36.02;0;4.5118;1.9765;0.0029;0.0070;1080219.8790;72074.5898;0.4026;0.0667;0.0001;376399068.3000;85420.6848;30279.5350;30279.5350;-1.1392;0.0066;8502.9177;16523.4507;0.9987;17.3367;65.3750;0.0070;-13.6381;-49.0409;Não_acidente;Não_acidente;0-Nao_Acidente
1275;220.00;43320;2;0.1300;3;0;4;251;4;237.2;256.4;19.2;2;6;19.78;0;10.5116;5.5164;-0.0115;0.0140;593162.0776;39605.9319;0.3982;0.0668;0.0001;95757311.9900;40494.0744;12717.4185;12717.4185;0.2838;0.0069;3630.5638;7677.8659;0.9968;12.8562;77.2561;0.0083;-15.1932;-49.6229;Não_acidente;Não_acidente;0-Nao_Acidente
1276;68.00;43168;7;0.5700;2;1;5;60;2;71.9;80.8;8.9;2;6;8.05;0;10.4291;5.7096;-0.0055;0.0132;241534.3756;16162.2916;0.3909;0.0669;0.0001;29460724.7200;21791.2373;4981.0098;4981.0098;-0.6973;0.0240;2326.0653;3947.5156;0.9951;8.2215;61.1864;0.0290;-16.6154;-49.1675;Não_acidente;Não_acidente;0-Nao_Acidente
1277;263.00;42998;4;0.6400;4;0;3;80;4;0.0;2.1;2.1;1;5;2.87;0;8.7186;3.7789;-0.0107;0.0136;86196.7389;5806.4493;0.3813;0.0674;0.0002;2576199.0410;6993.2214;1055.2162;1055.2162;-0.3319;0.0577;815.8437;1407.7512;0.9862;4.9443;61.2301;0.0691;-15.5019;-48.2148;Não_acidente;Não_acidente;0-Nao_Acidente
1278;40.00;43140;6;0.5300;1;1;1;20;4;72.8;105.3;32.5;1;5;32.28;0;3.2553;1.7847;-0.0002;0.0058;968347.7241;64616.4768;0.4018;0.0667;0.0001;487943052.2000;89119.2881;25186.2661;25186.2661;0.9073;0.0165;7893.4689;15956.3351;0.9988;16.4160;60.6874;0.0209;-15.1004;-47.1137;Não_acidente;Não_acidente;0-Nao_Acidente