FID;data_conse;data_inver;dia_semana;horario;fase_dia;sentido_vi;condicao_m;vl_br;nm_tipo_tr;vl_km_inic;vl_km_fina;vl_extensa;ds_superfi;ds_legenda;Dist_km;TIPO;S_med;S_sd;CV_med;CV_sd;P_AREA;P_PERIM;P_FRACDIM;P_PERARAT;P_COMPAC;PBOX_AREA;PBOX_PERIM;PBOX_LEN;PBOX_WIDTH;POL_ANGLE;PELLIP_FIT;PGYRATIUS;POLRADIUS;PCIRCLE;PSAHPEIDX;PDENSITY;PRECTFIT;Lat;Long;causa_acid;tipo_acide;Acidente
1279;340.00;43440;2;0.6600;4;0;4;490;4;163.3;165.2;1.9;2;6;1.92;0;5.0648;1.3350;-0.0012;0.0038;57679.0127;3905.2675;0.3772;0.0677;0.0003;1101612.1550;4886.5078;596.5188;596.5188;0.2999;0.6305;852.1955;962.7381;0.9802;4.0652;59.9114;0.9323;-17.7273;-49.0574;Não_acidente;Não_acidente;0-Nao_Acidente
1280;313.00;43048;3;0.7000;1;1;2;60;4;473.1;478.3;5.2;1;1;5.25;1;9.8282;4.9922;-0.0029;0.0137;157599.0832;10566.6344;0.3871;0.0670;0.0002;3735292.7350;11445.6819;751.3412;751.3412;-0.0317;0.0400;1298.0732;2516.0479;0.9921;6.6543;62.6376;0.0483;-17.9182;-51.7241;Não_acidente;Não_acidente;0-Nao_Acidente
1281;166.00;42901;2;0.4900;1;0;0;70;4;268.9;290.1;21.2;2;6;21.28;0;6.1343;3.0101;-0.0010;0.0084;638351.9399;42616.7889;0.3988;0.0668;0.0001;158416386.7000;53834.5393;8692.2458;8692.2458;-0.4657;0.0160;5410.7859;10206.4944;0.9980;13.3349;62.5437;0.0181;-15.8523;-50.5466;Não_acidente;Não_acidente;0-Nao_Acidente
1282;337.00;43437;7;0.9400;4;1;0;457;4;74.4;93.4;19.0;2;6;18.90;0;4.5282;3.1355;0.0054;0.0102;566882.7290;37852.1686;0.3979;0.0668;0.0001;51440093.1000;38207.0497;15860.1752;15860.1752;-1.5164;0.0114;4541.3351;8514.7661;0.9975;12.5685;66.5764;0.0139;-16.9299;-48.0047;Não_acidente;Não_acidente;0-Nao_Acidente
1283;337.00;43072;6;0.4600;2;0;4;10;4;161.9;227.0;65.1;2;6;65.10;0;8.6588;5.3548;-0.0049;0.0142;1952856.4600;130250.0778;0.4065;0.0667;0.0000;1190613098.0000;138982.5546;38825.6273;38825.6273;0.8169;0.0035;11888.7787;25426.1308;0.9990;23.3014;76.8051;0.0039;-13.9498;-47.4577;Não_acidente;Não_acidente;0-Nao_Acidente
1284;296.00;43031;6;0.5600;3;1;5;50;4;207.6;209.8;2.2;1;5;2.44;1;4.8096;1.1914;-0.0017;0.0040;73105.3677;4933.6911;0.3796;0.0675;0.0002;2775456.5490;6790.8033;2024.3988;2024.3988;0.5716;0.1634;661.9826;1216.4590;0.9843;4.5618;60.0969;0.1967;-17.6451;-47.7595;Não_acidente;Não_acidente;0-Nao_Acidente
1285;353.00;43088;5;0.5900;4;0;3;490;4;160.7;163.3;2.6;2;6;2.58;0;4.6911;1.4471;0.0010;0.0047;77281.6427;5212.1095;0.3802;0.0674;0.0002;1936152.9060;6510.0284;783.3351;783.3351;0.2973;0.6303;827.2372;1288.1734;0.9852;4.6872;59.9932;0.8351;-17.7182;-49.0268;Não_acidente;Não_acidente;0-Nao_Acidente
1286;168.00;43268;6;0.0200;1;1;3;60;4;109.2;139.4;30.2;1;1;30.11;0;9.5609;5.7119;-0.0045;0.0130;903351.3893;60283.4356;0.4013;0.0667;0.0001;378986039.0000;77890.5922;19027.6956;19027.6956;0.7552;0.0105;7431.2989;14024.3189;0.9985;15.8566;64.4132;0.0127;-16.4647;-49.0653;Não_acidente;Não_acidente;0-Nao_Acidente
1287;35.00;43135;1;0.4000;3;0;1;20;4;0.0;3.7;3.7;1;5;3.70;1;6.0093;2.4308;0.0004;0.0066;111111.4595;7467.4307;0.3838;0.0672;0.0002;6101420.9520;10079.7731;2021.2519;2021.2519;0.6145;0.0629;945.4276;1834.7978;0.9895;5.6006;60.5579;0.0758;-15.5812;-47.3419;Não_acidente;Não_acidente;0-Nao_Acidente
1288;336.00;43071;3;0.6600;2;1;6;153;4;696.7;703.6;6.9;1;1;7.25;1;4.3966;2.4623;-0.0005;0.0071;217367.9569;14551.1894;0.3900;0.0669;0.0001;16079941.2200;18269.9984;6754.3035;6754.3035;-1.2266;0.0737;1939.9126;3607.4725;0.9947;7.8026;60.2549;0.0812;-18.4155;-49.1941;Não_acidente;Não_acidente;0-Nao_Acidente
1289;36.00;43136;6;0.5600;2;0;3;490;4;99.1;111.7;12.6;2;6;13.22;0;8.0677;3.5121;-0.0006;0.0081;396561.3132;26497.4202;0.3950;0.0668;0.0001;38402137.2600;28327.9834;3653.7998;3653.7998;0.1876;0.0137;3308.2413;5736.8498;0.9962;10.5193;69.1253;0.0157;-17.6982;-48.5063;Não_acidente;Não_acidente;0-Nao_Acidente
1290;309.00;43044;7;0.3600;1;1;3;457;4;173.8;179.2;5.4;2;6;5.44;1;6.0123;1.4180;-0.0006;0.0054;163320.7620;10948.0508;0.3874;0.0670;0.0002;10223075.2800;14058.6329;2055.2929;2055.2929;-0.4045;0.0530;1230.8191;2704.4383;0.9929;6.7726;60.3899;0.0640;-16.7066;-48.6259;Não_acidente;Não_acidente;0-Nao_Acidente
1291;132.00;42867;4;0.3200;3;0;2;364;4;0.0;8.0;8.0;1;5;7.34;0;6.4800;2.7630;0.0017;0.0074;220181.5137;14738.8285;0.3901;0.0669;0.0001;25684969.4300;20448.1196;4442.7913;4442.7913;0.8990;0.0801;2028.1196;3662.6950;0.9948;7.8526;60.1146;0.0967;-19.0222;-50.5314;Não_acidente;Não_acidente;0-Nao_Acidente
1292;165.00;42900;2;0.2300;2;1;7;153;4;275.6;285.3;9.7;1;5;9.55;0;6.8277;2.4252;0.0006;0.0087;286524.0221;19161.6015;0.3924;0.0669;0.0001;43349915.9900;26371.7459;6934.8363;6934.8363;-0.7515;0.0262;2561.3517;4730.2078;0.9959;8.9493;60.5732;0.0316;-15.1265;-49.5079;Não_acidente;Não_acidente;0-Nao_Acidente
1293;27.00;42762;6;0.4700;2;0;1;70;4;65.5;67.3;1.8;1;5;4.69;0;4.6506;2.0845;-0.0013;0.0076;140574.4790;9431.6399;0.3860;0.0671;0.0002;9720720.1280;12889.0449;4036.0470;4036.0470;1.0465;0.1501;1339.0928;2341.9428;0.9918;6.2889;60.0247;0.1810;-15.7597;-48.7551;Não_acidente;Não_acidente;0-Nao_Acidente
1294;28.00;42763;2;0.8200;1;1;3;479;4;20.7;66.6;45.9;2;6;42.84;0;4.6964;2.8305;0.0001;0.0069;1285069.8770;85731.1289;0.4038;0.0667;0.0001;390763914.0000;98920.9391;9870.2012;9870.2012;-0.2295;0.0057;13003.7246;20413.4222;0.9990;18.9067;62.9522;0.0061;-15.7512;-47.2181;Não_acidente;Não_acidente;0-Nao_Acidente
1295;104.00;43204;5;0.1200;3;0;1;60;4;94.2;100.1;5.9;1;1;5.91;1;5.5455;2.4981;0.0036;0.0068;177441.3404;11889.4228;0.3882;0.0670;0.0002;16756394.7200;16492.2554;4616.2787;4616.2787;-0.6732;0.1108;1578.3260;2935.8750;0.9934;7.0562;60.4390;0.1207;-16.3596;-48.9321;Não_acidente;Não_acidente;0-Nao_Acidente
1296;78.00;43178;1;0.5000;1;1;2;153;4;533.3;555.5;22.2;1;1;24.09;0;7.6587;3.8221;-0.0017;0.0116;722702.9898;48240.0586;0.3997;0.0667;0.0001;56209149.7200;51218.7005;23184.9716;23184.9716;-1.4855;0.0254;5855.9792;11693.5957;0.9983;14.1863;61.8033;0.0262;-17.0026;-49.2218;Não_acidente;Não_acidente;0-Nao_Acidente
1297;236.00;43336;6;0.7800;2;0;1;352;4;45.9;52.6;6.7;2;6;6.65;1;4.8140;1.6521;0.0003;0.0059;199496.5664;13359.7704;0.3892;0.0670;0.0001;8498943.5580;15182.0898;6225.9642;6225.9642;-1.3954;0.0281;2388.7315;3266.5851;0.9940;7.4778;61.0719;0.0339;-16.9787;-48.9623;Não_acidente;Não_acidente;0-Nao_Acidente
1298;197.00;42932;1;0.8100;2;1;2;490;4;166.7;171.5;4.8;2;6;4.77;1;4.5309;1.7444;-0.0002;0.0052;143107.6713;9600.3979;0.3862;0.0671;0.0002;5038470.8520;11193.8624;1127.2568;1127.2568;0.2270;0.0493;1632.6230;2308.8690;0.9915;6.3445;61.9817;0.0573;-17.7295;-49.0904;Não_acidente;Não_acidente;0-Nao_Acidente
1299;264.00;43364;7;0.9600;1;0;5;364;4;0.0;8.0;8.0;1;5;7.34;0;6.4800;2.7630;0.0017;0.0074;220181.5137;14738.8285;0.3901;0.0669;0.0001;25684969.4300;20448.1196;4442.7913;4442.7913;0.8990;0.0801;2028.1196;3662.6950;0.9948;7.8526;60.1146;0.0967;-19.0154;-50.5403;Não_acidente;Não_acidente;0-Nao_Acidente
1300;23.00;43123;7;0.6200;3;1;4;158;4;151.9;154.0;2.1;1;5;2.28;0;6.6924;2.6354;0.0002;0.0095;68363.4794;4617.5659;0.3790;0.0675;0.0003;692001.9969;4945.8358;321.6755;321.6755;0.0481;0.1015;660.0418;1120.7673;0.9827;4.4151;60.9970;0.1176;-16.9306;-51.8094;Não_acidente;Não_acidente;0-Nao_Acidente
1301;286.00;43021;1;0.6000;2;0;4;452;4;87.7;134.7;47.0;1;5;47.12;0;3.8189;1.8629;0.0003;0.0059;1413970.9240;94324.5925;0.4044;0.0667;0.0001;726077995.1000;119739.8286;16895.6449;16895.6449;1.1982;0.0094;10569.1628;23336.2983;0.9992;19.8310;60.5911;0.0102;-18.1439;-49.9610;Não_acidente;Não_acidente;0-Nao_Acidente
1302;123.00;42858;6;0.0900;2;1;5;153;4;57.8;68.9;11.1;1;5;13.84;1;3.8493;1.4981;0.0018;0.0070;414886.4227;27719.0956;0.3954;0.0668;0.0001;22859174.6400;30703.0976;13680.6339;13680.6339;-0.1219;0.0650;3637.3895;6904.9233;0.9972;10.7586;60.0856;0.0712;-13.4277;-49.1301;Não_acidente;Não_acidente;0-Nao_Acidente
1303;172.00;42907;3;0.0900;2;0;4;70;4;191.2;192.9;1.7;2;6;1.77;1;3.1128;0.9572;0.0054;0.0053;53031.6692;3595.4446;0.3763;0.0678;0.0003;1311292.7540;4806.4705;1565.7497;1565.7497;-1.1086;0.2066;480.5999;889.1723;0.9786;3.9032;59.6416;0.2458;-16.0387;-49.7930;Não_acidente;Não_acidente;0-Nao_Acidente
1304;303.00;43403;3;0.7600;4;1;6;60;4;464.3;465.2;0.9;1;1;0.91;0;4.5270;1.0015;-0.0017;0.0033;27275.0658;1878.3377;0.3690;0.0689;0.0004;429332.8300;2636.3372;587.9557;587.9557;0.6719;0.5848;237.9184;455.8680;0.9582;2.8434;59.8311;0.8155;-17.8865;-51.6521;Não_acidente;Não_acidente;0-Nao_Acidente
1305;220.00;42955;3;0.8700;1;0;3;60;4;4.8;30.4;25.6;1;1;25.32;0;10.5936;6.7980;0.0018;0.0152;759407.7881;50687.4319;0.4000;0.0667;0.0001;76696915.5600;51985.6793;3393.8154;3393.8154;0.0215;0.0086;5950.2956;11630.8179;0.9982;14.5413;65.2927;0.0106;-16.1026;-48.2886;Não_acidente;Não_acidente;0-Nao_Acidente
1306;34.00;43134;4;0.7700;3;1;5;20;4;214.7;229.7;15.0;1;5;14.91;0;5.4341;2.5931;-0.0004;0.0062;447198.5595;29873.2375;0.3960;0.0668;0.0001;67662344.1400;37262.8995;13688.4112;13688.4112;1.2594;0.0231;3705.8041;7356.2250;0.9974;11.1679;60.7919;0.0257;-14.1860;-46.3304;Não_acidente;Não_acidente;0-Nao_Acidente
1307;50.00;43150;3;0.3800;3;0;4;70;4;231.5;268.9;37.4;2;6;37.33;0;7.8767;3.7514;-0.0028;0.0095;1119728.8220;74743.9670;0.4028;0.0668;0.0001;276737445.9000;83534.7899;8258.6678;8258.6678;-0.2086;0.0056;9087.0869;17498.7264;0.9988;17.6587;63.9892;0.0065;-15.9040;-50.2437;Não_acidente;Não_acidente;0-Nao_Acidente
1308;213.00;43313;2;0.3900;1;1;2;80;4;282.3;306.4;24.1;0;3;27.06;0;3.4478;1.7619;0.0007;0.0055;811814.7559;54180.9837;0.4005;0.0667;0.0001;366554306.7000;76590.1160;19418.7481;19418.7481;-0.8029;0.0972;5858.9775;13527.9167;0.9986;15.0334;60.0103;0.1111;-13.8893;-49.7439;Não_acidente;Não_acidente;0-Nao_Acidente
1309;338.00;43073;3;0.3800;1;0;3;414;4;284.5;300.0;15.5;1;5;15.34;0;7.0232;3.7727;-0.0048;0.0153;460233.2006;30742.2130;0.3962;0.0668;0.0001;63074341.2800;34292.4238;11801.6976;11801.6976;0.3701;0.0102;3502.3559;6890.2610;0.9969;11.3289;66.7947;0.0119;-15.1036;-48.7498;Não_acidente;Não_acidente;0-Nao_Acidente
1310;355.00;43090;2;0.3600;2;1;6;251;4;377.2;397.4;20.2;2;6;20.17;0;4.8606;2.4475;-0.0004;0.0072;605182.9167;40405.5279;0.3984;0.0668;0.0001;190423406.6000;55917.4195;16215.1894;16215.1894;-0.9363;0.0503;5390.4788;10034.5905;0.9981;12.9849;60.3097;0.0574;-15.1560;-50.5749;Não_acidente;Não_acidente;0-Nao_Acidente
1311;72.00;42807;6;0.5500;3;0;1;153;4;555.5;565.3;9.8;1;1;9.79;0;8.1502;3.2131;-0.0003;0.0122;293645.9316;19636.3955;0.3926;0.0669;0.0001;29389649.4000;23466.2411;8108.6308;8108.6308;1.1331;0.0204;2233.9453;4501.3200;0.9954;9.0592;65.2355;0.0234;-17.2193;-49.2293;Não_acidente;Não_acidente;0-Nao_Acidente
1312;251.00;42986;7;0.0000;3;1;0;10;4;94.1;105.5;11.4;2;6;10.62;0;5.5334;1.9796;-0.0006;0.0054;318452.7942;21290.1865;0.3933;0.0669;0.0001;29585285.3400;25712.8992;9854.1245;9854.1245;1.2616;0.0425;2483.3275;5174.0868;0.9962;9.4319;61.5476;0.0388;-14.6481;-47.5105;Não_acidente;Não_acidente;0-Nao_Acidente
1313;16.00;42751;2;0.7800;4;0;4;158;4;94.0;119.9;25.9;1;5;20.14;0;5.6966;4.1813;0.0008;0.0131;604202.7248;40340.1817;0.3983;0.0668;0.0001;125524203.4000;48619.6271;16868.4570;16868.4570;-1.1667;0.0228;4545.0986;9268.4530;0.9978;12.9744;65.1892;0.0216;-16.4759;-51.7885;Não_acidente;Não_acidente;0-Nao_Acidente
1314;281.00;43381;1;0.4300;1;1;4;158;4;330.9;352.2;21.3;2;6;21.29;0;6.8689;3.3447;0.0039;0.0109;638526.9848;42628.4647;0.3988;0.0668;0.0001;199184886.7000;56672.4847;15413.4207;15413.4207;-0.6756;0.0145;5730.0694;10171.9027;0.9980;13.3368;62.7736;0.0158;-18.3137;-51.9745;Não_acidente;Não_acidente;0-Nao_Acidente
1315;225.00;42960;5;0.1300;4;0;5;70;4;316.5;318.7;2.2;1;1;1.39;1;4.2101;1.6937;0.0007;0.0053;41564.8912;2830.9930;0.3737;0.0681;0.0003;322420.4969;3214.6061;234.9378;234.9378;0.1505;0.5506;410.0247;693.6741;0.9725;3.4715;59.9199;0.7487;-15.8727;-50.8499;Não_acidente;Não_acidente;0-Nao_Acidente
1316;91.00;43191;2;0.8700;2;1;7;70;4;0.0;4.0;4.0;1;1;5.30;1;8.5078;4.8424;-0.0042;0.0108;158945.6262;10656.3751;0.3872;0.0670;0.0002;9340310.2860;12239.0755;3207.6719;3207.6719;-0.8241;0.0216;1214.6194;2295.3066;0.9904;6.6823;69.2481;0.0261;-15.7578;-48.2530;Não_acidente;Não_acidente;0-Nao_Acidente
1317;188.00;43288;5;0.6100;1;0;1;153;4;275.6;285.3;9.7;1;5;9.55;0;6.8277;2.4252;0.0006;0.0087;286524.0221;19161.6015;0.3924;0.0669;0.0001;43349915.9900;26371.7459;6934.8363;6934.8363;-0.7515;0.0262;2561.3517;4730.2078;0.9959;8.9493;60.5732;0.0316;-15.1490;-49.5343;Não_acidente;Não_acidente;0-Nao_Acidente
1318;230.00;42965;3;0.6100;2;1;2;359;4;12.2;43.9;31.7;2;6;36.10;0;5.0452;2.6505;0.0024;0.0073;1083105.2910;72266.9942;0.4026;0.0667;0.0001;212272919.9000;75739.0986;6841.2735;6841.2735;0.1616;0.0069;9549.9422;15773.8151;0.9986;17.3598;68.6648;0.0069;-17.6260;-52.8122;Não_acidente;Não_acidente;0-Nao_Acidente
1319;234.00;43334;2;0.0300;2;0;7;60;4;328.0;349.9;21.9;1;1;21.92;0;3.3570;1.4978;0.0006;0.0055;657682.1016;43905.6205;0.3990;0.0668;0.0001;114795650.3000;51588.9517;5717.8859;5717.8859;0.2389;0.0092;5183.0056;10561.8805;0.9981;13.5348;62.2694;0.0110;-17.5823;-50.6946;Não_acidente;Não_acidente;0-Nao_Acidente
1320;305.00;43405;7;0.6200;4;1;7;153;4;503.8;513.1;9.3;1;1;9.25;1;5.9983;2.7403;-0.0009;0.0089;277590.3771;18566.0252;0.3921;0.0669;0.0001;6807381.7190;19703.7750;9104.1659;9104.1659;0.0517;0.0512;2400.4498;4578.9902;0.9958;8.8096;60.6226;0.0589;-16.7484;-49.2408;Não_acidente;Não_acidente;0-Nao_Acidente
1321;315.00;43050;3;0.0300;2;0;2;457;4;29.5;61.4;31.9;2;6;30.75;0;6.7485;4.5489;0.0069;0.0154;922512.2307;61560.5621;0.4015;0.0667;0.0001;249875283.8000;66341.2187;11565.6386;11565.6386;0.4264;0.0052;5692.5123;12455.0559;0.9981;16.0235;74.0673;0.0062;-17.0232;-47.8055;Não_acidente;Não_acidente;0-Nao_Acidente
1322;48.00;42783;3;0.0100;2;1;0;364;4;310.2;325.0;14.8;1;5;16.84;0;5.5316;3.4261;0.0007;0.0081;505356.1552;33753.6465;0.3970;0.0668;0.0001;123593512.5000;44915.5671;9649.4938;9649.4938;-0.6715;0.0182;4322.0082;8216.4194;0.9976;11.8703;61.5056;0.0219;-17.4808;-52.5639;Não_acidente;Não_acidente;0-Nao_Acidente
1323;67.00;43167;6;0.2000;3;0;2;70;4;268.9;290.1;21.2;2;6;21.28;0;6.1343;3.0101;-0.0010;0.0084;638351.9399;42616.7889;0.3988;0.0668;0.0001;158416386.7000;53834.5393;8692.2458;8692.2458;-0.4657;0.0160;5410.7859;10206.4944;0.9980;13.3349;62.5437;0.0181;-15.8439;-50.5628;Não_acidente;Não_acidente;0-Nao_Acidente
1324;333.00;43068;4;0.1100;4;1;2;70;4;316.5;318.7;2.2;1;1;1.39;1;4.2101;1.6937;0.0007;0.0053;41564.8912;2830.9930;0.3737;0.0681;0.0003;322420.4969;3214.6061;234.9378;234.9378;0.1505;0.5506;410.0247;693.6741;0.9725;3.4715;59.9199;0.7487;-15.8744;-50.8623;Não_acidente;Não_acidente;0-Nao_Acidente
1325;152.00;42887;1;0.3800;3;0;2;352;4;150.8;162.9;12.1;2;6;12.10;0;7.4043;3.3165;0.0017;0.0102;363116.9077;24267.7939;0.3943;0.0668;0.0001;43879581.9300;29305.4097;10456.1860;10456.1860;-1.1573;0.0179;3121.2898;5649.5259;0.9964;10.0681;64.2739;0.0188;-17.4118;-48.2237;Não_acidente;Não_acidente;0-Nao_Acidente
1326;307.00;43407;5;0.2500;2;1;5;70;4;268.9;290.1;21.2;2;6;21.28;0;6.1343;3.0101;-0.0010;0.0084;638351.9399;42616.7889;0.3988;0.0668;0.0001;158416386.7000;53834.5393;8692.2458;8692.2458;-0.4657;0.0160;5410.7859;10206.4944;0.9980;13.3349;62.5437;0.0181;-15.8426;-50.5670;Não_acidente;Não_acidente;0-Nao_Acidente
1327;150.00;43250;3;0.5400;4;0;0;60;4;0.0;4.8;4.8;1;1;4.87;0;14.7598;7.1262;0.0047;0.0177;146130.1025;9801.9938;0.3864;0.0671;0.0002;8037121.5180;12312.2340;4276.9424;4276.9424;1.1694;0.0719;1345.4987;2368.8716;0.9917;6.4104;61.6876;0.0865;-16.0861;-48.2722;Não_acidente;Não_acidente;0-Nao_Acidente
1328;272.00;43007;1;0.3600;2;1;1;153;4;531.3;533.3;2.0;1;1;1.03;1;5.7441;2.1249;-0.0015;0.0079;30818.5759;2114.5717;0.3704;0.0686;0.0004;513431.3787;2921.2839;871.5206;871.5206;0.5902;0.4577;269.7319;513.1709;0.9627;3.0113;60.0552;0.5556;-16.9652;-49.2349;Não_acidente;Não_acidente;0-Nao_Acidente
1329;260.00;42995;1;0.6000;1;0;6;154;4;0.0;9.0;9.0;1;5;9.30;1;4.1352;1.7371;0.0015;0.0065;279234.5643;18675.6258;0.3922;0.0669;0.0001;33323994.1900;24584.9757;4036.1917;4036.1917;0.4474;0.0314;2349.5765;4602.6188;0.9958;8.8355;60.6686;0.0379;-18.3585;-49.2181;Não_acidente;Não_acidente;0-Nao_Acidente
1330;170.00;42905;5;0.8300;4;1;3;70;4;190.8;191.2;0.4;1;1;0.64;1;2.9848;1.4726;0.0028;0.0055;19164.9184;1340.4880;0.3651;0.0699;0.0005;190744.6980;1800.8800;340.8886;340.8886;0.5118;0.3324;172.2122;327.5260;0.9431;2.4207;58.5142;0.3791;-16.0394;-49.7866;Não_acidente;Não_acidente;0-Nao_Acidente
1331;147.00;43247;7;0.0700;3;0;6;153;4;68.9;107.5;38.6;1;5;36.02;0;4.5118;1.9765;0.0029;0.0070;1080219.8790;72074.5898;0.4026;0.0667;0.0001;376399068.3000;85420.6848;30279.5350;30279.5350;-1.1392;0.0066;8502.9177;16523.4507;0.9987;17.3367;65.3750;0.0070;-13.5172;-49.1195;Não_acidente;Não_acidente;0-Nao_Acidente
1332;65.00;42800;1;0.6200;4;1;5;70;4;16.0;65.5;49.5;1;5;49.34;0;9.2960;4.6736;0.0103;0.0186;1480198.1360;98739.7467;0.4047;0.0667;0.0001;238401271.9000;98801.8772;5420.6376;5420.6376;0.0011;0.0065;11100.1013;22505.3867;0.9991;20.2895;65.7708;0.0066;-15.7503;-48.6058;Não_acidente;Não_acidente;0-Nao_Acidente
1333;202.00;43302;3;0.2600;4;0;5;80;4;2.1;46.0;43.9;1;5;43.04;0;5.8165;3.7064;-0.0021;0.0112;1291195.5740;86140.9312;0.4038;0.0667;0.0001;361925451.1000;93449.9274;36922.7218;36922.7218;-1.3643;0.0057;8362.3921;19889.2558;0.9990;18.9519;64.9193;0.0064;-15.5009;-48.2194;Não_acidente;Não_acidente;0-Nao_Acidente
1334;224.00;43324;4;0.8300;2;1;6;50;4;265.1;270.1;5.0;1;5;5.21;0;5.5619;2.1123;0.0017;0.0074;156199.0977;10473.2732;0.3870;0.0671;0.0002;12027034.0300;14254.7273;4383.9221;4383.9221;1.0076;0.0659;1386.3383;2591.4718;0.9926;6.6250;60.2743;0.0795;-18.1023;-47.8825;Não_acidente;Não_acidente;0-Nao_Acidente
1335;136.00;43236;4;0.5700;3;0;3;60;4;30.4;32.4;2.0;1;1;3.29;1;3.8768;1.2234;0.0010;0.0053;98824.8585;6648.3191;0.3827;0.0673;0.0002;2195866.1160;7492.3964;727.3966;727.3966;-0.1237;0.0513;721.7758;1588.1874;0.9875;5.2871;62.2249;0.0621;-16.0924;-48.4937;Não_acidente;Não_acidente;0-Nao_Acidente
1336;206.00;43306;4;0.1000;2;1;1;60;4;464.3;465.2;0.9;1;1;0.91;0;4.5270;1.0015;-0.0017;0.0033;27275.0658;1878.3377;0.3690;0.0689;0.0004;429332.8300;2636.3372;587.9557;587.9557;0.6719;0.5848;237.9184;455.8680;0.9582;2.8434;59.8311;0.8155;-17.8879;-51.6539;Não_acidente;Não_acidente;0-Nao_Acidente
1337;311.00;43046;2;0.8100;2;0;3;483;4;138.0;202.8;64.8;2;6;64.86;0;4.9323;2.4477;0.0002;0.0069;1944909.5260;129720.6319;0.4065;0.0667;0.0000;1370015963.0000;157428.5840;52735.0748;52735.0748;-0.4797;0.0035;22151.0882;29456.9000;0.9993;23.2541;66.0256;0.0036;-18.7557;-50.5997;Não_acidente;Não_acidente;0-Nao_Acidente
1338;227.00;43327;4;0.9100;2;1;7;483;4;57.4;91.3;33.9;2;6;33.94;0;3.9952;1.5924;-0.0005;0.0052;1019023.2590;67994.8805;0.4022;0.0667;0.0001;103532894.8000;71671.8455;3169.3870;3169.3870;1.5488;0.0092;11789.4777;16434.0903;0.9988;16.8393;62.0067;0.0111;-18.4960;-49.9727;Não_acidente;Não_acidente;0-Nao_Acidente
1339;5.00;42740;5;0.5400;4;0;7;457;4;189.7;195.3;5.6;2;6;5.40;1;5.5631;1.3912;-0.0008;0.0052;162075.3630;10865.0233;0.3874;0.0670;0.0002;9141336.6490;13657.7366;1827.9210;1827.9210;-0.3700;0.0528;1738.1322;2684.8175;0.9928;6.7470;60.3674;0.0637;-16.6304;-48.7509;Não_acidente;Não_acidente;0-Nao_Acidente
1340;32.00;43132;6;0.4100;4;1;0;251;4;397.4;445.4;48.0;2;6;48.64;0;2.8176;1.2597;0.0003;0.0046;1459282.9460;97347.5190;0.4046;0.0667;0.0001;672811514.0000;118016.7885;15444.1070;15444.1070;-0.3322;0.0048;11664.8356;23226.0595;0.9991;20.1463;62.8296;0.0055;-15.0496;-50.7079;Não_acidente;Não_acidente;0-Nao_Acidente
1341;274.00;43009;6;0.3300;2;0;7;251;4;278.9;303.9;25.0;2;6;24.71;0;10.4666;4.4952;-0.0025;0.0171;741084.9404;49463.9169;0.3999;0.0667;0.0001;170684754.9000;57011.9151;8555.3785;8555.3785;0.4007;0.0095;5541.9053;10651.4118;0.9979;14.3646;69.5762;0.0104;-15.1598;-49.8697;Não_acidente;Não_acidente;0-Nao_Acidente
1342;47.00;42782;5;0.8000;4;1;5;60;4;32.4;60.4;28.0;1;1;26.58;0;10.4743;4.4021;0.0056;0.0182;797501.6100;53226.7189;0.4004;0.0667;0.0001;215768657.2000;61641.2359;10751.0209;10751.0209;-1.0607;0.0113;5598.5887;11426.8888;0.9981;14.9006;69.7917;0.0111;-16.1132;-48.5586;Não_acidente;Não_acidente;0-Nao_Acidente
1343;232.00;42967;7;0.6800;1;0;0;483;4;108.7;138.0;29.3;2;6;30.10;0;4.2145;2.0174;-0.0004;0.0058;903743.0617;60309.5361;0.4013;0.0667;0.0001;49206596.9000;62682.2412;1657.7139;1657.7139;-0.0065;0.0166;8830.7937;14908.9790;0.9987;15.8600;60.6174;0.0200;-18.4476;-50.1875;Não_acidente;Não_acidente;0-Nao_Acidente
1344;103.00;43203;3;0.7100;3;1;3;352;4;4.4;10.5;6.1;2;6;6.21;1;6.3257;4.0327;-0.0009;0.0124;186154.5783;12470.3052;0.3886;0.0670;0.0002;13470396.9700;16018.6787;2402.4892;2402.4892;1.1696;0.0501;1788.8525;3075.7597;0.9937;7.2257;60.5231;0.0604;-16.7413;-49.1443;Não_acidente;Não_acidente;0-Nao_Acidente
1345;132.00;42867;3;0.8300;1;0;4;364;4;16.0;22.0;6.0;1;5;5.66;0;6.1381;2.7065;-0.0009;0.0068;169807.7053;11380.5138;0.3878;0.0670;0.0002;16187513.3900;16093.5069;4030.2216;4030.2216;-0.7874;0.6024;1420.4790;2830.1584;0.9933;6.9044;59.9994;0.8354;-18.9367;-50.6425;Não_acidente;Não_acidente;0-Nao_Acidente
1346;291.00;43026;3;0.0600;4;1;2;80;4;135.0;153.0;18.0;1;5;22.82;0;7.2432;5.2861;-0.0058;0.0145;684679.1002;45708.7533;0.3993;0.0668;0.0001;220147370.0000;59837.8723;16866.9048;16866.9048;0.6235;0.0148;5687.6410;10879.8929;0.9982;13.8101;62.9307;0.0146;-14.8852;-48.9819;Não_acidente;Não_acidente;0-Nao_Acidente
1347;214.00;43314;2;0.4900;4;0;5;60;4;473.1;478.3;5.2;1;1;5.25;1;9.8282;4.9922;-0.0029;0.0137;157599.0832;10566.6344;0.3871;0.0670;0.0002;3735292.7350;11445.6819;751.3412;751.3412;-0.0317;0.0400;1298.0732;2516.0479;0.9921;6.6543;62.6376;0.0483;-17.9201;-51.7320;Não_acidente;Não_acidente;0-Nao_Acidente
1348;278.00;43013;7;0.6700;3;1;7;490;4;163.3;165.2;1.9;2;6;1.92;0;5.0648;1.3350;-0.0012;0.0038;57679.0127;3905.2675;0.3772;0.0677;0.0003;1101612.1550;4886.5078;596.5188;596.5188;0.2999;0.6305;852.1955;962.7381;0.9802;4.0652;59.9114;0.9323;-17.7275;-49.0581;Não_acidente;Não_acidente;0-Nao_Acidente