FID;data_conse;data_inver;dia_semana;horario;fase_dia;sentido_vi;condicao_m;vl_br;nm_tipo_tr;vl_km_inic;vl_km_fina;vl_extensa;ds_superfi;ds_legenda;Dist_km;TIPO;S_med;S_sd;CV_med;CV_sd;P_AREA;P_PERIM;P_FRACDIM;P_PERARAT;P_COMPAC;PBOX_AREA;PBOX_PERIM;PBOX_LEN;PBOX_WIDTH;POL_ANGLE;PELLIP_FIT;PGYRATIUS;POLRADIUS;PCIRCLE;PSAHPEIDX;PDENSITY;PRECTFIT;Lat;Long;causa_acid;tipo_acide;Acidente
1349;25.00;43125;1;0.0500;1;0;2;251;4;235.9;237.2;1.3;2;6;0.72;1;9.0127;2.5140;-0.0116;0.0152;21702.1063;1506.8051;0.3664;0.0694;0.0005;268216.3436;2090.2927;452.8137;452.8137;-0.9281;0.4977;218.9391;363.1502;0.9476;2.5571;59.7607;0.6086;-15.3108;-49.5910;Não_acidente;Não_acidente;0-Nao_Acidente
1350;295.00;43395;6;0.4500;3;1;4;70;4;4.0;16.0;12.0;1;1;10.50;1;5.3679;3.3491;0.0010;0.0042;314971.9913;21058.1684;0.3932;0.0669;0.0001;20147294.7500;22397.7896;2251.8339;2251.8339;-1.5033;0.0132;2586.1273;4780.8984;0.9956;9.3805;65.8813;0.0157;-15.7357;-48.2824;Não_acidente;Não_acidente;0-Nao_Acidente
1351;336.00;43436;6;0.1900;1;0;7;158;4;269.4;270.7;1.3;1;1;1.36;1;5.1120;2.1133;0.0031;0.0077;40771.4657;2778.0518;0.3735;0.0681;0.0003;256465.1351;3078.6360;1349.2363;1349.2363;-1.4544;0.4122;370.2913;682.7375;0.9722;3.4396;59.7176;0.5077;-17.8610;-51.7300;Não_acidente;Não_acidente;0-Nao_Acidente
1352;345.00;43080;3;0.4800;3;1;5;60;4;512.8;592.2;79.4;2;6;79.43;0;7.0906;4.1595;-0.0008;0.0115;2383256.9890;158943.7713;0.4078;0.0667;0.0000;1933100711.0000;190171.7278;29453.4414;29453.4414;-1.1514;0.0064;15928.4015;36295.2295;0.9994;25.7394;65.6631;0.0061;-17.8894;-52.3348;Não_acidente;Não_acidente;0-Nao_Acidente
1353;254.00;42989;4;0.4800;3;0;5;452;4;65.1;79.2;14.1;1;5;14.14;0;4.3530;2.4029;0.0005;0.0049;424297.2818;28346.4771;0.3956;0.0668;0.0001;55484406.6500;35167.5839;4121.4540;4121.4540;-0.2918;0.0497;3573.0074;7053.7944;0.9973;10.8794;60.1516;0.0652;-18.0528;-50.2222;Não_acidente;Não_acidente;0-Nao_Acidente
1354;167.00;42902;4;0.3800;3;1;0;158;4;90.0;94.0;4.0;1;5;2.50;0;4.5925;2.0989;0.0008;0.0064;75022.8930;5061.5262;0.3799;0.0675;0.0002;769288.8787;5515.8076;2443.0099;2443.0099;-1.4892;0.1324;717.9050;1231.6931;0.9843;4.6198;60.9104;0.1572;-16.4576;-51.7932;Não_acidente;Não_acidente;0-Nao_Acidente
1355;228.00;42963;2;0.2500;2;0;1;50;4;106.7;119.2;12.5;1;5;12.82;0;3.2280;1.2604;0.0014;0.0049;384501.7563;25693.4506;0.3948;0.0668;0.0001;41327229.0300;30260.7375;11553.2648;11553.2648;-0.2463;0.0145;3324.8161;6302.2850;0.9969;10.3589;61.0099;0.0175;-16.9181;-47.6941;Não_acidente;Não_acidente;0-Nao_Acidente
1356;294.00;43029;2;0.4600;3;1;6;60;2;61.5;66.4;4.9;2;6;4.80;1;10.2869;4.6605;-0.0012;0.0116;143964.6089;9657.6406;0.3863;0.0671;0.0002;8842585.2920;12795.5431;4377.9892;4377.9892;1.1426;0.6124;1864.3061;2399.5147;0.9920;6.3633;59.9974;0.8029;-16.7161;-49.1667;Não_acidente;Não_acidente;0-Nao_Acidente
1357;176.00;43276;3;0.6800;1;0;1;153;4;555.5;565.3;9.8;1;1;9.79;0;8.1502;3.2131;-0.0003;0.0122;293645.9316;19636.3955;0.3926;0.0669;0.0001;29389649.4000;23466.2411;8108.6308;8108.6308;1.1331;0.0204;2233.9453;4501.3200;0.9954;9.0592;65.2355;0.0234;-17.2310;-49.2319;Não_acidente;Não_acidente;0-Nao_Acidente
1358;163.00;43263;2;0.8700;2;1;4;153;4;378.1;403.0;24.9;1;5;24.81;0;7.7011;4.1585;-0.0012;0.0107;744203.6610;49673.5781;0.3999;0.0667;0.0001;300831194.0000;69378.6960;17263.9132;17263.9132;-0.7815;0.0176;6255.8784;12298.5539;0.9984;14.3953;60.5115;0.0198;-15.9072;-49.2272;Não_acidente;Não_acidente;0-Nao_Acidente
1359;250.00;42985;3;0.3300;4;0;3;153;4;305.1;320.4;15.3;1;5;16.82;1;5.3816;2.6433;-0.0007;0.0069;504685.8409;33705.8265;0.3970;0.0668;0.0001;106305688.3000;43749.5891;14587.1878;14587.1878;-1.1087;0.0192;4400.9466;8205.2146;0.9976;11.8614;61.5079;0.0203;-15.3341;-49.5702;Não_acidente;Não_acidente;0-Nao_Acidente
1360;93.00;42828;3;0.5400;2;1;6;60;2;34.0;38.7;4.7;1;1;4.79;1;4.1010;1.5626;0.0005;0.0049;143773.5126;9644.8983;0.3862;0.0671;0.0002;7749997.0860;12226.0271;4318.3453;4318.3453;-1.1660;0.1279;1205.8723;2351.6611;0.9917;6.3591;61.1370;0.1520;-16.7244;-49.3523;Não_acidente;Não_acidente;0-Nao_Acidente
1361;240.00;42975;1;0.9800;3;0;0;20;4;72.8;105.3;32.5;1;5;32.28;1;3.2553;1.7847;-0.0002;0.0058;968347.7241;64616.4768;0.4018;0.0667;0.0001;487943052.2000;89119.2881;25186.2661;25186.2661;0.9073;0.0165;7893.4689;15956.3351;0.9988;16.4160;60.6874;0.0209;-15.0388;-47.0595;Não_acidente;Não_acidente;0-Nao_Acidente
1362;325.00;43425;7;0.4400;2;1;2;20;4;180.7;185.7;5.0;1;5;9.55;1;4.3183;2.2092;0.0006;0.0053;286481.9730;19158.8030;0.3924;0.0669;0.0001;45377650.9400;27014.8592;7238.4960;7238.4960;0.8564;0.4067;1881.6228;4775.7731;0.9960;8.9487;59.9865;0.5231;-14.4881;-46.5010;Não_acidente;Não_acidente;0-Nao_Acidente
1363;297.00;43032;1;0.7500;2;0;5;490;4;165.2;166.7;1.5;2;6;1.52;0;4.4181;1.3994;-0.0016;0.0043;45464.2999;3090.9533;0.3747;0.0680;0.0003;444153.3960;3563.6517;299.6664;299.6664;0.1718;0.1773;411.5208;754.1304;0.9746;3.6241;60.2871;0.2129;-17.7301;-49.0687;Não_acidente;Não_acidente;0-Nao_Acidente
1364;327.00;43062;6;0.2700;2;1;4;154;4;9.0;15.5;6.5;1;5;6.25;1;7.0213;3.1553;0.0050;0.0105;187629.3488;12568.6233;0.3887;0.0670;0.0002;11600910.3100;15125.9059;2138.7184;2138.7184;1.2684;0.0227;1664.3361;2963.8427;0.9932;7.2540;63.3061;0.0272;-18.3986;-49.3005;Não_acidente;Não_acidente;0-Nao_Acidente
1365;204.00;42939;7;0.4100;2;0;0;153;4;57.8;68.9;11.1;1;5;13.84;1;3.8493;1.4981;0.0018;0.0070;414886.4227;27719.0956;0.3954;0.0668;0.0001;22859174.6400;30703.0976;13680.6339;13680.6339;-0.1219;0.0650;3637.3895;6904.9233;0.9972;10.7586;60.0856;0.0712;-13.4264;-49.1302;Não_acidente;Não_acidente;0-Nao_Acidente
1366;66.00;42801;5;0.1700;2;1;7;153;4;285.3;289.8;4.5;1;5;4.01;0;8.5446;5.3527;0.0025;0.0101;120257.8313;8077.1882;0.3846;0.0672;0.0002;895029.6867;8411.6759;3981.0133;3981.0133;1.5407;0.1342;1055.5307;2003.5738;0.9905;5.8230;60.0217;0.1606;-15.1808;-49.5450;Não_acidente;Não_acidente;0-Nao_Acidente
1367;12.00;43112;5;0.9400;1;0;4;20;4;22.0;31.0;9.0;1;5;9.07;0;5.1146;1.7008;-0.0002;0.0057;272057.7930;18197.1863;0.3919;0.0669;0.0001;37065232.7400;24369.6844;5863.5937;5863.5937;0.7794;0.0188;2352.4370;4423.8202;0.9956;8.7220;61.4984;0.0227;-15.5426;-47.1505;Não_acidente;Não_acidente;0-Nao_Acidente
1368;62.00;43162;2;0.1000;3;1;2;70;4;218.9;231.5;12.6;2;6;12.55;0;8.1552;4.5163;0.0031;0.0133;376375.5237;25153.2324;0.3946;0.0668;0.0001;50481915.6900;30467.3525;4871.9689;4871.9689;1.1032;0.0192;3020.1934;5788.9864;0.9964;10.2500;65.0158;0.0224;-15.9760;-50.1036;Não_acidente;Não_acidente;0-Nao_Acidente
1369;105.00;42840;5;0.8400;2;0;4;60;2;27.8;34.0;6.2;2;6;5.44;1;6.7178;3.3807;-0.0023;0.0106;163182.6361;10938.8424;0.3874;0.0670;0.0002;7327956.0680;13256.9000;5226.3263;5226.3263;0.2708;0.0756;1830.2022;2713.1099;0.9929;6.7698;60.1460;0.0913;-16.7122;-49.3572;Não_acidente;Não_acidente;0-Nao_Acidente
1370;263.00;42998;2;0.2400;2;1;1;80;4;223.0;282.3;59.3;0;3;66.55;0;5.0843;3.0647;0.0006;0.0085;1996218.8650;133140.2727;0.4067;0.0667;0.0000;1663358088.0000;163528.1718;43707.5247;43707.5247;-0.8545;0.0042;13038.9306;29439.3099;0.9993;23.5584;67.8079;0.0042;-13.9899;-49.7006;Não_acidente;Não_acidente;0-Nao_Acidente
1371;70.00;43170;5;0.5900;4;0;4;60;4;94.2;100.1;5.9;1;1;5.91;1;5.5455;2.4981;0.0036;0.0068;177441.3404;11889.4228;0.3882;0.0670;0.0002;16756394.7200;16492.2554;4616.2787;4616.2787;-0.6732;0.1108;1578.3260;2935.8750;0.9934;7.0562;60.4390;0.1207;-16.3751;-48.9459;Não_acidente;Não_acidente;0-Nao_Acidente
1372;127.00;42862;2;0.4200;2;1;1;251;4;237.2;256.4;19.2;2;6;19.78;0;10.5116;5.5164;-0.0115;0.0140;593162.0776;39605.9319;0.3982;0.0668;0.0001;95757311.9900;40494.0744;12717.4185;12717.4185;0.2838;0.0069;3630.5638;7677.8659;0.9968;12.8562;77.2561;0.0083;-15.2797;-49.5616;Não_acidente;Não_acidente;0-Nao_Acidente
1373;312.00;43412;5;0.6700;2;0;1;60;2;34.0;38.7;4.7;1;1;4.79;1;4.1010;1.5626;0.0005;0.0049;143773.5126;9644.8983;0.3862;0.0671;0.0002;7749997.0860;12226.0271;4318.3453;4318.3453;-1.1660;0.1279;1205.8723;2351.6611;0.9917;6.3591;61.1370;0.1520;-16.7234;-49.3533;Não_acidente;Não_acidente;0-Nao_Acidente
1374;122.00;43222;3;0.7200;1;1;5;352;4;45.9;52.6;6.7;2;6;6.65;0;4.8140;1.6521;0.0003;0.0059;199496.5664;13359.7704;0.3892;0.0670;0.0001;8498943.5580;15182.0898;6225.9642;6225.9642;-1.3954;0.0281;2388.7315;3266.5851;0.9940;7.4778;61.0719;0.0339;-16.9843;-48.9622;Não_acidente;Não_acidente;0-Nao_Acidente
1375;343.00;43078;2;0.6300;4;0;7;490;4;133.2;160.7;27.5;2;6;27.39;0;6.6614;2.9697;0.0046;0.0105;821976.7898;54858.4451;0.4006;0.0667;0.0001;68456199.2600;56071.3182;2702.2056;2702.2056;-1.5677;0.0113;6599.1752;12725.2448;0.9984;15.1270;64.5942;0.0128;-17.7220;-48.8716;Não_acidente;Não_acidente;0-Nao_Acidente
1376;337.00;43437;5;0.5400;2;1;3;153;4;243.2;275.6;32.4;1;5;32.44;0;6.1876;2.7545;0.0007;0.0096;973222.3101;64941.4284;0.4018;0.0667;0.0001;474841988.9000;89410.8028;27332.7850;27332.7850;1.0030;0.0378;7409.9024;16203.3291;0.9988;16.4572;60.0631;0.0455;-15.0264;-49.4289;Não_acidente;Não_acidente;0-Nao_Acidente
1377;232.00;43332;5;0.7000;4;0;3;153;4;696.7;703.6;6.9;1;1;7.25;1;4.3966;2.4623;-0.0005;0.0071;217367.9569;14551.1894;0.3900;0.0669;0.0001;16079941.2200;18269.9984;6754.3035;6754.3035;-1.2266;0.0737;1939.9126;3607.4725;0.9947;7.8026;60.2549;0.0812;-18.4058;-49.2000;Não_acidente;Não_acidente;0-Nao_Acidente
1378;213.00;42948;6;0.3800;3;1;2;457;4;93.4;149.4;56.0;2;6;45.61;0;6.6319;4.6538;0.0020;0.0107;1368197.7440;91273.1219;0.4042;0.0667;0.0001;119851212.2000;91842.8325;2777.9703;2777.9703;-0.0280;0.0121;11042.6103;21696.2836;0.9991;19.5078;63.0614;0.0140;-16.8030;-48.0575;Não_acidente;Não_acidente;0-Nao_Acidente
1379;81.00;42816;1;0.7500;4;0;5;50;4;280.5;311.7;31.2;1;5;31.03;0;8.9085;4.4913;0.0045;0.0151;930533.7419;62095.8063;0.4015;0.0667;0.0001;385011167.8000;81036.0205;25300.4455;25300.4455;1.0482;0.0188;8054.1504;14873.1966;0.9987;16.0930;62.5645;0.0195;-18.3456;-48.0364;Não_acidente;Não_acidente;0-Nao_Acidente
1380;329.00;43429;7;0.3000;2;1;4;490;4;165.2;166.7;1.5;2;6;1.52;0;4.4181;1.3994;-0.0016;0.0043;45464.2999;3090.9533;0.3747;0.0680;0.0003;444153.3960;3563.6517;299.6664;299.6664;0.1718;0.1773;411.5208;754.1304;0.9746;3.6241;60.2871;0.2129;-17.7301;-49.0690;Não_acidente;Não_acidente;0-Nao_Acidente
1381;201.00;42936;4;0.6800;2;0;2;452;4;0.0;39.0;39.0;1;5;39.24;0;4.8529;2.4327;0.0002;0.0066;1177509.6240;78561.1597;0.4032;0.0667;0.0001;542289192.2000;101758.8835;15198.1289;15198.1289;-0.4046;0.0158;9572.2629;19476.1768;0.9990;18.0995;60.4590;0.0189;-17.9155;-50.6027;Não_acidente;Não_acidente;0-Nao_Acidente
1382;13.00;43113;6;0.0800;4;1;4;60;4;470.0;473.1;3.1;1;1;3.00;1;7.3199;2.4285;-0.0019;0.0089;90152.3578;6070.1572;0.3818;0.0673;0.0002;1965899.5650;6753.9694;747.6912;747.6912;0.0807;0.0425;798.2458;1377.4626;0.9849;5.0542;65.4481;0.0509;-17.9215;-51.7019;Não_acidente;Não_acidente;0-Nao_Acidente
1383;7.00;43107;6;0.6100;1;0;4;70;3;0.0;4.0;4.0;2;6;3.93;0;4.7598;1.7217;-0.0005;0.0061;117968.5068;7924.5335;0.3844;0.0672;0.0002;4892710.9540;9232.2228;1648.9577;1648.9577;-1.0021;0.0534;817.2788;1708.2777;0.9871;5.7681;69.0570;0.0506;-15.9050;-52.2036;Não_acidente;Não_acidente;0-Nao_Acidente
1384;102.00;42837;5;0.6700;3;1;4;352;4;118.8;125.1;6.3;2;6;5.78;0;6.9311;2.7158;0.0004;0.0070;173421.5345;11621.4394;0.3880;0.0670;0.0002;8015491.9070;14042.8231;1434.7570;1434.7570;-0.2570;0.1378;1540.2805;2881.9166;0.9934;6.9767;60.1758;0.1547;-17.3218;-48.4619;Não_acidente;Não_acidente;0-Nao_Acidente
1385;64.00;42799;5;0.4200;3;0;4;154;4;34.1;35.1;1.0;2;6;1.67;1;3.3839;1.6731;0.0004;0.0045;50183.7751;3405.4979;0.3757;0.0679;0.0003;1079607.0730;4266.3263;825.7721;825.7721;0.4900;0.0830;439.0922;794.6934;0.9747;3.8005;63.1486;0.0982;-18.4902;-49.4705;Não_acidente;Não_acidente;0-Nao_Acidente
1386;88.00;42823;6;0.2800;2;1;4;70;4;424.0;472.1;48.1;1;5;48.32;0;4.4096;2.6867;0.0008;0.0073;1449500.3070;96693.3437;0.4046;0.0667;0.0001;201633802.2000;102280.4257;4305.1931;4305.1931;0.0227;0.0079;9483.2484;23515.6807;0.9992;20.0783;61.6397;0.0082;-15.9113;-52.0275;Não_acidente;Não_acidente;0-Nao_Acidente
1387;271.00;43006;2;0.1200;3;0;0;153;4;320.4;323.1;2.7;1;5;2.61;0;4.4153;2.3333;0.0001;0.0062;78212.4974;5274.1996;0.3803;0.0674;0.0002;2171940.8960;6703.0473;2473.4064;2473.4064;-1.2336;0.4234;748.4801;1306.8554;0.9854;4.7147;59.8479;0.5426;-15.4652;-49.4993;Não_acidente;Não_acidente;0-Nao_Acidente
1388;355.00;43090;2;0.0100;2;1;1;457;4;228.7;238.9;10.2;2;6;10.18;0;5.3626;2.6628;0.0024;0.0055;305333.0608;20416.7143;0.3929;0.0669;0.0001;36248374.6400;25634.8860;4212.5119;4212.5119;-1.1584;0.0191;2955.9467;4840.9689;0.9959;9.2372;63.0727;0.0219;-16.6174;-49.1099;Não_acidente;Não_acidente;0-Nao_Acidente
1389;197.00;43297;2;0.3300;4;0;1;352;4;197.1;239.4;42.3;2;6;43.71;0;8.2289;3.3171;0.0031;0.0139;1311018.0440;87458.2032;0.4039;0.0667;0.0001;615897188.7000;103942.1033;33689.4446;33689.4446;-1.1045;0.0067;9942.8550;19322.8264;0.9989;19.0957;67.8482;0.0082;-17.9755;-48.0463;Não_acidente;Não_acidente;0-Nao_Acidente
1390;232.00;43332;6;0.6400;3;1;2;60;4;109.2;139.4;30.2;1;1;30.11;1;9.5609;5.7119;-0.0045;0.0130;903351.3893;60283.4356;0.4013;0.0667;0.0001;378986039.0000;77890.5922;19027.6956;19027.6956;0.7552;0.0105;7431.2989;14024.3189;0.9985;15.8566;64.4132;0.0127;-16.6085;-49.2047;Não_acidente;Não_acidente;0-Nao_Acidente
1391;354.00;43089;6;0.5800;3;0;2;457;4;29.5;61.4;31.9;2;6;30.75;0;6.7485;4.5489;0.0069;0.0154;922512.2307;61560.5621;0.4015;0.0667;0.0001;249875283.8000;66341.2187;11565.6386;11565.6386;0.4264;0.0052;5692.5123;12455.0559;0.9981;16.0235;74.0673;0.0062;-17.0721;-47.8604;Não_acidente;Não_acidente;0-Nao_Acidente
1392;247.00;42982;7;0.1000;2;1;5;158;4;273.6;277.0;3.4;1;1;3.36;1;8.8025;3.3430;-0.0002;0.0106;100832.9443;6782.1878;0.3829;0.0673;0.0002;5549855.0950;9436.7256;2485.2043;2485.2043;-0.8184;0.0981;782.0692;1671.6624;0.9885;5.3396;60.3190;0.1168;-17.8996;-51.7339;Não_acidente;Não_acidente;0-Nao_Acidente
1393;365.00;43100;4;0.3700;2;0;1;153;4;305.1;320.4;15.3;1;5;16.82;1;5.3816;2.6433;-0.0007;0.0069;504685.8409;33705.8265;0.3970;0.0668;0.0001;106305688.3000;43749.5891;14587.1878;14587.1878;-1.1087;0.0192;4400.9466;8205.2146;0.9976;11.8614;61.5079;0.0203;-15.3232;-49.5716;Não_acidente;Não_acidente;0-Nao_Acidente
1394;58.00;43158;3;0.1600;1;1;4;20;4;0.0;3.7;3.7;1;5;3.70;1;6.0093;2.4308;0.0004;0.0066;111111.4595;7467.4307;0.3838;0.0672;0.0002;6101420.9520;10079.7731;2021.2519;2021.2519;0.6145;0.0629;945.4276;1834.7978;0.9895;5.6006;60.5579;0.0758;-15.5766;-47.3305;Não_acidente;Não_acidente;0-Nao_Acidente
1395;1.00;43101;4;0.0900;2;0;0;70;4;356.5;374.5;18.0;1;5;17.92;0;4.4149;2.1967;0.0013;0.0054;537453.3342;35890.2209;0.3974;0.0668;0.0001;44420438.6900;39377.2681;2599.3092;2599.3092;0.0262;0.0107;4684.9186;8668.8952;0.9977;12.2390;61.9979;0.0130;-15.9365;-51.3436;Não_acidente;Não_acidente;0-Nao_Acidente
1396;363.00;43098;4;0.2400;4;1;0;251;4;397.4;445.4;48.0;2;6;48.64;0;2.8176;1.2597;0.0003;0.0046;1459282.9460;97347.5190;0.4046;0.0667;0.0001;672811514.0000;118016.7885;15444.1070;15444.1070;-0.3322;0.0048;11664.8356;23226.0595;0.9991;20.1463;62.8296;0.0055;-15.0016;-50.7648;Não_acidente;Não_acidente;0-Nao_Acidente
1397;203.00;42938;4;0.5300;2;0;3;352;4;85.9;86.9;1.0;2;6;2.16;1;5.7327;2.5773;-0.0010;0.0083;64872.3622;4384.8237;0.3784;0.0676;0.0003;1797605.0820;5711.4661;1918.9854;1918.9854;-1.0946;0.1721;765.4157;1069.5769;0.9819;4.3039;60.6524;0.2134;-17.1918;-48.7167;Não_acidente;Não_acidente;0-Nao_Acidente
1398;122.00;43222;1;0.3300;1;1;7;364;4;299.2;310.2;11.0;1;5;8.79;0;5.2959;2.4918;0.0018;0.0074;263817.4341;17649.3503;0.3917;0.0669;0.0001;23314134.0600;21544.1244;7772.4923;7772.4923;0.3718;0.0242;2336.8543;4212.7982;0.9953;8.5905;62.6229;0.0292;-17.5449;-52.5289;Não_acidente;Não_acidente;0-Nao_Acidente
1399;228.00;43328;7;0.9500;2;0;2;352;4;118.8;125.1;6.3;2;6;5.78;1;6.9311;2.7158;0.0004;0.0070;173421.5345;11621.4394;0.3880;0.0670;0.0002;8015491.9070;14042.8231;1434.7570;1434.7570;-0.2570;0.1378;1540.2805;2881.9166;0.9934;6.9767;60.1758;0.1547;-17.3186;-48.4795;Não_acidente;Não_acidente;0-Nao_Acidente
1400;20.00;43120;6;0.9700;3;1;1;60;4;464.3;465.2;0.9;1;1;0.91;0;4.5270;1.0015;-0.0017;0.0033;27275.0658;1878.3377;0.3690;0.0689;0.0004;429332.8300;2636.3372;587.9557;587.9557;0.6719;0.5848;237.9184;455.8680;0.9582;2.8434;59.8311;0.8155;-17.8875;-51.6535;Não_acidente;Não_acidente;0-Nao_Acidente
1401;276.00;43011;2;0.0500;2;0;6;153;4;285.3;289.8;4.5;1;5;4.01;0;8.5446;5.3527;0.0025;0.0101;120257.8313;8077.1882;0.3846;0.0672;0.0002;895029.6867;8411.6759;3981.0133;3981.0133;1.5407;0.1342;1055.5307;2003.5738;0.9905;5.8230;60.0217;0.1606;-15.1889;-49.5449;Não_acidente;Não_acidente;0-Nao_Acidente
1402;44.00;43144;3;0.9900;3;1;4;153;4;0.0;31.9;31.9;1;5;31.60;0;3.4842;1.6375;0.0022;0.0056;947210.3435;63207.3594;0.4016;0.0667;0.0001;313716697.3000;80266.0758;29497.7694;29497.7694;-0.3613;0.0204;8251.8000;15761.3660;0.9988;16.2362;60.0970;0.0247;-12.8721;-49.1050;Não_acidente;Não_acidente;0-Nao_Acidente
1403;77.00;43177;5;0.8800;2;0;5;60;2;71.9;80.8;8.9;2;6;8.05;0;10.4291;5.7096;-0.0055;0.0132;241534.3756;16162.2916;0.3909;0.0669;0.0001;29460724.7200;21791.2373;4981.0098;4981.0098;-0.6973;0.0240;2326.0653;3947.5156;0.9951;8.2215;61.1864;0.0290;-16.6187;-49.1631;Não_acidente;Não_acidente;0-Nao_Acidente
1404;297.00;43032;2;0.1800;2;1;4;153;4;621.7;633.2;11.5;1;1;11.45;0;6.3867;3.0730;0.0036;0.0096;343425.4777;22955.0320;0.3939;0.0668;0.0001;54266998.1900;30216.2263;9226.4120;9226.4120;0.9689;0.0235;2923.5585;5500.1807;0.9964;9.7927;62.4389;0.0259;-17.8089;-49.2085;Não_acidente;Não_acidente;0-Nao_Acidente
1405;130.00;43230;7;0.4500;2;0;4;414;4;317.0;332.0;15.0;1;5;15.08;0;3.7011;2.1061;-0.0005;0.0052;452401.4910;30220.0996;0.3961;0.0668;0.0001;50189612.8100;35670.9309;14334.0363;14334.0363;0.2306;0.0230;4347.6484;7389.2787;0.9974;11.2324;61.2240;0.0255;-15.4806;-48.6162;Não_acidente;Não_acidente;0-Nao_Acidente
1406;182.00;42917;2;0.6300;4;1;6;50;4;154.5;163.5;9.0;1;5;8.76;0;2.9619;1.2997;0.0002;0.0059;262805.9584;17580.3973;0.3916;0.0669;0.0001;20546236.1000;21052.5707;7937.9202;7937.9202;1.3116;0.0206;2319.3561;4252.8839;0.9954;8.5734;61.7948;0.0248;-17.2732;-47.7654;Não_acidente;Não_acidente;0-Nao_Acidente
1407;309.00;43409;7;0.6600;2;0;4;80;4;282.3;306.4;24.1;0;3;27.06;0;3.4478;1.7619;0.0007;0.0055;811814.7559;54180.9837;0.4005;0.0667;0.0001;366554306.7000;76590.1160;19418.7481;19418.7481;-0.8029;0.0972;5858.9775;13527.9167;0.9986;15.0334;60.0103;0.1111;-13.8829;-49.7505;Não_acidente;Não_acidente;0-Nao_Acidente
1408;342.00;43442;4;0.9100;4;1;2;20;4;3.7;22.0;18.3;1;5;17.79;0;4.6989;2.1676;0.0007;0.0064;533527.0853;35628.4384;0.3974;0.0668;0.0001;42591912.8200;37696.9261;2625.3914;2625.3914;0.0257;0.0121;4128.6522;8449.8276;0.9976;12.1943;63.1406;0.0130;-15.5689;-47.2358;Não_acidente;Não_acidente;0-Nao_Acidente
1409;67.00;43167;1;0.4200;2;0;4;20;4;229.7;252.5;22.8;1;5;22.98;0;5.0848;3.5498;-0.0038;0.0109;689363.4334;46017.5623;0.3993;0.0668;0.0001;226457994.5000;60788.4659;17317.1057;17317.1057;0.9104;0.0121;4654.6810;11111.9053;0.9982;13.8561;62.0383;0.0127;-14.0277;-46.2399;Não_acidente;Não_acidente;0-Nao_Acidente
1410;143.00;43243;2;0.1900;2;1;0;60;4;160.2;162.1;1.9;1;1;2.08;1;2.6488;1.1260;0.0011;0.0039;62262.1598;4210.7948;0.3780;0.0676;0.0003;1798719.0450;5618.5174;987.1792;987.1792;0.4904;0.1813;552.9644;1026.1132;0.9812;4.2188;60.6777;0.2186;-16.6990;-49.3315;Não_acidente;Não_acidente;0-Nao_Acidente
1411;271.00;43006;1;0.6800;3;0;3;60;2;71.9;80.8;8.9;2;6;8.05;0;10.4291;5.7096;-0.0055;0.0132;241534.3756;16162.2916;0.3909;0.0669;0.0001;29460724.7200;21791.2373;4981.0098;4981.0098;-0.6973;0.0240;2326.0653;3947.5156;0.9951;8.2215;61.1864;0.0290;-16.6328;-49.1505;Não_acidente;Não_acidente;0-Nao_Acidente
1412;291.00;43391;5;0.8700;2;1;5;153;4;68.9;107.5;38.6;1;5;36.02;0;4.5118;1.9765;0.0029;0.0070;1080219.8790;72074.5898;0.4026;0.0667;0.0001;376399068.3000;85420.6848;30279.5350;30279.5350;-1.1392;0.0066;8502.9177;16523.4507;0.9987;17.3367;65.3750;0.0070;-13.6792;-49.0240;Não_acidente;Não_acidente;0-Nao_Acidente
1413;11.00;42746;3;0.5600;4;0;3;457;4;189.7;195.3;5.6;2;6;5.40;1;5.5631;1.3912;-0.0008;0.0052;162075.3630;10865.0233;0.3874;0.0670;0.0002;9141336.6490;13657.7366;1827.9210;1827.9210;-0.3700;0.0528;1738.1322;2684.8175;0.9928;6.7470;60.3674;0.0637;-16.6276;-48.7566;Não_acidente;Não_acidente;0-Nao_Acidente
1414;100.00;43200;4;0.1300;1;1;7;20;4;143.3;180.7;37.4;1;5;34.10;0;2.9901;1.5943;-0.0010;0.0053;1023076.7730;68269.2227;0.4022;0.0667;0.0001;480778640.4000;90137.1552;27731.9355;27731.9355;1.0193;0.0074;8832.5715;16745.4032;0.9988;16.8737;61.0960;0.0084;-14.6510;-46.6364;Não_acidente;Não_acidente;0-Nao_Acidente
1415;179.00;42914;4;0.7800;3;0;5;60;2;34.0;38.7;4.7;1;1;4.79;1;4.1010;1.5626;0.0005;0.0049;143773.5126;9644.8983;0.3862;0.0671;0.0002;7749997.0860;12226.0271;4318.3453;4318.3453;-1.1660;0.1279;1205.8723;2351.6611;0.9917;6.3591;61.1370;0.1520;-16.7147;-49.3568;Não_acidente;Não_acidente;0-Nao_Acidente
1416;6.00;43106;3;0.5400;4;1;1;359;4;12.2;43.9;31.7;2;6;36.10;0;5.0452;2.6505;0.0024;0.0073;1083105.2910;72266.9942;0.4026;0.0667;0.0001;212272919.9000;75739.0986;6841.2735;6841.2735;0.1616;0.0069;9549.9422;15773.8151;0.9986;17.3598;68.6648;0.0069;-17.6452;-52.7638;Não_acidente;Não_acidente;0-Nao_Acidente
1417;285.00;43020;7;0.1200;1;0;7;50;4;270.1;280.5;10.4;1;5;10.32;0;5.6586;2.7604;0.0070;0.0110;309648.9968;20703.2676;0.3930;0.0669;0.0001;43260134.5400;26684.5221;7786.4099;7786.4099;-0.5895;0.0165;2554.9680;4878.5092;0.9959;9.3013;63.4721;0.0191;-18.1110;-47.8897;Não_acidente;Não_acidente;0-Nao_Acidente
1418;318.00;43053;3;0.0200;3;1;1;153;4;124.9;142.4;17.5;1;5;17.43;0;6.5752;3.0379;-0.0006;0.0100;522802.1218;34914.2814;0.3972;0.0668;0.0001;71505298.0300;41646.3127;16485.7581;16485.7581;-0.2507;0.0152;4513.6351;8595.5517;0.9977;12.0719;60.8224;0.0182;-13.8678;-49.0518;Não_acidente;Não_acidente;0-Nao_Acidente