FID;data_conse;data_inver;dia_semana;horario;fase_dia;sentido_vi;condicao_m;vl_br;nm_tipo_tr;vl_km_inic;vl_km_fina;vl_extensa;ds_superfi;ds_legenda;Dist_km;TIPO;S_med;S_sd;CV_med;CV_sd;P_AREA;P_PERIM;P_FRACDIM;P_PERARAT;P_COMPAC;PBOX_AREA;PBOX_PERIM;PBOX_LEN;PBOX_WIDTH;POL_ANGLE;PELLIP_FIT;PGYRATIUS;POLRADIUS;PCIRCLE;PSAHPEIDX;PDENSITY;PRECTFIT;Lat;Long;causa_acid;tipo_acide;Acidente
1419;253.00;43353;4;0.8500;4;0;3;60;3;10.7;15.6;4.9;2;6;8.60;0;4.4399;2.2761;-0.0005;0.0060;258052.3641;17263.3737;0.3915;0.0669;0.0001;23654871.3600;20226.7223;6440.5690;6440.5690;0.4722;0.0195;1886.2822;3733.3541;0.9941;8.4959;69.1208;0.0212;-17.8100;-51.0030;Não_acidente;Não_acidente;0-Nao_Acidente
1420;343.00;43078;6;0.0900;2;1;5;490;4;166.7;171.5;4.8;2;6;4.77;1;4.5309;1.7444;-0.0002;0.0052;143107.6713;9600.3979;0.3862;0.0671;0.0002;5038470.8520;11193.8624;1127.2568;1127.2568;0.2270;0.0493;1632.6230;2308.8690;0.9915;6.3445;61.9817;0.0573;-17.7298;-49.0729;Não_acidente;Não_acidente;0-Nao_Acidente
1421;318.00;43418;5;0.7400;2;0;6;80;4;363.0;411.4;48.4;1;5;48.88;1;3.8927;2.0758;-0.0013;0.0071;1467269.2170;97877.5415;0.4047;0.0667;0.0001;457027081.5000;110612.1697;10112.6982;10112.6982;1.4605;0.0041;14145.3961;23517.2595;0.9992;20.2008;62.3912;0.0049;-13.2849;-50.1844;Não_acidente;Não_acidente;0-Nao_Acidente
1422;344.00;43444;3;0.1000;2;1;1;457;4;195.3;214.0;18.7;2;6;18.66;0;9.2947;4.5154;-0.0047;0.0155;559742.2009;37375.8749;0.3978;0.0668;0.0001;27010792.7900;38646.4604;1516.9227;1516.9227;-1.5464;0.0183;5551.4274;9014.5561;0.9978;12.4893;62.0932;0.0208;-16.6177;-48.9358;Não_acidente;Não_acidente;0-Nao_Acidente
1423;82.00;42817;6;0.7300;4;0;2;154;4;34.1;35.1;1.0;2;6;1.67;1;3.3839;1.6731;0.0004;0.0045;50183.7751;3405.4979;0.3757;0.0679;0.0003;1079607.0730;4266.3263;825.7721;825.7721;0.4900;0.0830;439.0922;794.6934;0.9747;3.8005;63.1486;0.0982;-18.4911;-49.4713;Não_acidente;Não_acidente;0-Nao_Acidente
1424;89.00;42824;2;0.7200;1;1;7;352;4;45.3;45.9;0.6;2;6;0.61;1;3.6844;1.7242;-0.0010;0.0048;18211.0691;1274.0709;0.3644;0.0700;0.0005;19843.1764;1281.1393;607.9290;607.9290;-1.5665;0.6363;302.4780;304.6536;0.9375;2.3603;59.7763;0.9925;-16.9783;-48.9623;Não_acidente;Não_acidente;0-Nao_Acidente
1425;215.00;43315;4;0.6800;1;0;5;60;4;631.5;639.8;8.3;2;6;8.29;0;3.9219;1.9672;-0.0007;0.0089;248679.0053;16638.6006;0.3912;0.0669;0.0001;29742468.8500;22682.5944;4117.0120;4117.0120;1.0556;0.4725;3271.2632;4145.0618;0.9954;8.3414;59.9940;0.6029;-18.4305;-52.5994;Não_acidente;Não_acidente;0-Nao_Acidente
1426;38.00;42773;7;0.9400;3;1;5;153;4;582.4;598.2;15.8;1;1;15.87;0;8.9085;3.1968;0.0008;0.0102;475916.2960;31787.7493;0.3965;0.0668;0.0001;35544190.8500;34659.6363;14952.7115;14952.7115;-1.4608;0.0200;4113.4161;7518.8540;0.9973;11.5195;63.2964;0.0192;-17.4279;-49.2279;Não_acidente;Não_acidente;0-Nao_Acidente
1427;344.00;43079;2;0.7400;4;0;7;452;4;47.8;65.1;17.3;1;5;17.35;0;4.2376;2.0836;0.0001;0.0066;520656.3202;34770.6327;0.3972;0.0668;0.0001;101283119.1000;44643.2120;6335.8258;6335.8258;-0.3720;0.0406;4431.8404;8624.4254;0.9978;12.0469;60.3700;0.0393;-17.9890;-50.4223;Não_acidente;Não_acidente;0-Nao_Acidente
1428;238.00;43338;7;0.6400;2;1;6;10;4;31.6;37.8;6.2;2;6;6.53;1;2.9086;1.0334;0.0003;0.0039;195937.5545;13122.5036;0.3891;0.0670;0.0002;10429293.4800;15831.4607;6245.9655;6245.9655;0.2351;0.0733;2685.4233;3262.0106;0.9941;7.4114;60.0665;0.0883;-15.2322;-47.5747;Não_acidente;Não_acidente;0-Nao_Acidente
1429;192.00;42927;6;0.9000;3;0;3;158;4;273.6;277.0;3.4;1;1;3.36;1;8.8025;3.3430;-0.0002;0.0106;100832.9443;6782.1878;0.3829;0.0673;0.0002;5549855.0950;9436.7256;2485.2043;2485.2043;-0.8184;0.0981;782.0692;1671.6624;0.9885;5.3396;60.3190;0.1168;-17.9161;-51.7196;Não_acidente;Não_acidente;0-Nao_Acidente
1430;11.00;42746;2;0.4300;4;1;7;60;4;470.0;473.1;3.1;1;1;3.00;1;7.3199;2.4285;-0.0019;0.0089;90152.3578;6070.1572;0.3818;0.0673;0.0002;1965899.5650;6753.9694;747.6912;747.6912;0.0807;0.0425;798.2458;1377.4626;0.9849;5.0542;65.4481;0.0509;-17.9204;-51.6999;Não_acidente;Não_acidente;0-Nao_Acidente
1431;315.00;43050;4;0.5000;3;0;6;457;4;61.4;74.4;13.0;2;6;14.63;0;7.8254;3.8759;0.0150;0.0126;438897.8564;29319.8488;0.3959;0.0668;0.0001;66419166.6400;33055.7820;9632.7511;9632.7511;-0.9822;0.0146;3319.5130;6006.7051;0.9961;11.0642;73.0680;0.0150;-16.9736;-47.9992;Não_acidente;Não_acidente;0-Nao_Acidente
1432;209.00;42944;7;0.1800;3;1;3;251;4;36.1;75.1;39.0;0;4;39.27;0;6.0766;4.5146;-0.0021;0.0158;1177732.4070;78572.8097;0.4032;0.0667;0.0001;192809226.8000;76105.1934;6018.9619;6018.9619;-0.1117;0.0068;7346.6489;16570.8716;0.9986;18.1004;71.0724;0.0080;-15.5086;-48.4377;Não_acidente;Não_acidente;0-Nao_Acidente
1433;3.00;42738;6;0.8300;2;0;4;70;4;424.0;472.1;48.1;1;5;48.32;0;4.4096;2.6867;0.0008;0.0073;1449500.3070;96693.3437;0.4046;0.0667;0.0001;201633802.2000;102280.4257;4305.1931;4305.1931;0.0227;0.0079;9483.2484;23515.6807;0.9992;20.0783;61.6397;0.0082;-15.9221;-51.9807;Não_acidente;Não_acidente;0-Nao_Acidente
1434;114.00;43214;5;0.8100;1;1;4;153;4;213.0;243.2;30.2;1;5;30.06;1;5.3313;3.3306;0.0002;0.0089;901889.2376;60186.0243;0.4013;0.0667;0.0001;411623952.9000;83085.1281;25223.4954;25223.4954;-0.5736;0.1014;7366.4033;15009.9179;0.9987;15.8438;60.0862;0.0954;-14.8626;-49.3262;Não_acidente;Não_acidente;0-Nao_Acidente
1435;18.00;42753;6;0.0800;4;0;5;483;4;138.0;202.8;64.8;2;6;64.86;0;4.9323;2.4477;0.0002;0.0069;1944909.5260;129720.6319;0.4065;0.0667;0.0000;1370015963.0000;157428.5840;52735.0748;52735.0748;-0.4797;0.0035;22151.0882;29456.9000;0.9993;23.2541;66.0256;0.0036;-18.9132;-50.6603;Não_acidente;Não_acidente;0-Nao_Acidente
1436;268.00;43003;4;0.0300;2;1;4;153;4;696.7;703.6;6.9;1;1;7.25;1;4.3966;2.4623;-0.0005;0.0071;217367.9569;14551.1894;0.3900;0.0669;0.0001;16079941.2200;18269.9984;6754.3035;6754.3035;-1.2266;0.0737;1939.9126;3607.4725;0.9947;7.8026;60.2549;0.0812;-18.3773;-49.2103;Não_acidente;Não_acidente;0-Nao_Acidente
1437;208.00;42943;5;0.7100;3;0;2;60;4;4.8;30.4;25.6;1;1;25.32;0;10.5936;6.7980;0.0018;0.0152;759407.7881;50687.4319;0.4000;0.0667;0.0001;76696915.5600;51985.6793;3393.8154;3393.8154;0.0215;0.0086;5950.2956;11630.8179;0.9982;14.5413;65.2927;0.0106;-16.1210;-48.4268;Não_acidente;Não_acidente;0-Nao_Acidente
1438;86.00;42821;6;0.1500;3;1;1;80;3;0.0;7.7;7.7;2;6;7.04;0;5.5849;2.6117;0.0024;0.0081;211264.4330;14144.2882;0.3897;0.0670;0.0001;17834109.1900;17537.1777;5562.3982;5562.3982;0.4856;0.0200;2200.9386;3362.5744;0.9941;7.6932;62.8282;0.0241;-15.1672;-48.3118;Não_acidente;Não_acidente;0-Nao_Acidente
1439;71.00;42806;6;0.1300;1;0;6;30;4;185.7;249.5;63.8;2;6;61.06;0;6.5314;3.1616;0.0020;0.0105;1831800.9830;122177.7437;0.4061;0.0667;0.0000;535541246.6000;118239.5568;11168.4291;11168.4291;-0.1279;0.0048;13954.4737;24188.2553;0.9990;22.5680;75.7310;0.0047;-14.4744;-46.0230;Não_acidente;Não_acidente;0-Nao_Acidente
1440;74.00;43174;1;0.0800;1;1;0;153;4;533.3;555.5;22.2;1;1;24.09;0;7.6587;3.8221;-0.0017;0.0116;722702.9898;48240.0586;0.3997;0.0667;0.0001;56209149.7200;51218.7005;23184.9716;23184.9716;-1.4855;0.0254;5855.9792;11693.5957;0.9983;14.1863;61.8033;0.0262;-17.0775;-49.2233;Não_acidente;Não_acidente;0-Nao_Acidente
1441;80.00;42815;7;0.2400;2;0;7;70;4;4.0;16.0;12.0;1;1;10.50;1;5.3679;3.3491;0.0010;0.0042;314971.9913;21058.1684;0.3932;0.0669;0.0001;20147294.7500;22397.7896;2251.8339;2251.8339;-1.5033;0.0132;2586.1273;4780.8984;0.9956;9.3805;65.8813;0.0157;-15.7521;-48.3258;Não_acidente;Não_acidente;0-Nao_Acidente
1442;210.00;42945;5;0.8900;1;1;5;70;4;231.5;268.9;37.4;2;6;37.33;0;7.8767;3.7514;-0.0028;0.0095;1119728.8220;74743.9670;0.4028;0.0668;0.0001;276737445.9000;83534.7899;8258.6678;8258.6678;-0.2086;0.0056;9087.0869;17498.7264;0.9988;17.6587;63.9892;0.0065;-15.8941;-50.2609;Não_acidente;Não_acidente;0-Nao_Acidente
1443;65.00;43165;2;0.1200;2;0;4;10;4;160.9;161.9;1.0;2;6;0.97;1;6.7096;2.3755;-0.0016;0.0030;29121.9025;2001.4602;0.3698;0.0687;0.0004;100875.1251;2148.3284;970.1895;970.1895;-1.4944;0.6366;485.5968;485.5968;0.9607;2.9321;59.9714;1.0000;-14.1373;-47.5221;Não_acidente;Não_acidente;0-Nao_Acidente
1444;153.00;43253;1;0.8300;2;1;3;20;4;185.7;214.7;29.0;1;5;29.40;0;6.7272;2.9612;0.0000;0.0094;881872.0819;58851.4724;0.4011;0.0667;0.0001;267467897.2000;68435.1754;22133.0282;22133.0282;-0.4769;0.0049;6229.0690;13160.0825;0.9984;15.6673;67.0111;0.0059;-14.2420;-46.3548;Não_acidente;Não_acidente;0-Nao_Acidente
1445;45.00;42780;3;0.8000;2;0;3;80;4;191.6;223.0;31.4;2;6;36.59;1;16.3884;11.3670;-0.0004;0.0249;1097578.3800;73231.8917;0.4027;0.0667;0.0001;656750153.3000;102679.8853;27152.2921;27152.2921;-0.8590;0.0138;12067.9455;18249.2028;0.9990;17.4752;60.1439;0.0166;-14.5254;-49.1715;Não_acidente;Não_acidente;0-Nao_Acidente
1446;243.00;43343;5;0.5000;1;1;6;483;4;281.9;283.4;1.5;2;6;1.60;0;4.6207;1.0764;0.0006;0.0072;47858.7642;3250.5836;0.3752;0.0679;0.0003;844026.5152;3918.4151;1319.5994;1319.5994;1.1713;0.0869;349.6426;763.3738;0.9739;3.7147;62.6937;0.1024;-19.3010;-51.0891;Não_acidente;Não_acidente;0-Nao_Acidente
1447;225.00;43325;3;0.1900;1;0;5;60;4;30.4;32.4;2.0;1;1;3.29;1;3.8768;1.2234;0.0010;0.0053;98824.8585;6648.3191;0.3827;0.0673;0.0002;2195866.1160;7492.3964;727.3966;727.3966;-0.1237;0.0513;721.7758;1588.1874;0.9875;5.2871;62.2249;0.0621;-16.0915;-48.4954;Não_acidente;Não_acidente;0-Nao_Acidente
1448;272.00;43372;7;0.4900;2;1;2;352;4;162.9;197.1;34.2;2;6;32.56;1;6.7370;2.9123;0.0011;0.0089;976624.3988;65168.2315;0.4019;0.0667;0.0001;184064812.4000;71116.9877;29269.9740;29269.9740;-1.3970;0.0120;9326.7869;15186.0531;0.9987;16.4859;64.3106;0.0130;-17.6996;-48.1624;Não_acidente;Não_acidente;0-Nao_Acidente
1449;212.00;43312;4;0.6700;2;0;5;352;4;197.1;239.4;42.3;2;6;43.71;0;8.2289;3.3171;0.0031;0.0139;1311018.0440;87458.2032;0.4039;0.0667;0.0001;615897188.7000;103942.1033;33689.4446;33689.4446;-1.1045;0.0067;9942.8550;19322.8264;0.9989;19.0957;67.8482;0.0082;-17.8755;-48.0824;Não_acidente;Não_acidente;0-Nao_Acidente
1450;126.00;42861;6;0.3400;1;1;0;251;4;137.5;139.5;2.0;2;6;2.01;1;3.9870;1.5650;0.0007;0.0049;60294.6523;4079.6434;0.3777;0.0677;0.0003;1204531.2870;5034.2149;1874.5296;1874.5296;-1.2508;0.1074;554.1926;988.0066;0.9803;4.1536;61.0266;0.1284;-15.4607;-48.8856;Não_acidente;Não_acidente;0-Nao_Acidente
1451;120.00;42855;3;0.5800;1;0;4;60;2;61.5;66.4;4.9;2;6;4.80;1;10.2869;4.6605;-0.0012;0.0116;143964.6089;9657.6406;0.3863;0.0671;0.0002;8842585.2920;12795.5431;4377.9892;4377.9892;1.1426;0.6124;1864.3061;2399.5147;0.9920;6.3633;59.9974;0.8029;-16.7092;-49.1634;Não_acidente;Não_acidente;0-Nao_Acidente
1452;232.00;43332;4;0.8900;1;1;3;158;4;352.2;362.9;10.7;2;6;10.51;0;5.3373;2.0890;-0.0005;0.0084;315182.4606;21072.1581;0.3932;0.0669;0.0001;26882164.5300;24861.1377;9642.7611;9642.7611;1.2972;0.0211;3567.5136;5061.0347;0.9961;9.3836;62.2763;0.0254;-18.5201;-52.0926;Não_acidente;Não_acidente;0-Nao_Acidente
1453;145.00;42880;7;0.9600;1;0;5;70;4;473.4;475.6;2.2;1;1;2.15;1;3.4032;1.1823;0.0001;0.0046;64619.6730;4367.9782;0.3784;0.0676;0.0003;388183.8173;4661.0568;180.5527;180.5527;-0.0707;0.5737;528.1903;1077.2935;0.9823;4.2957;59.9833;0.7940;-15.8960;-52.2492;Não_acidente;Não_acidente;0-Nao_Acidente
1454;216.00;43316;3;0.7400;1;1;1;414;4;342.5;370.4;27.9;1;5;27.47;0;9.2269;5.0021;-0.0072;0.0136;824120.5462;55001.3689;0.4006;0.0667;0.0001;252884827.0000;64699.9402;19132.2328;19132.2328;0.9997;0.0111;6046.0305;12338.5538;0.9983;15.1467;66.7923;0.0115;-15.6623;-48.6853;Não_acidente;Não_acidente;0-Nao_Acidente
1455;165.00;43265;6;0.5400;4;0;6;452;4;79.2;83.3;4.1;1;5;4.10;0;4.2342;1.9405;0.0003;0.0064;123168.4172;8271.7064;0.3848;0.0672;0.0002;1866750.4270;8905.4927;468.5373;468.5373;-1.5448;0.0559;962.7552;2034.6094;0.9905;5.8923;60.5366;0.0673;-18.0502;-50.2027;Não_acidente;Não_acidente;0-Nao_Acidente
1456;194.00;43294;2;0.3900;1;1;4;158;4;362.9;426.9;64.0;2;6;64.46;0;4.8690;2.1614;-0.0007;0.0069;1933360.2650;128950.6856;0.4065;0.0667;0.0000;1012002796.0000;138933.5157;48676.2916;48676.2916;-1.2966;0.0019;16064.2850;28758.4251;0.9993;23.1850;67.2276;0.0024;-18.8097;-52.1028;Não_acidente;Não_acidente;0-Nao_Acidente
1457;234.00;43334;7;0.7500;2;0;2;352;4;45.9;52.6;6.7;2;6;6.65;0;4.8140;1.6521;0.0003;0.0059;199496.5664;13359.7704;0.3892;0.0670;0.0001;8498943.5580;15182.0898;6225.9642;6225.9642;-1.3954;0.0281;2388.7315;3266.5851;0.9940;7.4778;61.0719;0.0339;-17.0115;-48.9618;Não_acidente;Não_acidente;0-Nao_Acidente
1458;355.00;43455;7;0.1600;3;1;0;153;4;305.1;320.4;15.3;1;5;16.82;0;5.3816;2.6433;-0.0007;0.0069;504685.8409;33705.8265;0.3970;0.0668;0.0001;106305688.3000;43749.5891;14587.1878;14587.1878;-1.1087;0.0192;4400.9466;8205.2146;0.9976;11.8614;61.5079;0.0203;-15.3658;-49.5610;Não_acidente;Não_acidente;0-Nao_Acidente
1459;81.00;42816;2;0.5300;2;0;1;153;4;320.4;323.1;2.7;1;5;2.61;0;4.4153;2.3333;0.0001;0.0062;78212.4974;5274.1996;0.3803;0.0674;0.0002;2171940.8960;6703.0473;2473.4064;2473.4064;-1.2336;0.4234;748.4801;1306.8554;0.9854;4.7147;59.8479;0.5426;-15.4646;-49.4996;Não_acidente;Não_acidente;0-Nao_Acidente
1460;198.00;43298;5;0.6600;1;1;7;60;2;21.5;27.8;6.3;2;6;5.52;1;8.4349;3.9843;0.0001;0.0119;165705.6478;11107.0429;0.3876;0.0670;0.0002;5486249.2750;12551.9007;5226.1895;5226.1895;1.4189;0.0386;1777.5514;2728.0798;0.9929;6.8213;60.7408;0.0468;-16.6358;-49.3708;Não_acidente;Não_acidente;0-Nao_Acidente
1461;292.00;43027;6;0.7200;4;0;4;158;4;426.9;454.3;27.4;2;6;26.98;0;4.8099;1.8593;-0.0005;0.0068;809828.4432;54048.5599;0.4005;0.0667;0.0001;320762252.6000;72877.2228;14875.5283;14875.5283;-0.5892;0.0162;9116.9137;13267.9157;0.9985;15.0151;61.0366;0.0179;-19.0503;-51.8116;Não_acidente;Não_acidente;0-Nao_Acidente
1462;96.00;43196;7;0.7000;4;1;4;352;4;125.1;139.3;14.2;2;6;15.21;0;6.1521;2.6919;0.0007;0.0078;456306.9831;30480.4682;0.3962;0.0668;0.0001;45996911.0700;35814.5577;3108.0644;3108.0644;-1.3539;0.0320;3969.1601;7578.0832;0.9975;11.2806;60.2140;0.0387;-17.3151;-48.3414;Não_acidente;Não_acidente;0-Nao_Acidente
1463;85.00;43185;5;0.6800;4;0;6;10;4;161.9;227.0;65.1;2;6;65.10;0;8.6588;5.3548;-0.0049;0.0142;1952856.4600;130250.0778;0.4065;0.0667;0.0000;1190613098.0000;138982.5546;38825.6273;38825.6273;0.8169;0.0035;11888.7787;25426.1308;0.9990;23.3014;76.8051;0.0039;-13.8717;-47.2619;Não_acidente;Não_acidente;0-Nao_Acidente
1464;155.00;42890;1;0.6600;2;1;4;60;2;34.0;38.7;4.7;1;1;4.79;1;4.1010;1.5626;0.0005;0.0049;143773.5126;9644.8983;0.3862;0.0671;0.0002;7749997.0860;12226.0271;4318.3453;4318.3453;-1.1660;0.1279;1205.8723;2351.6611;0.9917;6.3591;61.1370;0.1520;-16.7485;-49.3419;Não_acidente;Não_acidente;0-Nao_Acidente
1465;265.00;43365;2;0.7100;2;0;5;153;4;107.5;124.9;17.4;1;5;17.30;0;5.4824;2.2308;0.0011;0.0084;518745.3617;34643.0242;0.3972;0.0668;0.0001;56687098.4500;40229.6306;16725.5671;16725.5671;-0.1940;0.0445;4559.3653;8603.2175;0.9978;12.0248;60.2967;0.0460;-13.7517;-49.0296;Não_acidente;Não_acidente;0-Nao_Acidente
1466;313.00;43048;1;0.0400;4;1;4;60;4;473.1;478.3;5.2;1;1;5.25;1;9.8282;4.9922;-0.0029;0.0137;157599.0832;10566.6344;0.3871;0.0670;0.0002;3735292.7350;11445.6819;751.3412;751.3412;-0.0317;0.0400;1298.0732;2516.0479;0.9921;6.6543;62.6376;0.0483;-17.9202;-51.7361;Não_acidente;Não_acidente;0-Nao_Acidente
1467;218.00;42953;1;0.4400;2;0;7;158;4;39.7;90.0;50.3;1;5;50.22;0;3.7306;1.9209;0.0007;0.0060;1506406.6610;100487.1900;0.4048;0.0667;0.0001;1016919502.0000;130272.3304;25952.9104;25952.9104;-0.5890;0.0088;12114.9761;23860.2094;0.9992;20.4682;63.1347;0.0095;-16.3700;-51.9051;Não_acidente;Não_acidente;0-Nao_Acidente
1468;80.00;43180;2;0.3100;1;1;7;20;4;185.7;214.7;29.0;1;5;29.40;0;6.7272;2.9612;0.0000;0.0094;881872.0819;58851.4724;0.4011;0.0667;0.0001;267467897.2000;68435.1754;22133.0282;22133.0282;-0.4769;0.0049;6229.0690;13160.0825;0.9984;15.6673;67.0111;0.0059;-14.2974;-46.4428;Não_acidente;Não_acidente;0-Nao_Acidente
1469;265.00;43365;1;0.4700;4;0;5;364;4;174.8;192.7;17.9;1;5;19.10;0;9.2279;4.8478;-0.0014;0.0105;572980.8374;38258.9433;0.3979;0.0668;0.0001;112620257.6000;43120.9751;8884.6177;8884.6177;-0.5761;0.0181;4193.7866;8008.9463;0.9972;12.6358;71.5426;0.0200;-17.9194;-51.6922;Não_acidente;Não_acidente;0-Nao_Acidente
1470;56.00;43156;1;0.4600;4;1;4;153;4;68.9;107.5;38.6;1;5;36.02;0;4.5118;1.9765;0.0029;0.0070;1080219.8790;72074.5898;0.4026;0.0667;0.0001;376399068.3000;85420.6848;30279.5350;30279.5350;-1.1392;0.0066;8502.9177;16523.4507;0.9987;17.3367;65.3750;0.0070;-13.6231;-49.0426;Não_acidente;Não_acidente;0-Nao_Acidente
1471;7.00;42742;1;0.2600;2;0;7;251;4;166.7;174.1;7.4;2;6;5.50;1;4.7005;2.0570;0.0000;0.0066;164988.3445;11059.2197;0.3875;0.0670;0.0002;5024837.8290;8986.3642;2097.1471;2097.1471;1.4929;0.0284;1144.1341;1724.5312;0.9823;6.8067;95.6714;0.0329;-15.3449;-49.1172;Não_acidente;Não_acidente;0-Nao_Acidente
1472;349.00;43084;2;0.3500;3;1;2;364;4;310.2;325.0;14.8;1;5;16.84;0;5.5316;3.4261;0.0007;0.0081;505356.1552;33753.6465;0.3970;0.0668;0.0001;123593512.5000;44915.5671;9649.4938;9649.4938;-0.6715;0.0182;4322.0082;8216.4194;0.9976;11.8703;61.5056;0.0219;-17.4193;-52.6268;Não_acidente;Não_acidente;0-Nao_Acidente
1473;141.00;42876;2;0.6600;3;0;5;479;4;20.7;66.6;45.9;2;6;42.84;0;4.6964;2.8305;0.0001;0.0069;1285069.8770;85731.1289;0.4038;0.0667;0.0001;390763914.0000;98920.9391;9870.2012;9870.2012;-0.2295;0.0057;13003.7246;20413.4222;0.9990;18.9067;62.9522;0.0061;-15.7185;-47.2665;Não_acidente;Não_acidente;0-Nao_Acidente
1474;178.00;43278;4;0.4600;4;1;5;20;4;143.3;180.7;37.4;1;5;34.10;0;2.9901;1.5943;-0.0010;0.0053;1023076.7730;68269.2227;0.4022;0.0667;0.0001;480778640.4000;90137.1552;27731.9355;27731.9355;1.0193;0.0074;8832.5715;16745.4032;0.9988;16.8737;61.0960;0.0084;-14.6988;-46.6489;Não_acidente;Não_acidente;0-Nao_Acidente
1475;131.00;43231;2;0.0000;4;0;4;352;4;270.0;307.3;37.3;2;6;37.27;0;8.1242;3.8800;0.0071;0.0156;1118533.7910;74631.0805;0.4028;0.0667;0.0001;295072369.6000;82532.7727;9202.6949;9202.6949;-0.2658;0.0130;7103.8480;17417.2426;0.9988;17.6415;64.2199;0.0154;-18.1357;-47.5623;Não_acidente;Não_acidente;0-Nao_Acidente
1476;197.00;42932;2;0.5700;4;1;4;364;4;62.6;89.6;27.0;1;5;26.30;0;5.4860;2.1758;-0.0004;0.0066;788683.6271;52638.9074;0.4003;0.0667;0.0001;264640062.1000;68820.6206;22806.6997;22806.6997;-1.0898;0.0099;6818.1066;12865.0727;0.9985;14.8182;61.3042;0.0120;-18.5798;-51.0473;Não_acidente;Não_acidente;0-Nao_Acidente
1477;359.00;43094;1;0.6100;1;0;3;414;4;38.6;56.8;18.2;2;6;18.61;1;4.0592;1.6734;0.0046;0.0065;558300.7021;37280.0225;0.3977;0.0668;0.0001;93319834.4200;41851.9363;6443.7551;6443.7551;-1.2047;0.0086;4450.1744;8204.2162;0.9974;12.4733;68.0505;0.0097;-13.7136;-49.0172;Não_acidente;Não_acidente;0-Nao_Acidente
1478;232.00;43332;2;0.3800;4;1;7;364;4;113.2;152.5;39.3;1;5;37.95;1;5.4488;2.5747;-0.0004;0.0067;1138648.5520;75970.0088;0.4029;0.0667;0.0001;550243510.2000;98250.3015;17277.2066;17277.2066;1.0913;0.0175;9991.1797;18157.6169;0.9989;17.7987;62.7091;0.0165;-18.3007;-51.1474;Não_acidente;Não_acidente;0-Nao_Acidente
1479;332.00;43067;7;0.8100;3;0;2;158;4;263.3;269.4;6.1;1;1;6.27;0;4.7811;2.0246;0.0004;0.0061;188013.4225;12594.2280;0.3887;0.0670;0.0002;15682491.2200;16296.9548;3116.6742;3116.6742;1.0639;0.0322;1649.5444;3066.1185;0.9936;7.2613;61.3197;0.0388;-17.8383;-51.7600;Não_acidente;Não_acidente;0-Nao_Acidente
1480;56.00;42791;2;0.0800;3;1;2;60;2;8.0;21.5;13.5;2;6;11.51;1;6.1034;3.1904;-0.0013;0.0092;345409.4904;23087.2994;0.3939;0.0668;0.0001;36734135.7500;28132.0550;3465.2208;3465.2208;0.2976;0.0189;3245.0796;5650.9061;0.9966;9.8208;61.1246;0.0228;-16.5871;-49.2686;Não_acidente;Não_acidente;0-Nao_Acidente
1481;218.00;43318;5;0.8900;2;0;3;490;4;115.3;117.0;1.7;2;6;1.65;1;6.7642;1.6589;0.0037;0.0077;49544.1816;3362.9454;0.3756;0.0679;0.0003;1250471.3960;4611.1009;872.7407;872.7407;-0.5354;0.5052;748.9890;826.4997;0.9769;3.7771;59.9446;0.6617;-17.7272;-48.6278;Não_acidente;Não_acidente;0-Nao_Acidente
1482;256.00;42991;4;0.2700;2;1;2;153;4;289.8;305.1;15.3;1;5;13.93;0;10.1197;6.1891;-0.0053;0.0115;417786.6971;27912.4466;0.3955;0.0668;0.0001;35149208.2500;30320.6229;12303.4546;12303.4546;1.3331;0.0210;3210.1392;6313.6619;0.9967;10.7959;66.1719;0.0208;-15.2759;-49.5518;Não_acidente;Não_acidente;0-Nao_Acidente
1483;260.00;43360;2;0.1300;1;0;4;490;4;117.0;125.1;8.1;2;6;8.11;1;5.5853;2.8894;-0.0008;0.0088;243397.4835;16286.4980;0.3910;0.0669;0.0001;16214558.6300;18809.9667;2273.7329;2273.7329;-0.2568;0.0206;2203.4991;3887.9253;0.9949;8.2530;62.6034;0.0242;-17.7183;-48.6438;Não_acidente;Não_acidente;0-Nao_Acidente
1484;141.00;42876;6;0.7000;2;1;1;60;4;4.8;30.4;25.6;1;1;25.32;0;10.5936;6.7980;0.0018;0.0152;759407.7881;50687.4319;0.4000;0.0667;0.0001;76696915.5600;51985.6793;3393.8154;3393.8154;0.0215;0.0086;5950.2956;11630.8179;0.9982;14.5413;65.2927;0.0106;-16.1147;-48.3275;Não_acidente;Não_acidente;0-Nao_Acidente
1485;65.00;42800;5;0.0400;1;0;3;158;4;203.1;232.0;28.9;1;5;28.08;0;3.7615;1.6937;0.0016;0.0050;842457.4318;56228.0363;0.4008;0.0667;0.0001;101765345.5000;60410.6213;26342.0882;26342.0882;0.0400;0.0075;7348.9366;13268.0757;0.9985;15.3151;63.4951;0.0091;-17.3761;-51.8834;Não_acidente;Não_acidente;0-Nao_Acidente
1486;230.00;43330;2;0.6900;2;1;1;251;4;235.9;237.2;1.3;2;6;0.72;1;9.0127;2.5140;-0.0116;0.0152;21702.1063;1506.8051;0.3664;0.0694;0.0005;268216.3436;2090.2927;452.8137;452.8137;-0.9281;0.4977;218.9391;363.1502;0.9476;2.5571;59.7607;0.6086;-15.3089;-49.5886;Não_acidente;Não_acidente;0-Nao_Acidente
1487;204.00;43304;2;0.4700;3;0;6;154;4;0.0;9.0;9.0;1;5;9.30;1;4.1352;1.7371;0.0015;0.0065;279234.5643;18675.6258;0.3922;0.0669;0.0001;33323994.1900;24584.9757;4036.1917;4036.1917;0.4474;0.0314;2349.5765;4602.6188;0.9958;8.8355;60.6686;0.0379;-18.3676;-49.2483;Não_acidente;Não_acidente;0-Nao_Acidente