FID;data_conse;data_inver;dia_semana;horario;fase_dia;sentido_vi;condicao_m;vl_br;nm_tipo_tr;vl_km_inic;vl_km_fina;vl_extensa;ds_superfi;ds_legenda;Dist_km;TIPO;S_med;S_sd;CV_med;CV_sd;P_AREA;P_PERIM;P_FRACDIM;P_PERARAT;P_COMPAC;PBOX_AREA;PBOX_PERIM;PBOX_LEN;PBOX_WIDTH;POL_ANGLE;PELLIP_FIT;PGYRATIUS;POLRADIUS;PCIRCLE;PSAHPEIDX;PDENSITY;PRECTFIT;Lat;Long;causa_acid;tipo_acide;Acidente
1488;165.00;43265;3;0.5200;2;1;3;153;4;358.2;361.0;2.8;1;5;2.83;1;5.6525;2.1104;-0.0009;0.0054;84830.5433;5715.3696;0.3812;0.0674;0.0002;2872497.8930;7445.2866;2630.7502;2630.7502;-1.1852;0.5151;727.7035;1414.4500;0.9865;4.9058;59.9742;0.7104;-15.7587;-49.3132;Não_acidente;Não_acidente;0-Nao_Acidente
1489;220.00;43320;3;0.2700;2;0;2;490;4;114.7;115.3;0.6;2;6;0.62;1;5.2610;1.6767;0.0072;0.0055;18711.2926;1307.4195;0.3647;0.0699;0.0005;159871.5104;1716.6864;273.2333;273.2333;0.4048;0.6366;312.2154;312.2154;0.9389;2.3895;59.9307;1.0000;-17.7274;-48.6271;Não_acidente;Não_acidente;0-Nao_Acidente
1490;340.00;43075;2;0.0200;3;1;5;80;4;363.0;411.4;48.4;1;5;48.88;0;3.8927;2.0758;-0.0013;0.0071;1467269.2170;97877.5415;0.4047;0.0667;0.0001;457027081.5000;110612.1697;10112.6982;10112.6982;1.4605;0.0041;14145.3961;23517.2595;0.9992;20.2008;62.3912;0.0049;-13.3022;-50.2772;Não_acidente;Não_acidente;0-Nao_Acidente
1491;25.00;42760;5;0.6800;4;0;1;364;4;113.2;152.5;39.3;1;5;37.95;0;5.4488;2.5747;-0.0004;0.0067;1138648.5520;75970.0088;0.4029;0.0667;0.0001;550243510.2000;98250.3015;17277.2066;17277.2066;1.0913;0.0175;9991.1797;18157.6169;0.9989;17.7987;62.7091;0.0165;-18.3047;-51.1454;Não_acidente;Não_acidente;0-Nao_Acidente
1492;56.00;42791;5;0.6800;2;1;7;490;4;125.1;133.2;8.1;2;6;8.12;0;5.6355;2.9014;0.0029;0.0074;243743.2260;16309.5478;0.3910;0.0669;0.0001;15705476.9300;19306.5955;2071.4606;2071.4606;0.2448;0.0482;2312.6556;4003.3787;0.9952;8.2588;60.8844;0.0581;-17.6980;-48.7098;Não_acidente;Não_acidente;0-Nao_Acidente
1493;122.00;42857;4;0.5000;3;0;7;70;4;231.5;268.9;37.4;2;6;37.33;1;7.8767;3.7514;-0.0028;0.0095;1119728.8220;74743.9670;0.4028;0.0668;0.0001;276737445.9000;83534.7899;8258.6678;8258.6678;-0.2086;0.0056;9087.0869;17498.7264;0.9988;17.6587;63.9892;0.0065;-15.9448;-50.1536;Não_acidente;Não_acidente;0-Nao_Acidente
1494;36.00;43136;1;0.3300;1;1;4;60;1;0.0;0.4;0.4;1;1;0.46;1;3.9524;2.2815;-0.0001;0.0075;13704.9316;973.6612;0.3612;0.0710;0.0006;96044.0976;1287.3736;235.0156;235.0156;-1.0779;0.4975;172.9826;230.2281;0.9177;2.0793;59.5276;0.5975;-16.6934;-49.3221;Não_acidente;Não_acidente;0-Nao_Acidente
1495;7.00;43107;4;0.0600;4;0;3;70;4;187.7;190.8;3.1;1;5;1.95;1;4.2838;1.4783;0.0007;0.0042;58458.8184;3957.2546;0.3773;0.0677;0.0003;1762554.7150;5451.0801;1670.3207;1670.3207;1.0139;0.6347;523.1870;974.8593;0.9804;4.0917;59.9664;0.9475;-16.0307;-49.7810;Não_acidente;Não_acidente;0-Nao_Acidente
1496;365.00;43465;7;0.8400;2;1;4;70;4;0.0;4.0;4.0;1;1;5.30;1;8.5078;4.8424;-0.0042;0.0108;158945.6262;10656.3751;0.3872;0.0670;0.0002;9340310.2860;12239.0755;3207.6719;3207.6719;-0.8241;0.0216;1214.6194;2295.3066;0.9904;6.6823;69.2481;0.0261;-15.7677;-48.2298;Não_acidente;Não_acidente;0-Nao_Acidente
1497;271.00;43006;2;0.4000;3;0;6;251;4;256.4;276.1;19.7;2;6;19.72;1;5.3862;2.6725;-0.0021;0.0073;591508.5121;39496.4112;0.3982;0.0668;0.0001;78541813.2400;46057.3986;4163.2657;4163.2657;-0.1808;0.0231;6859.1027;9701.0772;0.9980;12.8386;60.9735;0.0268;-15.1579;-49.7949;Não_acidente;Não_acidente;0-Nao_Acidente
1498;112.00;42847;4;0.2400;4;1;7;153;4;531.3;533.3;2.0;1;1;1.03;1;5.7441;2.1249;-0.0015;0.0079;30818.5759;2114.5717;0.3704;0.0686;0.0004;513431.3787;2921.2839;871.5206;871.5206;0.5902;0.4577;269.7319;513.1709;0.9627;3.0113;60.0552;0.5556;-16.9646;-49.2353;Não_acidente;Não_acidente;0-Nao_Acidente
1499;85.00;42820;1;0.6200;3;0;5;457;4;149.4;161.1;11.7;2;6;11.70;0;5.0009;2.2024;0.0007;0.0061;351080.3697;23465.3580;0.3941;0.0668;0.0001;45998543.2700;28826.3876;4770.1044;4770.1044;-0.3717;0.0196;3752.2806;5504.1788;0.9963;9.9007;63.7843;0.0243;-16.7768;-48.5149;Não_acidente;Não_acidente;0-Nao_Acidente
1500;94.00;42829;2;0.0000;3;1;0;251;4;36.1;75.1;39.0;0;4;39.27;0;6.0766;4.5146;-0.0021;0.0158;1177732.4070;78572.8097;0.4032;0.0667;0.0001;192809226.8000;76105.1934;6018.9619;6018.9619;-0.1117;0.0068;7346.6489;16570.8716;0.9986;18.1004;71.0724;0.0080;-15.5051;-48.3272;Não_acidente;Não_acidente;0-Nao_Acidente
1501;172.00;43272;6;0.0300;4;0;7;158;4;94.0;119.9;25.9;1;5;20.14;0;5.6966;4.1813;0.0008;0.0131;604202.7248;40340.1817;0.3983;0.0668;0.0001;125524203.4000;48619.6271;16868.4570;16868.4570;-1.1667;0.0228;4545.0986;9268.4530;0.9978;12.9744;65.1892;0.0216;-16.5128;-51.7787;Não_acidente;Não_acidente;0-Nao_Acidente
1502;177.00;42912;7;0.3900;1;1;6;153;4;57.8;68.9;11.1;1;5;13.84;1;3.8493;1.4981;0.0018;0.0070;414886.4227;27719.0956;0.3954;0.0668;0.0001;22859174.6400;30703.0976;13680.6339;13680.6339;-0.1219;0.0650;3637.3895;6904.9233;0.9972;10.7586;60.0856;0.0712;-13.4337;-49.1311;Não_acidente;Não_acidente;0-Nao_Acidente
1503;84.00;43184;2;0.5200;1;0;4;70;4;65.5;67.3;1.8;1;5;4.69;0;4.6506;2.0845;-0.0013;0.0076;140574.4790;9431.6399;0.3860;0.0671;0.0002;9720720.1280;12889.0449;4036.0470;4036.0470;1.0465;0.1501;1339.0928;2341.9428;0.9918;6.2889;60.0247;0.1810;-15.7600;-48.7553;Não_acidente;Não_acidente;0-Nao_Acidente
1504;39.00;43139;4;0.5200;1;1;2;414;4;267.3;284.5;17.2;1;5;17.15;0;8.3563;5.6142;-0.0071;0.0129;514488.3289;34359.2073;0.3971;0.0668;0.0001;124387266.5000;46005.8866;14311.5577;14311.5577;1.0403;0.0353;4686.1684;8360.7564;0.9977;11.9755;61.5361;0.0328;-14.9835;-48.6784;Não_acidente;Não_acidente;0-Nao_Acidente
1505;262.00;42997;7;0.9300;2;0;2;20;4;180.7;185.7;5.0;1;5;9.55;0;4.3183;2.2092;0.0006;0.0053;286481.9730;19158.8030;0.3924;0.0669;0.0001;45377650.9400;27014.8592;7238.4960;7238.4960;0.8564;0.4067;1881.6228;4775.7731;0.9960;8.9487;59.9865;0.5231;-14.4998;-46.5112;Não_acidente;Não_acidente;0-Nao_Acidente
1506;67.00;42802;6;0.7100;4;1;6;158;4;269.4;270.7;1.3;1;1;1.36;1;5.1120;2.1133;0.0031;0.0077;40771.4657;2778.0518;0.3735;0.0681;0.0003;256465.1351;3078.6360;1349.2363;1349.2363;-1.4544;0.4122;370.2913;682.7375;0.9722;3.4396;59.7176;0.5077;-17.8600;-51.7301;Não_acidente;Não_acidente;0-Nao_Acidente
1507;46.00;42781;4;0.7800;2;0;3;10;4;0.0;5.1;5.1;2;6;5.40;0;3.5096;1.2861;0.0013;0.0042;161976.9173;10858.4611;0.3874;0.0670;0.0002;11417535.8500;14403.4936;4845.3626;4845.3626;1.1077;0.1325;2295.5792;2698.6090;0.9929;6.7450;60.0224;0.1598;-15.4616;-47.5031;Não_acidente;Não_acidente;0-Nao_Acidente
1508;158.00;43258;7;0.8300;4;1;4;60;4;252.7;304.4;51.7;1;1;52.08;0;3.7630;2.0663;-0.0009;0.0055;1562350.4010;104216.8948;0.4051;0.0667;0.0001;1171983546.0000;139406.6711;28320.5728;28320.5728;-0.9647;0.0063;13478.0451;25123.4416;0.9992;20.8444;62.1870;0.0073;-17.3133;-50.2875;Não_acidente;Não_acidente;0-Nao_Acidente
1509;103.00;42838;7;0.1200;4;0;5;50;4;95.7;106.7;11.0;1;5;10.60;1;4.5388;1.4948;0.0031;0.0044;317853.8229;21250.2536;0.3932;0.0669;0.0001;55655353.8600;29841.2573;7429.7188;7429.7188;0.7724;0.0829;3025.8634;5273.4166;0.9964;9.4230;60.2747;0.0933;-16.7553;-47.6058;Não_acidente;Não_acidente;0-Nao_Acidente
1510;120.00;43220;5;0.7600;2;1;1;60;4;470.0;473.1;3.1;1;1;3.00;1;7.3199;2.4285;-0.0019;0.0089;90152.3578;6070.1572;0.3818;0.0673;0.0002;1965899.5650;6753.9694;747.6912;747.6912;0.0807;0.0425;798.2458;1377.4626;0.9849;5.0542;65.4481;0.0509;-17.9201;-51.6995;Não_acidente;Não_acidente;0-Nao_Acidente
1511;358.00;43093;7;0.2400;1;0;4;20;4;0.0;3.7;3.7;1;5;3.70;1;6.0093;2.4308;0.0004;0.0066;111111.4595;7467.4307;0.3838;0.0672;0.0002;6101420.9520;10079.7731;2021.2519;2021.2519;0.6145;0.0629;945.4276;1834.7978;0.9895;5.6006;60.5579;0.0758;-15.5703;-47.3235;Não_acidente;Não_acidente;0-Nao_Acidente
1512;295.00;43030;4;0.8100;1;1;7;364;4;325.0;384.9;59.9;1;5;59.73;0;5.0992;3.1216;0.0021;0.0103;1791992.6470;119526.2273;0.4060;0.0667;0.0000;378369921.1000;124581.0536;6821.2524;6821.2524;-0.0930;0.0060;14518.1767;28749.8970;0.9993;22.3221;62.3304;0.0073;-17.3737;-53.0924;Não_acidente;Não_acidente;0-Nao_Acidente
1513;273.00;43373;2;0.6000;3;0;3;414;4;38.6;56.8;18.2;2;6;18.61;0;4.0592;1.6734;0.0046;0.0065;558300.7021;37280.0225;0.3977;0.0668;0.0001;93319834.4200;41851.9363;6443.7551;6443.7551;-1.2047;0.0086;4450.1744;8204.2162;0.9974;12.4733;68.0505;0.0097;-13.6679;-48.9910;Não_acidente;Não_acidente;0-Nao_Acidente
1514;185.00;43285;2;0.3300;4;1;3;490;4;163.3;165.2;1.9;2;6;1.92;0;5.0648;1.3350;-0.0012;0.0038;57679.0127;3905.2675;0.3772;0.0677;0.0003;1101612.1550;4886.5078;596.5188;596.5188;0.2999;0.6305;852.1955;962.7381;0.9802;4.0652;59.9114;0.9323;-17.7224;-49.0412;Não_acidente;Não_acidente;0-Nao_Acidente
1515;188.00;42923;4;0.5000;1;0;1;490;4;111.7;114.7;3.0;2;6;3.00;1;4.5475;1.3981;-0.0012;0.0038;90121.8517;6068.1234;0.3818;0.0673;0.0002;1980107.7190;7115.9318;690.5563;690.5563;-1.3511;0.0764;783.9970;1478.1609;0.9869;5.0533;60.9689;0.0919;-17.7192;-48.6068;Não_acidente;Não_acidente;0-Nao_Acidente
1516;351.00;43451;6;0.2700;2;1;4;452;4;83.3;87.7;4.4;1;5;4.42;0;3.1882;1.4966;-0.0002;0.0038;132542.8214;8896.1883;0.3855;0.0671;0.0002;8229866.3020;12032.5352;2103.1461;2103.1461;-0.4902;0.5380;1027.4129;2208.8868;0.9914;6.1089;60.0044;0.6561;-18.0641;-50.1593;Não_acidente;Não_acidente;0-Nao_Acidente
1517;351.00;43086;3;0.6400;3;0;6;50;4;119.2;125.2;6.0;1;5;6.11;0;2.3794;1.0251;0.0015;0.0043;183176.9526;12271.7969;0.3885;0.0670;0.0002;17417561.7200;16765.9689;4580.1376;4580.1376;0.8756;0.0338;1633.0881;2991.8052;0.9935;7.1682;61.2262;0.0407;-16.9313;-47.7122;Não_acidente;Não_acidente;0-Nao_Acidente
1518;209.00;42944;4;0.6600;1;1;0;490;4;99.1;111.7;12.6;2;6;13.22;0;8.0677;3.5121;-0.0006;0.0081;396561.3132;26497.4202;0.3950;0.0668;0.0001;38402137.2600;28327.9834;3653.7998;3653.7998;0.1876;0.0137;3308.2413;5736.8498;0.9962;10.5193;69.1253;0.0157;-17.7224;-48.5414;Não_acidente;Não_acidente;0-Nao_Acidente
1519;157.00;42892;6;0.7600;3;0;4;452;4;83.3;87.7;4.4;1;5;4.42;0;3.1882;1.4966;-0.0002;0.0038;132542.8214;8896.1883;0.3855;0.0671;0.0002;8229866.3020;12032.5352;2103.1461;2103.1461;-0.4902;0.5380;1027.4129;2208.8868;0.9914;6.1089;60.0044;0.6561;-18.0641;-50.1592;Não_acidente;Não_acidente;0-Nao_Acidente
1520;352.00;43452;1;0.2800;1;1;4;70;4;318.7;320.0;1.3;1;1;1.14;1;4.0471;1.8522;-0.0005;0.0064;34230.1986;2342.0132;0.3716;0.0684;0.0004;304289.6455;2782.8326;271.7740;271.7740;-1.3513;0.4391;248.7339;570.6968;0.9665;3.1646;59.9797;0.5293;-15.8756;-50.8689;Não_acidente;Não_acidente;0-Nao_Acidente
1521;182.00;42917;3;0.3300;3;0;1;60;4;139.4;143.7;4.3;1;1;4.25;1;4.4952;2.2291;0.0000;0.0061;127401.8187;8553.4534;0.3851;0.0671;0.0002;3008906.8170;9542.2879;747.8764;747.8764;0.1147;0.0512;1060.4761;2032.7749;0.9902;5.9909;62.6738;0.0576;-16.6252;-49.2263;Não_acidente;Não_acidente;0-Nao_Acidente
1522;309.00;43409;5;0.3400;2;1;6;153;4;533.3;555.5;22.2;1;1;24.09;0;7.6587;3.8221;-0.0017;0.0116;722702.9898;48240.0586;0.3997;0.0667;0.0001;56209149.7200;51218.7005;23184.9716;23184.9716;-1.4855;0.0254;5855.9792;11693.5957;0.9983;14.1863;61.8033;0.0262;-17.0645;-49.2253;Não_acidente;Não_acidente;0-Nao_Acidente
1523;111.00;43211;7;0.6000;2;0;2;154;4;9.0;15.5;6.5;1;5;6.25;0;7.0213;3.1553;0.0050;0.0105;187629.3488;12568.6233;0.3887;0.0670;0.0002;11600910.3100;15125.9059;2138.7184;2138.7184;1.2684;0.0227;1664.3361;2963.8427;0.9932;7.2540;63.3061;0.0272;-18.3995;-49.3190;Não_acidente;Não_acidente;0-Nao_Acidente
1524;166.00;43266;6;0.6800;2;1;2;70;4;268.9;290.1;21.2;2;6;21.28;1;6.1343;3.0101;-0.0010;0.0084;638351.9399;42616.7889;0.3988;0.0668;0.0001;158416386.7000;53834.5393;8692.2458;8692.2458;-0.4657;0.0160;5410.7859;10206.4944;0.9980;13.3349;62.5437;0.0181;-15.8169;-50.6101;Não_acidente;Não_acidente;0-Nao_Acidente
1525;82.00;43182;6;0.6800;3;0;4;20;4;31.0;72.8;41.8;1;5;41.83;0;10.4369;10.7547;-0.0082;0.0233;1254847.2050;83716.4716;0.4036;0.0667;0.0001;299636980.4000;92122.3163;38221.7144;38221.7144;-1.4509;0.0057;9981.5824;19648.0370;0.9990;18.6834;63.8663;0.0062;-15.4745;-47.1007;Não_acidente;Não_acidente;0-Nao_Acidente
1526;204.00;42939;4;0.5600;2;1;6;158;4;39.7;90.0;50.3;1;5;50.22;0;3.7306;1.9209;0.0007;0.0060;1506406.6610;100487.1900;0.4048;0.0667;0.0001;1016919502.0000;130272.3304;25952.9104;25952.9104;-0.5890;0.0088;12114.9761;23860.2094;0.9992;20.4682;63.1347;0.0095;-16.3708;-51.8987;Não_acidente;Não_acidente;0-Nao_Acidente
1527;140.00;42875;4;0.9700;1;0;5;60;2;50.9;61.5;10.6;2;6;9.83;1;7.5795;4.2254;-0.0037;0.0160;294877.7080;19718.5128;0.3926;0.0669;0.0001;41987287.0500;25944.3099;6199.8715;6199.8715;0.7714;0.0183;2929.7813;4792.5453;0.9959;9.0781;61.5284;0.0221;-16.7419;-49.1793;Não_acidente;Não_acidente;0-Nao_Acidente
1528;53.00;43153;2;0.0400;4;1;7;352;4;71.4;85.9;14.5;2;6;12.61;0;6.4475;3.2761;0.0042;0.0110;378344.4602;25282.9621;0.3947;0.0668;0.0001;53631289.2100;31098.5551;5164.3287;5164.3287;-0.4147;0.0180;3684.1684;6131.7284;0.9968;10.2760;61.7027;0.0208;-17.1692;-48.7328;Não_acidente;Não_acidente;0-Nao_Acidente
1529;169.00;43269;7;0.6800;3;0;4;352;4;45.3;45.9;0.6;2;6;0.61;1;3.6844;1.7242;-0.0010;0.0048;18211.0691;1274.0709;0.3644;0.0700;0.0005;19843.1764;1281.1393;607.9290;607.9290;-1.5665;0.6363;302.4780;304.6536;0.9375;2.3603;59.7763;0.9925;-16.9783;-48.9623;Não_acidente;Não_acidente;0-Nao_Acidente
1530;3.00;43103;5;0.6600;1;1;5;158;4;3.5;5.5;2.0;1;5;2.01;1;3.5495;1.4757;0.0028;0.0029;60357.7057;4083.8470;0.3777;0.0677;0.0003;1061174.4510;4961.4623;1931.2580;1931.2580;-1.3319;0.1876;551.1591;1000.8763;0.9808;4.1557;60.3049;0.2246;-15.9035;-52.2211;Não_acidente;Não_acidente;0-Nao_Acidente
1531;298.00;43398;1;0.9200;3;0;2;153;4;403.0;421.7;18.7;1;2;18.50;0;12.6522;6.5963;0.0002;0.0157;554988.8583;37059.2522;0.3977;0.0668;0.0001;74671244.8500;41062.8135;15807.6725;15807.6725;-1.3411;0.0092;4177.9510;8315.2412;0.9974;12.4364;66.7436;0.0104;-16.1372;-49.0480;Não_acidente;Não_acidente;0-Nao_Acidente
1532;142.00;43242;2;0.3000;4;1;3;60;3;0.0;4.4;4.4;2;6;7.53;0;5.8897;2.4536;0.0000;0.0083;226019.5997;15127.9733;0.3903;0.0669;0.0001;4971692.0910;16327.4814;662.8100;662.8100;-0.0851;0.1366;1985.1507;3763.2603;0.9949;7.9551;60.0595;0.1652;-17.7276;-50.8811;Não_acidente;Não_acidente;0-Nao_Acidente
1533;36.00;42771;3;0.3500;1;0;1;60;4;100.1;109.2;9.1;1;1;9.26;1;6.0212;2.9460;0.0035;0.0101;277808.7984;18580.5866;0.3921;0.0669;0.0001;35499151.7900;23867.5341;5643.5460;5643.5460;0.7046;0.0157;2347.0098;4430.9799;0.9955;8.8131;62.6969;0.0190;-16.4042;-48.9792;Não_acidente;Não_acidente;0-Nao_Acidente
1534;115.00;43215;4;0.4000;1;1;7;153;4;496.8;501.3;4.5;1;1;6.15;1;8.1779;5.2360;0.0039;0.0082;184363.8059;12350.9005;0.3885;0.0670;0.0002;8880756.8080;14554.9349;5726.7055;5726.7055;1.3570;0.0280;1551.3433;2971.9824;0.9934;7.1912;62.0340;0.0337;-16.6701;-49.2272;Não_acidente;Não_acidente;0-Nao_Acidente
1535;105.00;43205;5;0.2800;2;0;1;60;4;470.0;473.1;3.1;1;1;3.00;1;7.3199;2.4285;-0.0019;0.0089;90152.3578;6070.1572;0.3818;0.0673;0.0002;1965899.5650;6753.9694;747.6912;747.6912;0.0807;0.0425;798.2458;1377.4626;0.9849;5.0542;65.4481;0.0509;-17.9168;-51.6948;Não_acidente;Não_acidente;0-Nao_Acidente
1536;309.00;43409;6;0.0500;2;1;5;60;2;38.7;50.9;12.2;1;1;12.15;1;4.7264;2.3770;0.0020;0.0082;364350.2289;24349.9989;0.3944;0.0668;0.0001;44686798.4400;30068.7017;4078.9887;4078.9887;1.2504;0.0211;3044.0131;5962.6342;0.9967;10.0851;61.1056;0.0255;-16.7546;-49.3368;Não_acidente;Não_acidente;0-Nao_Acidente
1537;221.00;42956;7;0.9100;2;0;1;40;4;0.0;24.1;24.1;1;1;24.59;1;4.6421;2.4252;0.0026;0.0110;737608.5782;49237.1865;0.3998;0.0668;0.0001;194859822.9000;61797.3030;22069.1327;22069.1327;-1.1809;0.0137;6570.9312;11956.6449;0.9984;14.3324;61.6903;0.0153;-16.1665;-47.9302;Não_acidente;Não_acidente;0-Nao_Acidente
1538;90.00;43190;1;0.5100;1;1;4;251;4;211.3;230.8;19.5;2;6;19.30;0;8.6655;3.3603;-0.0003;0.0081;579056.2821;38663.7503;0.3980;0.0668;0.0001;91523109.8600;43164.6044;5798.5734;5798.5734;0.0789;0.0059;4200.3841;8372.3562;0.9974;12.7023;69.1629;0.0071;-15.3490;-49.4772;Não_acidente;Não_acidente;0-Nao_Acidente
1539;86.00;42821;2;0.9900;4;0;0;50;4;154.5;163.5;9.0;1;5;8.76;0;2.9619;1.2997;0.0002;0.0059;262805.9584;17580.3973;0.3916;0.0669;0.0001;20546236.1000;21052.5707;7937.9202;7937.9202;1.3116;0.0206;2319.3561;4252.8839;0.9954;8.5734;61.7948;0.0248;-17.2794;-47.7614;Não_acidente;Não_acidente;0-Nao_Acidente
1540;118.00;42853;3;0.1300;4;1;5;154;4;39.1;41.0;1.9;2;6;1.83;0;3.9635;2.5494;0.0025;0.0055;54961.2141;3724.0075;0.3767;0.0678;0.0003;1045941.6750;4407.2002;1511.7045;1511.7045;1.2319;0.0880;383.8166;844.0496;0.9754;3.9712;65.1161;0.1043;-18.4867;-49.5183;Não_acidente;Não_acidente;0-Nao_Acidente
1541;293.00;43393;4;0.1300;4;0;4;352;4;45.9;52.6;6.7;2;6;6.65;1;4.8140;1.6521;0.0003;0.0059;199496.5664;13359.7704;0.3892;0.0670;0.0001;8498943.5580;15182.0898;6225.9642;6225.9642;-1.3954;0.0281;2388.7315;3266.5851;0.9940;7.4778;61.0719;0.0339;-16.9816;-48.9622;Não_acidente;Não_acidente;0-Nao_Acidente
1542;235.00;43335;5;0.3400;1;1;0;60;4;349.9;381.1;31.2;1;1;31.20;0;4.8788;1.9706;-0.0004;0.0055;935944.6761;62456.3115;0.4016;0.0667;0.0001;446696771.0000;84577.1279;21763.8698;21763.8698;0.8132;0.0090;8071.9274;15183.9966;0.9987;16.1395;61.6402;0.0105;-17.7681;-50.8833;Não_acidente;Não_acidente;0-Nao_Acidente
1543;310.00;43410;6;0.4200;4;0;3;153;4;31.9;57.8;25.9;1;5;25.73;0;4.0933;1.9882;0.0027;0.0072;771196.2033;51473.0303;0.4002;0.0667;0.0001;216895374.3000;65778.9598;23761.4399;23761.4399;-1.1958;0.0251;6615.9612;12765.0416;0.9985;14.6534;60.4147;0.0295;-13.1348;-49.1918;Não_acidente;Não_acidente;0-Nao_Acidente
1544;80.00;43180;7;0.6300;4;1;0;60;4;304.4;328.0;23.6;1;1;23.77;1;2.9372;1.3469;-0.0011;0.0057;713104.7720;47600.3187;0.3996;0.0668;0.0001;258673504.2000;64668.2129;17810.2531;17810.2531;0.9189;0.0154;6328.9865;11637.6791;0.9983;14.0920;61.2755;0.0160;-17.4045;-50.3945;Não_acidente;Não_acidente;0-Nao_Acidente
1545;92.00;42827;1;0.6200;4;0;5;158;4;9.8;39.7;29.9;1;5;30.04;0;3.7112;1.5908;0.0006;0.0054;901294.3420;60146.2899;0.4013;0.0667;0.0001;165154692.1000;67044.1499;27521.0415;27521.0415;-1.4022;0.0098;7450.6892;14174.6875;0.9986;15.8386;63.5848;0.0104;-16.0460;-52.1703;Não_acidente;Não_acidente;0-Nao_Acidente
1546;47.00;43147;2;0.0600;3;1;3;158;4;94.0;119.9;25.9;1;5;20.14;0;5.6966;4.1813;0.0008;0.0131;604202.7248;40340.1817;0.3983;0.0668;0.0001;125524203.4000;48619.6271;16868.4570;16868.4570;-1.1667;0.0228;4545.0986;9268.4530;0.9978;12.9744;65.1892;0.0216;-16.5278;-51.7667;Não_acidente;Não_acidente;0-Nao_Acidente
1547;273.00;43008;3;0.2600;1;0;6;50;4;106.7;119.2;12.5;1;5;12.82;0;3.2280;1.2604;0.0014;0.0049;384501.7563;25693.4506;0.3948;0.0668;0.0001;41327229.0300;30260.7375;11553.2648;11553.2648;-0.2463;0.0145;3324.8161;6302.2850;0.9969;10.3589;61.0099;0.0175;-16.8936;-47.6810;Não_acidente;Não_acidente;0-Nao_Acidente
1548;48.00;43148;4;0.5900;4;1;6;359;4;43.9;113.9;70.0;2;6;64.60;0;4.0921;2.4827;0.0014;0.0071;1937702.9870;129240.0712;0.4065;0.0667;0.0000;1196677558.0000;148561.3783;50658.0233;50658.0233;1.1817;0.0033;15707.6194;28678.0065;0.9993;23.2110;67.5676;0.0038;-17.6381;-52.9137;Não_acidente;Não_acidente;0-Nao_Acidente
1549;203.00;43303;5;0.9300;2;0;4;60;4;349.9;381.1;31.2;1;1;31.20;0;4.8788;1.9706;-0.0004;0.0055;935944.6761;62456.3115;0.4016;0.0667;0.0001;446696771.0000;84577.1279;21763.8698;21763.8698;0.8132;0.0090;8071.9274;15183.9966;0.9987;16.1395;61.6402;0.0105;-17.6684;-50.8211;Não_acidente;Não_acidente;0-Nao_Acidente
1550;226.00;43326;6;0.2200;3;1;7;10;4;160.9;161.9;1.0;2;6;0.97;1;6.7096;2.3755;-0.0016;0.0030;29121.9025;2001.4602;0.3698;0.0687;0.0004;100875.1251;2148.3284;970.1895;970.1895;-1.4944;0.6366;485.5968;485.5968;0.9607;2.9321;59.9714;1.0000;-14.1404;-47.5218;Não_acidente;Não_acidente;0-Nao_Acidente
1551;132.00;43232;7;0.2000;4;0;3;80;4;130.0;135.0;5.0;1;5;4.09;0;5.2016;1.6269;-0.0041;0.0062;122701.8347;8240.1223;0.3848;0.0672;0.0002;5545220.9480;10574.1524;3844.8177;3844.8177;-1.2223;0.3085;1109.0957;2047.8785;0.9907;5.8810;59.9166;0.3827;-14.9986;-48.9056;Não_acidente;Não_acidente;0-Nao_Acidente
1552;220.00;43320;1;0.5800;1;1;3;60;4;512.8;592.2;79.4;2;6;79.43;0;7.0906;4.1595;-0.0008;0.0115;2383256.9890;158943.7713;0.4078;0.0667;0.0000;1933100711.0000;190171.7278;29453.4414;29453.4414;-1.1514;0.0064;15928.4015;36295.2295;0.9994;25.7394;65.6631;0.0061;-17.8893;-52.3340;Não_acidente;Não_acidente;0-Nao_Acidente
1553;240.00;43340;2;0.8600;2;0;1;50;4;95.7;106.7;11.0;1;5;10.60;1;4.5388;1.4948;0.0031;0.0044;317853.8229;21250.2536;0.3932;0.0669;0.0001;55655353.8600;29841.2573;7429.7188;7429.7188;0.7724;0.0829;3025.8634;5273.4166;0.9964;9.4230;60.2747;0.0933;-16.7594;-47.6107;Não_acidente;Não_acidente;0-Nao_Acidente
1554;336.00;43436;3;0.4300;2;1;7;352;4;85.9;86.9;1.0;2;6;2.16;1;5.7327;2.5773;-0.0010;0.0083;64872.3622;4384.8237;0.3784;0.0676;0.0003;1797605.0820;5711.4661;1918.9854;1918.9854;-1.0946;0.1721;765.4157;1069.5769;0.9819;4.3039;60.6524;0.2134;-17.2065;-48.7085;Não_acidente;Não_acidente;0-Nao_Acidente
1555;100.00;42835;4;0.9800;3;0;5;457;4;189.7;195.3;5.6;2;6;5.40;1;5.5631;1.3912;-0.0008;0.0052;162075.3630;10865.0233;0.3874;0.0670;0.0002;9141336.6490;13657.7366;1827.9210;1827.9210;-0.3700;0.0528;1738.1322;2684.8175;0.9928;6.7470;60.3674;0.0637;-16.6297;-48.7530;Não_acidente;Não_acidente;0-Nao_Acidente
1556;330.00;43430;5;0.1600;1;1;5;251;4;174.1;181.4;7.3;2;6;7.55;1;5.6740;2.6926;-0.0002;0.0060;226392.8405;15152.8560;0.3903;0.0669;0.0001;2606632.0500;15773.8520;345.6486;345.6486;0.0432;0.2713;2309.6517;3774.7502;0.9949;7.9617;59.9756;0.3276;-15.3268;-49.1423;Não_acidente;Não_acidente;0-Nao_Acidente
1557;143.00;42878;6;0.8400;3;0;5;158;4;454.3;455.3;1.0;2;6;1.05;0;3.5375;1.8252;0.0012;0.0052;31338.8228;2149.2548;0.3706;0.0686;0.0004;486525.2517;2906.4239;930.1521;930.1521;1.0850;0.3858;292.9096;522.8325;0.9635;3.0352;59.9405;0.4580;-19.1040;-51.7275;Não_acidente;Não_acidente;0-Nao_Acidente